region_id,region_name,acronym,hierarchy_level,is_lowest_level,n_A,n_B,n_A_eff,n_B_eff,mean_A,mean_B,median_A,median_B,std_A,std_B,sem_A,sem_B,mean_diff,ci_low,ci_high,fold_change,log2_fold_change,log2fc_ci_low,log2fc_ci_high,p_value,p_corrected,significant_uncorrected,significant_corrected
5556,"Layer 6b, isocortex",6b,5,False,6,6,0,0,,,,,,,,,,,,,,,,,,,
5805,Dopaminergic A13 group,A13,7,False,6,6,0,0,,,,,,,,,,,,,,,,,,,
5595,Anterior amygdalar area,AAA,6,True,6,6,6,6,158.480999789834,118.89618082565795,130.89317859634144,123.03865876594207,109.99416639353151,42.187217113238056,44.90493039115694,17.222859265907264,39.58481896417604,-36.007018611326295,134.60323800390196,1.3329360008814815,0.41460751303945054,-0.4625204173517377,1.1927995272201726,0.5111488851114888,0.9207766723327667,0.0,0.0
5220,Anterior cingulate area,ACA,6,False,6,6,6,6,724.4184397257355,1018.0321783878411,697.3285858989079,974.7669427940966,322.1187930972815,354.6290021982053,131.504446608248,144.77668389632285,-293.61373866210556,-637.2747455814947,43.36893792683546,0.7115869764283157,-0.49088798846191645,-1.1039538942884128,0.07073997231750907,0.15508449155084492,,0.0,
5221,"Anterior cingulate area, layer 1",ACA1,7,False,6,6,0,0,,,,,,,,,,,,,,,,,,,
5222,"Anterior cingulate area, layer 2/3",ACA2/3,7,False,6,6,0,0,,,,,,,,,,,,,,,,,,,
5223,"Anterior cingulate area, layer 5",ACA5,7,False,6,6,0,0,,,,,,,,,,,,,,,,,,,
5224,"Anterior cingulate area, layer 6a",ACA6a,7,False,6,6,0,0,,,,,,,,,,,,,,,,,,,
5225,"Anterior cingulate area, layer 6b",ACA6b,7,False,6,6,0,0,,,,,,,,,,,,,,,,,,,
5226,"Anterior cingulate area, dorsal part",ACAd,7,True,6,6,6,6,746.6509113092671,1063.8549345944193,716.6519288619864,987.3256765322824,351.40132152569095,443.79438596238316,143.45898877960562,181.17829938660276,-317.2040232851522,-722.6808762366218,72.3726373808441,0.7018352662846067,-0.5107956518272442,-1.1848587307275755,0.11733929788953928,0.21207879212078792,0.8185935504810175,0.0,0.0
5227,"Anterior cingulate area, dorsal part, layer 1",ACAd1,8,False,6,6,6,6,1131.7555392025804,1638.683681820696,925.1175095092967,1497.971380004641,572.2076945627496,560.8612414382891,233.6028130955108,228.97064300462148,-506.92814261811554,-1080.5538164827449,66.55046851226568,0.6906491788245052,-0.5339750275363288,-1.2074877946780647,0.0669922379259734,0.1543845615438456,,0.0,
5228,"Anterior cingulate area, dorsal part, layer 2/3",ACAd2/3,8,False,6,6,6,6,822.591192169121,1258.4394311427538,673.2274557692333,945.7505139048224,496.6059284869635,961.4843845479936,202.73852133902227,392.5243562994179,-435.8482389736329,-1292.9587939392081,259.5411356988106,0.6536597406377745,-0.6133882515763153,-1.592640713775167,0.4037110449869794,0.41535846415358463,,0.0,
5229,"Anterior cingulate area, dorsal part, layer 5",ACAd5,8,False,6,6,6,6,626.3252159280729,906.2245994122276,488.67652549414424,732.0213429550436,409.8432761045556,485.45107026439285,167.31781682779385,198.18456953929103,-279.89938348415467,-747.3537706073855,169.74039039639734,0.6911368509906971,-0.5329566900661628,-1.4889734117502675,0.3260534017673614,0.3120687931206879,,0.0,
5230,"Anterior cingulate area, dorsal part, layer 6a",ACAd6a,8,False,6,6,6,6,530.8940892134716,623.9866408507405,526.8260662276543,570.93244950093,294.1767571186868,308.1477609380955,120.09715818790694,125.80079661324463,-93.09255163726891,-400.098586951776,217.09446393498692,0.8508100245377899,-0.23309106315699982,-1.0871986813757188,0.5500420988964143,0.6064393560643936,,0.0,
5231,"Anterior cingulate area, dorsal part, layer 6b",ACAd6b,8,False,6,6,6,6,371.8166640424951,567.1822232614757,370.3816109894715,719.7057084976095,353.05502432293804,296.52761917810057,144.13411011951703,121.05689360477896,-195.36555921898054,-520.1809820323076,145.75120185458331,0.6555506304559983,-0.609220885779797,-2.1187532868800933,0.44178993476544937,0.2947705229477052,,0.0,
5232,"Anterior cingulate area, ventral part",ACAv,7,True,6,6,6,6,692.9529255292045,955.168918603243,669.7097796657674,957.8453588071884,292.13300477577775,251.9859773684074,119.26279978778281,102.872844481518,-262.21599307403847,-540.9174404148534,18.32141302336969,0.7254768366442654,-0.4629985428860801,-1.0314409103667737,0.029180560978071517,0.1347865213478652,0.8185935504810175,0.0,0.0
5233,"Anterior cingulate area, ventral part, layer 1",ACAv1,8,False,6,6,6,6,1307.5178815358297,1732.5788595762021,1390.844295462712,1693.1946925579837,532.3198597859027,256.8871043833103,217.31867273755807,104.87372120669838,-425.06097804037245,-868.2912674598643,-7.13665465330412,0.754665725204367,-0.4060903423444326,-0.9559265864747287,-0.006243323208518266,0.10888911108889111,,0.0,
5234,"Anterior cingulate area, ventral part, layer 2/3",ACAv2/3,8,False,6,6,6,6,768.2217657891352,1131.0159006928322,751.794207764526,1005.3532063372265,343.850669169475,470.2469701264622,140.37644786329352,191.97752164993946,-362.794134903697,-789.0330157048634,31.362442200696986,0.6792316229316862,-0.558024466996573,-1.2278732168751536,0.0477024555854047,0.15278472152784722,,0.0,
5235,"Anterior cingulate area, ventral part, layer 5",ACAv5,8,False,6,6,6,6,451.64897004701874,630.3498353794877,375.94685726338275,607.2744482304518,273.1514876211162,251.2063899831729,111.51362785898174,102.55457926422882,-178.70086533246894,-436.83696647494395,98.59276720383222,0.7165052558078544,-0.4809508077061282,-1.2577682126402454,0.25861207797564983,0.26077392260773924,,0.0,
5236,"Anterior cingulate area, ventral part, 6a",ACAv6a,8,False,6,6,6,6,398.00545977439043,545.0417432001758,386.8688145966236,537.0983910633887,254.13271151920785,245.68037439112146,103.74924502866268,100.29859284569717,-147.03628342578537,-405.85512916821386,108.87208360158894,0.7302293168180628,-0.4535785044780262,-1.3788509279599268,0.32361880328894366,0.32636736326367366,,0.0,
5237,"Anterior cingulate area, ventral part, 6b",ACAv6b,8,False,6,6,6,6,387.351190043807,509.11625769072504,427.5230829727118,471.3604506955593,264.40934838165686,292.75688058398737,107.9446644594754,119.51749601994615,-121.76506764691806,-417.15167581550537,151.157393806465,0.7608305258228717,-0.39435296413342447,-1.5415179412121274,0.5205774492856453,0.48155184481551844,,0.0,
5575,Nucleus accumbens,ACB,6,False,6,6,6,6,545.6576136736247,692.3266436656623,512.7190412527411,642.1449650155622,255.2802170273386,184.1072312787246,104.21771219065494,75.16146243157438,-146.66902999203762,-374.9492901038209,87.36071763865242,0.7881505336621613,-0.34345688979091504,-0.9769494165267886,0.18800045798688808,0.28077192280771923,,0.0,
5576,"Nucleus accumbens, core",ACBc,7,True,6,6,6,6,639.5041516017922,786.835759349507,620.8690326069864,760.1319275796186,290.7106810047276,151.04093425729326,118.68213853976546,61.6622032006047,-147.33160774771488,-382.07073808782616,100.46312267930684,0.8127543060962088,-0.2991088003332336,-0.8893750673063414,0.18175090448740874,0.29717028297170284,0.8525072492750725,0.0,0.0
5577,"Nucleus accumbens, shell",ACBsh,7,True,6,6,6,6,517.6505111423501,663.7536307777963,480.3296476548044,617.1951954023749,244.92814759705507,197.48474594825646,99.99149754297846,80.62280992606601,-146.1031196354462,-373.98659199524104,87.16695687716889,0.7798835096928353,-0.35866944852696014,-0.9997758398860551,0.2010384710972042,0.27947205279472054,0.8481592630210664,0.0,0.0
5968,Accessory abducens nucleus,ACVI,6,False,6,6,0,0,,,,,,,,,,,,,,,,,,,
5970,Accessory facial motor nucleus,ACVII,6,True,6,6,6,6,0.0,151.76805765041055,0.0,0.0,0.0,236.2799359934178,0.0,96.4608799402238,-151.76805765041055,-328.2051282051281,0.0,0.0,,,,0.45455454454554545,0.9007712962609318,0.0,0.0
5681,Anterodorsal nucleus,AD,7,True,6,6,6,6,31.859870102175847,50.11966206560371,21.947833534765458,59.40948658456432,31.70062498673241,32.344576742042435,12.941725957469528,13.204618160716048,-18.259791963427865,-49.24774639157175,16.063765119284415,0.6356760757978204,-0.6536363024720748,-2.3488506947144385,0.6006143700420737,0.34906509349065096,0.8901935893367185,0.0,0.0
5737,Anterodorsal preoptic nucleus,ADP,6,True,6,6,6,6,128.92760154907174,176.2949307263848,102.49192515202365,199.35836945016155,137.58211849922606,143.11672117449564,56.167664675705666,58.42715675628119,-47.36732917731305,-184.3208989449609,104.49875594368737,0.7313176902923623,-0.4514298342038429,-2.2426411265367343,1.0924836057017446,0.5620437956204379,0.9457680430040064,0.0,0.0
5738,Anterior hypothalamic area,AHA,6,False,6,6,0,0,,,,,,,,,,,,,,,,,,,
5759,Anterior hypothalamic nucleus,AHN,6,True,6,6,6,6,82.81561833647697,78.7287190554341,49.64759320006016,77.66760984021494,98.05667026966412,19.58693318850173,40.031468006169085,7.996331989635734,4.086899281042875,-54.588608787840144,85.86059044088783,1.051911161899703,0.07301286841475371,-1.5658247671271694,1.0936354247869484,0.9732026797320268,1.0,0.0,0.0
5760,"Anterior hypothalamic nucleus, anterior part",AHNa,7,False,6,6,0,0,,,,,,,,,,,,,,,,,,,
5761,"Anterior hypothalamic nucleus, central part",AHNc,7,False,6,6,0,0,,,,,,,,,,,,,,,,,,,
5762,"Anterior hypothalamic nucleus, dorsal part",AHNd,7,False,6,6,0,0,,,,,,,,,,,,,,,,,,,
5763,"Anterior hypothalamic nucleus, posterior part",AHNp,7,False,6,6,0,0,,,,,,,,,,,,,,,,,,,
5278,Agranular insular area,AI,6,False,6,6,6,6,781.640388313111,960.894898490862,655.8365344016248,1015.5202365987034,348.8717831785249,203.31629949386232,142.42630907371228,83.00353169180808,-179.25451017775106,-452.0138407398087,134.230326877168,0.8134504507628461,-0.29787362436242065,-0.8341770447832335,0.19994507993303925,0.3000699930006999,,0.0,
5279,"Agranular insular area, dorsal part",AId,7,True,6,6,6,6,715.6168843124623,861.4108242649054,624.1672077186386,926.4763262959295,338.33673325113006,198.7826333072852,138.1253929509019,81.15267022160415,-145.7939399524431,-414.5313717352921,158.36021739560857,0.8307498166431122,-0.2675140253908824,-0.8557335444029714,0.26066911339779536,0.3842615738426157,0.8901935893367185,0.0,0.0
5280,"Agranular insular area, dorsal part, layer 1",AId1,8,False,6,6,6,6,97.43141998042722,134.04538448392205,86.30702388570083,126.5625314107599,49.42003651152747,40.730015468614695,20.175645420492785,16.627959185628647,-36.61396450349483,-82.66924451187657,10.547059300341836,0.7268539708065334,-0.46026254746161055,-1.1351077677721095,0.12328119057488822,0.1927807219278072,,0.0,
5281,"Agranular insular area, dorsal part, layer 2/3",AId2/3,8,False,6,6,6,6,691.282018773907,827.7846311228396,684.2437885122176,886.995539512712,335.921866248963,180.9260568770628,137.1395276255696,73.86275342042853,-136.50261234893264,-405.91792097586756,146.13427120520535,0.835098880533968,-0.25998106375563457,-0.9099111797547578,0.2525763976261961,0.40785921407859216,,0.0,
5282,"Agranular insular area, dorsal part, layer 5",AId5,8,False,6,6,6,6,858.2139871149802,1079.5600525620403,750.81130577824,1131.111092278859,398.05021347877334,255.80301294375658,162.50331917148495,104.43114272979406,-221.34606544706003,-546.4952834342903,139.83696734753522,0.7949664171791502,-0.3310341788833865,-0.9043269618107898,0.18527025430107924,0.2638736126387361,,0.0,
5283,"Agranular insular area, dorsal part, layer 6a",AId6a,8,False,6,6,6,6,902.5618694770342,988.68196188953,802.5081879004217,995.8528396051772,490.4354248314006,300.6370731174543,200.2194237703377,122.73457115026011,-86.12009241249586,-486.8378114329133,351.52890070824907,0.9128940390012714,-0.13148068076652042,-0.8503313174529822,0.49253535633054396,0.7250274972502749,,0.0,
5284,"Agranular insular area, dorsal part, layer 6b",AId6b,8,False,6,6,6,6,802.9385152590984,832.9315442868397,850.0448532334069,876.6713417484804,429.8516518409668,226.6016821991075,175.48620201714235,92.50974937402123,-29.993029027741272,-383.7301660564955,322.85947247892545,0.9639910035422882,-0.052908412338235636,-0.8056516914404093,0.5265391997691435,0.8762123787621238,,0.0,
5285,"Agranular insular area, posterior part",AIp,7,True,6,6,6,6,895.3625283300411,1101.7266363957076,677.8957523442234,1053.4809337705888,421.9233027275945,240.15913159974792,172.2494670454074,98.04455491488301,-206.36410806566653,-530.3832615768597,167.61179235993995,0.8126902797405484,-0.2992224560144547,-0.8591073053881666,0.22318415979948153,0.31596840315968405,0.8789666487896666,0.0,0.0
5286,"Agranular insular area, posterior part, layer 1",AIp1,8,False,6,6,6,6,231.02004273729642,310.8418468183796,161.51653296349673,310.4575042964442,172.9992803156344,107.1998275224186,70.62666044033638,43.76414632404837,-79.8218040810832,-215.70526499018052,72.27781495239208,0.7432076636460022,-0.4281627166233649,-1.4307334195499435,0.3523030650349648,0.3447655234476552,,0.0,
5287,"Agranular insular area, posterior part, layer 2/3",AIp2/3,8,False,6,6,6,6,961.7442674987497,1141.955490109149,687.4016470507838,1157.8483292723097,566.7271283311428,262.27604335360326,231.36538130068337,107.07374632873456,-180.21122261039932,-585.1564231772913,302.9957756283435,0.8421906771575006,-0.24778118956924727,-0.9547743330797958,0.3540942297361824,0.49365063493650635,,0.0,
5288,"Agranular insular area, posterior part, layer 5",AIp5,8,False,6,6,6,6,1075.4095478149613,1340.4934222674797,921.9256904650553,1335.4936572884963,484.95694928183843,342.4238747896995,197.98284549288087,139.79396149690672,-265.08387445251833,-659.9526595934094,197.3346987929317,0.802249030059303,-0.31787795463640844,-0.859877773633952,0.2152743176023215,0.29347065293470653,,0.0,
5289,"Agranular insular area, posterior part, layer 6a",AIp6a,8,False,6,6,6,6,1123.0104447105005,1419.1716644599273,1077.1346394363586,1389.9995984465545,384.8468281393556,453.28693617529785,157.11305967833204,185.05361678316754,-296.1612197494269,-713.3131235207893,138.27080480020095,0.7913140269312434,-0.3376777640441969,-0.8327186351156717,0.15944411817900037,0.23917608239176083,,0.0,
5290,"Agranular insular area, posterior part, layer 6b",AIp6b,8,False,6,6,6,6,1117.3148622808324,1055.5182624076588,1088.2229965156791,1003.1523214385153,552.1400599200005,236.2602237344022,225.4102355589551,96.45283244417949,61.79659987317359,-367.0088272082633,500.0903606723767,1.0585462157065992,0.0820842582120068,-0.5757059245984127,0.598534270123561,0.8054194580541946,,0.0,
5291,"Agranular insular area, ventral part",AIv,7,True,6,6,6,6,790.1482998333148,1013.9045484095412,702.6519243075212,1071.261123213369,288.8592052329156,253.4311796405029,117.92627672108796,103.46284583847549,-223.75624857622643,-490.19059501977654,62.29543764064122,0.7793123140366407,-0.3597264821142648,-0.830201181338907,0.0989953693201486,0.17638236176382363,0.8185935504810175,0.0,0.0
5292,"Agranular insular area, ventral part, layer 1",AIv1,8,False,6,6,6,6,364.6772194475127,398.26813412159885,346.1207590313968,394.473968734452,151.1701243535479,142.5933600707541,61.71494483654552,58.21349548038343,-33.59091467408615,-183.52686957595975,115.20102179127419,0.915657538737884,-0.1271199720509905,-0.7277398593801289,0.4330388495758928,0.6944305569443056,,0.0,
5293,"Agranular insular area, ventral part, layer 2/3",AIv2/3,8,False,6,6,6,6,916.2104299938541,1219.1184969076155,847.4430097713382,1169.2058727520225,263.38934556897044,387.3072049091295,107.52825005492785,158.11750428848922,-302.90806691376144,-659.029874061744,25.279100987133006,0.7515351726004402,-0.412087469589645,-0.8578056786998006,0.03638730477679502,0.12308769123087691,,0.0,
5294,"Agranular insular area, ventral part, layer 5",AIv5,8,False,6,6,6,6,798.6140041223058,1027.3647016094803,723.5481605616196,1117.0963117485903,360.7770162160484,299.64788720414526,147.28660010885517,122.33073769220077,-228.75069748717453,-548.7456637071152,133.4874699806982,0.7773422649923525,-0.36337813552818576,-0.941653746383292,0.20697934076686508,0.2511748825117488,,0.0,
5295,"Agranular insular area, ventral part, layer 6a",AIv6a,8,False,6,6,6,6,1038.7068090241698,1287.6607103988188,947.1172416630288,1422.4595524515719,503.653883425384,338.2492046423286,205.61583689389877,138.08965954599202,-248.95390137464892,-672.2189170301888,207.4980306868232,0.8066618796673993,-0.30996401462698325,-0.952199563776299,0.24468516090365294,0.32986701329867013,,0.0,
5296,"Agranular insular area, ventral part, layer 6b",AIv6b,8,False,6,6,6,6,1063.0620761606674,654.7984665585635,1176.6666666666665,484.9598163030998,936.5887353682873,513.7649020813963,382.36075008181473,209.743642975064,408.2636096021039,-369.51656483046764,1179.9986668319648,1.623495060621969,0.6991029953249368,-0.9465932838476474,1.9910335697067463,0.3765623437656234,,0.0,
5678,Anteromedial nucleus,AM,7,False,6,6,6,6,10.800254534773975,7.546984405934199,11.052462046717459,8.207401958181405,9.974434103492426,4.414013758489919,4.072045671095237,1.80201357098748,3.253270128839776,-4.7153481237861525,11.307482481171862,1.431068881801548,0.5170931151406379,-1.0820423962678838,1.66506718321729,0.4634536546345365,,0.0,
5972,Nucleus ambiguus,AMB,6,False,6,6,6,6,69.09898250398703,53.68030025044203,58.847110934829544,35.88196853164429,67.74238922858304,62.142775594502204,27.655714594506634,25.369681901134996,15.418682253545,-55.212662828134846,81.2700020381482,1.2872316693761048,0.36427172580560835,-1.5241356868625406,2.0814810894603317,0.6807319268073193,,0.0,
5973,"Nucleus ambiguus, dorsal division",AMBd,7,True,6,6,6,6,102.35018432985044,65.23983776646857,106.09625668449195,31.93612774451097,92.00787789932747,99.48404674177895,37.562058861608286,40.6141920107583,37.11034656338187,-69.6860117346445,126.75555853492006,1.5688295347425822,0.6496886010363578,-1.238668897793043,3.2632219103489257,0.44825517448255175,0.9007712962609318,0.0,0.0
5974,"Nucleus ambiguus, ventral division",AMBv,7,True,6,6,6,6,27.74207804037752,39.36719910592001,0.0,38.69407496977025,42.9783330570603,43.13203469284736,17.5458309975314,17.608579427582967,-11.625121065542487,-52.51968574792576,29.79633267323739,0.704700325916905,-0.5049182135838076,-2.2356048466323672,1.6456779495190925,1.0,1.0,0.0,0.0
5679,"Anteromedial nucleus, dorsal part",AMd,8,True,6,6,6,6,12.473749904578122,8.12104917376213,7.7991598016732855,8.112528388730466,14.676423526118368,7.481135913817683,5.991624814661445,3.054160947543879,4.352700730815993,-7.125738334466792,17.051856952026462,1.5359776351162735,0.6191572095865778,-1.5071056824547042,2.3357699918451806,0.599040095990401,0.9457680430040064,0.0,0.0
5680,"Anteromedial nucleus, ventral part",AMv,8,True,6,6,6,6,8.212837149618956,6.6282267920821,4.276931301790964,4.0040040040040035,10.208469536736152,7.8135354595050375,4.1675902366249575,3.1898624938217064,1.5846103575368558,-7.717889370155184,11.154998071761627,1.2390700269082204,0.30925772470074653,-1.892624420240561,2.3522576327801032,0.6755324467553244,0.9577027191540665,0.0,0.0
6073,Ansiform lobule,AN,5,False,6,6,6,6,453.46130387195603,673.7592853693035,360.9275218553314,655.6598626275251,302.6635355306602,228.6960058923555,123.56187096614072,93.36475344146768,-220.29798149734745,-481.6772566826921,59.054145378689306,0.6730316208160354,-0.5712538068083661,-1.4733398427182038,0.14375400906757607,0.18088191180881913,,0.0,
6074,Crus 1,ANcr1,6,True,6,6,6,6,397.10537294635355,636.7602577882544,308.4206660286884,580.2234585558876,248.60142794517142,319.91983814370195,101.49110796549147,130.6067270076421,-239.65488484190087,-538.8188044797081,50.44997119550093,0.6236340413669555,-0.681228414492965,-1.5569470046109593,0.14997982586686953,0.17718228177182282,0.8185935504810175,0.0,0.0
6077,"Crus 1, granular layer",ANcr1gr,7,False,6,6,0,0,,,,,,,,,,,,,,,,,,,
6075,"Crus 1, molecular layer",ANcr1mo,7,False,6,6,0,0,,,,,,,,,,,,,,,,,,,
6076,"Crus 1, Purkinje layer",ANcr1pu,7,False,6,6,0,0,,,,,,,,,,,,,,,,,,,
6078,Crus 2,ANcr2,6,True,6,6,6,6,515.2542750078859,713.2765783381037,418.320515172804,672.4300452977445,372.57707719203466,199.4702962642297,152.1039548296709,81.43340744819206,-198.02230333021782,-493.4175128240218,108.70103186575454,0.7223765516153647,-0.46917703127300386,-1.4673943593449776,0.22739466827705548,0.2742725727427257,0.8481592630210664,0.0,0.0
6081,"Crus 2, granular layer",ANcr2gr,7,False,6,6,0,0,,,,,,,,,,,,,,,,,,,
6079,"Crus 2, molecular layer",ANcr2mo,7,False,6,6,0,0,,,,,,,,,,,,,,,,,,,
6080,"Crus 2, Purkinje layer",ANcr2pu,7,False,6,6,0,0,,,,,,,,,,,,,,,,,,,
5386,Accessory olfactory bulb,AOB,6,False,6,6,6,6,380.94460638248205,497.1084093224844,329.74143066494264,459.52675580433595,286.59597263606065,172.46852829579151,117.00231588249983,70.40998183557528,-116.16380294000237,-351.85122238723164,129.32653527825272,0.7663209860031869,-0.38397927987012503,-1.4639900009364708,0.3654772708893225,0.4062593740625937,,0.0,
5387,"Accessory olfactory bulb, glomerular layer",AOBgl,7,True,6,6,6,6,341.9481720262433,446.16891729877335,293.15405460737844,444.6711977281027,380.8476253962983,334.72531517295454,155.4803919952605,136.65103769433645,-104.22074527253005,-454.3033186191556,271.5858489477714,0.7664096685544334,-0.38381233354245936,-2.2722271319288243,0.9975763116228207,0.6115388461153884,0.9457680430040064,0.0,0.0
5388,"Accessory olfactory bulb, granular layer",AOBgr,7,True,6,6,6,6,539.9331879236986,641.6935494605783,508.67692059173913,619.3612296781951,405.8140434271805,177.40630427999392,165.67288947537432,72.42582043981943,-101.76036153687971,-407.1230727819137,234.71046234382365,0.841419067368806,-0.24910358354708076,-1.3084681995542988,0.48245223451395913,0.5985401459854015,0.9457680430040064,0.0,0.0
5389,"Accessory olfactory bulb, mitral layer",AOBmi,7,True,6,6,6,6,270.72979879003384,407.73193596696086,254.2176125961113,445.432678899404,225.23149903260386,164.38155710368721,91.95037443867375,67.10848967136819,-137.00213717692702,-336.2643925443126,70.99262904915763,0.6639896827016549,-0.5907672702290163,-1.8945366231154586,0.28905265453049495,0.2656734326567343,0.8481592630210664,0.0,0.0
5390,Anterior olfactory nucleus,AON,6,True,6,6,6,6,413.94964832135514,438.85579646146266,407.99083749589164,446.29477493389044,230.80304314506745,113.83369889269346,94.224947797831,46.472412970120246,-24.90614814010752,-211.72017940356048,164.58683306436268,0.9432475352019314,-0.08429166975030389,-0.8449778692469012,0.4953932124604987,0.807919208079192,1.0,0.0,0.0
5396,"Anterior olfactory nucleus, layer 1",AON1,7,False,6,6,0,0,,,,,,,,,,,,,,,,,,,
5397,"Anterior olfactory nucleus, layer 2",AON2,7,False,6,6,0,0,,,,,,,,,,,,,,,,,,,
5391,"Anterior olfactory nucleus, dorsal part",AONd,7,False,6,6,0,0,,,,,,,,,,,,,,,,,,,
5392,"Anterior olfactory nucleus, external part",AONe,7,False,6,6,0,0,,,,,,,,,,,,,,,,,,,
5393,"Anterior olfactory nucleus, lateral part",AONl,7,False,6,6,0,0,,,,,,,,,,,,,,,,,,,
5394,"Anterior olfactory nucleus, medial part",AONm,7,False,6,6,0,0,,,,,,,,,,,,,,,,,,,
5395,"Anterior olfactory nucleus, posteroventral part",AONpv,7,False,6,6,0,0,,,,,,,,,,,,,,,,,,,
5939,Area postrema,AP,6,True,6,6,6,6,1612.7139392931133,527.4832704322552,1807.3179779544998,372.84298858619377,1016.6982636798057,314.0135162511826,415.06532806485853,128.19548119209176,1085.2306688608583,311.537571975905,1872.2454368999781,3.057374574119758,1.612293314776521,0.5888298747904895,2.539525062695224,0.0352964703529647,0.8185935504810175,1.0,0.0
5846,Anterior pretectal nucleus,APN,6,True,6,6,6,6,15.309025953793975,27.491467570215466,13.639445791314362,27.06326742027725,9.11330251251734,15.871365162466523,3.720490171215232,6.47945769490467,-12.18244161642149,-25.494929824678913,1.279501451439411,0.5568646313512898,-0.8446014305420744,-1.792784778814255,0.10112115497570846,0.12148785121487851,0.8185935504810175,0.0,0.0
5554,Area prostriata,APr,7,True,6,6,6,6,678.0499136082118,761.5499577129249,519.668372799023,583.1668789337837,474.4065028307049,444.7914323877991,193.67564376557507,181.5853418852919,-83.50004410471308,-564.1867071836556,379.75536760028047,0.8903551326357116,-0.16754720161773895,-1.20637773773348,0.7102808409261792,0.7603239676032397,0.994269803788852,0.0,0.0
6302,cerebral aqueduct,AQ,2,True,6,6,6,6,0.0,0.0,0.0,0.0,0.0,0.0,0.0,0.0,0.0,0.0,0.0,,,,,1.0,1.0,0.0,0.0
5735,Arcuate hypothalamic nucleus,ARH,6,True,6,6,6,6,14.66023321680584,14.374002893860137,8.787444000521742,13.441777998837578,17.889828132612017,11.035665461152497,7.30349175183118,4.505291558646606,0.2862303229457037,-13.498420209441145,17.022794111054242,1.0199130558870255,0.028446172601795768,-1.8548508609118428,1.5090486017266207,1.0,1.0,0.0,0.0
5720,Accessory supraoptic group,ASO,6,True,6,6,6,6,0.0,37.296037296037284,0.0,0.0,0.0,91.35626080310217,0.0,37.296037296037284,-37.296037296037284,-111.88811188811185,0.0,0.0,,,,1.0,1.0,0.0,0.0
5862,Anterior tegmental nucleus,AT,5,True,6,6,6,6,15.810844540126304,15.292712066905613,0.0,0.0,24.571416276353098,37.45934134722184,10.031238689097092,15.292712066905615,0.5181324732206907,-37.459299052597935,31.621689080252604,1.0338810062566968,0.0480701493257761,-2.446113903145416,1.0941732602492955,1.0,1.0,0.0,0.0
5676,Anterior group of the dorsal thalamus,ATN,6,False,6,6,6,6,37.59494898418719,54.31963895084082,28.436903580625383,37.445090438792946,23.813298205714403,37.38288857531494,9.721738282789083,15.2615003534734,-16.724689966653628,-51.08675469629017,13.862042283362973,0.6921060174610246,-0.5309350466928626,-1.4972973708795718,0.4889580300557754,0.3498650134986501,,0.0,
5121,Auditory areas,AUD,6,False,6,6,6,6,825.1060266863741,1052.355164804086,714.0793751060447,942.1278519270026,515.2698731459121,333.70639346074734,210.3580448393502,136.23506464721135,-227.24913811771182,-628.8529279351418,246.02315142134083,0.7840566134722984,-0.3509702657676443,-1.0904643871967552,0.3429931817615982,0.37176282371762825,,0.0,
5122,Dorsal auditory area,AUDd,7,True,6,6,6,6,814.9098177794549,1030.5702402243353,753.3213274913576,922.7091627249222,463.25313005265104,304.95393955282975,189.1222983960284,124.49692449266297,-215.6604224448804,-598.0112989060314,205.9692379470134,0.7907368037350513,-0.3387305204581413,-1.0557651700458495,0.29035986244955636,0.3595640435956404,0.8901935893367185,0.0,0.0
5123,"Dorsal auditory area, layer 1",AUDd1,8,False,6,6,6,6,616.1498919678565,601.0388790278172,578.4552321903436,680.9863420783614,368.7246432134583,197.1222834967423,150.5312052437922,80.47483524987801,15.111012940039359,-269.34824919395993,333.6581995578749,1.0251414899556606,0.03582304414041089,-0.7458427382924814,0.710181446822902,0.9103089691030897,,0.0,
5124,"Dorsal auditory area, layer 2/3",AUDd2/3,8,False,6,6,6,6,1004.2812906013236,1124.7144294645661,817.7953015699457,1093.6348947514052,543.6362363062286,457.63030191371547,221.93856410622652,186.82678842073585,-120.43313886324256,-624.2986968128287,403.4184077104873,0.8929211400616811,-0.16339532812510604,-0.8911477745785943,0.5156837346270134,0.6502349765023497,,0.0,
5125,"Dorsal auditory area, layer 4",AUDd4,8,False,6,6,6,6,687.0864649642846,990.9329902419594,586.0259765786161,700.6108986464162,419.38982219328585,510.1916545436696,171.21517794835245,208.2848707763829,-303.8465252776748,-785.8933839344631,177.25111326280035,0.6933732873264381,-0.5282958380755213,-1.3569238331589522,0.2953569160721825,0.2455754424557544,,0.0,
5126,"Dorsal auditory area, layer 5",AUDd5,8,False,6,6,6,6,702.935724319671,1010.0474230530763,687.0612805401711,981.3318584961423,403.0727976578994,283.68902635449285,164.55378057632402,115.8155600325795,-307.1116987334053,-654.4325733446409,69.08494022336576,0.6959432876873276,-0.5229583490229144,-1.2817289112442853,0.10427396823555696,0.15758424157584242,,0.0,
5127,"Dorsal auditory area, layer 6a",AUDd6a,8,False,6,6,6,6,877.6995648836404,1284.9176366632319,693.916064393264,1148.0502611633115,603.4619409025685,626.4861837507068,246.36230573347834,255.76191351545563,-407.21807177959147,-1069.9061557451664,219.88099760980745,0.6830784634281423,-0.5498767882651169,-1.5631894181900041,0.29107348906480535,0.29317068293170684,,0.0,
5128,"Dorsal auditory area, layer 6b",AUDd6b,8,False,6,6,6,6,1569.9448075689304,2530.9139841839847,768.7154494827329,2455.5931606054855,1444.021196250002,1191.8260855498183,589.5191847626459,486.56096195595114,-960.9691766150543,-2387.3763360241796,410.2686762678805,0.6203074531097156,-0.6889446356236271,-2.166414249885765,0.2757010143116924,0.26147385261473854,,0.0,
5136,Primary auditory area,AUDp,7,True,6,6,6,6,752.8677785124622,933.4989788045463,600.4900119808715,854.1699173894548,524.597134352161,292.75424866391086,214.1658832815112,119.51642154307427,-180.63120029208403,-565.3360858364076,301.0858753351918,0.8065009128093495,-0.3102519286424932,-1.1056328587036208,0.4451587872034669,0.48985101489851013,0.919927607239276,0.0,0.0
5137,"Primary auditory area, layer 1",AUDp1,8,False,6,6,6,6,544.675317244715,519.7495599090407,431.6990578781808,521.9753891387235,425.3419616213895,143.61353987411127,173.6451286944783,58.62998214106975,24.925757335674234,-244.6191989269545,390.27610665428205,1.0479572456781616,0.06757985933117568,-0.8135569565312153,0.8392120698162503,0.9443055694430557,,0.0,
5138,"Primary auditory area, layer 2/3",AUDp2/3,8,False,6,6,6,6,1214.3904592664624,1459.304346160785,1053.0399695420274,1354.9581202293966,743.7476053405807,453.7382343786778,303.63368841688396,185.23785850318683,-244.91388689432256,-824.8627385086451,449.18043213505575,0.8321707959421522,-0.2650484353063229,-0.986739430093682,0.42932438604427414,0.5142485751424858,,0.0,
5139,"Primary auditory area, layer 4",AUDp4,8,False,6,6,6,6,619.610337590765,820.7663279453553,469.8820009057019,658.6519901012521,558.8459667470714,409.0153519061227,228.14791055711677,166.97981818914994,-201.15599035459036,-667.8905324821076,333.68364578776345,0.7549168581779553,-0.40561033111095635,-1.482709257084391,0.5809052985118214,0.46495350464953505,,0.0,
5140,"Primary auditory area, layer 5",AUDp5,8,False,6,6,6,6,546.9800230126207,731.8715854299707,459.93665372009104,716.3757424988173,397.3765452995228,274.06996256228535,162.228295288966,111.88859368354794,-184.89156241734997,-506.76208040740806,193.71880112904432,0.7473715797987605,-0.42010239130111365,-1.3282689088897817,0.38501989366880524,0.37806219378062195,,0.0,
5141,"Primary auditory area, layer 6a",AUDp6a,8,False,6,6,6,6,736.3388186094986,1034.6838031000295,588.7163048564097,870.7310391338124,565.0661393412771,438.99413727227255,230.6872853850914,179.21860606506368,-298.3449844905309,-820.0660584776278,243.458136130954,0.7116558859850172,-0.4907482857050276,-1.5565617540774919,0.3476652250708084,0.34456554344565543,,0.0,
5142,"Primary auditory area, layer 6b",AUDp6b,8,False,6,6,6,6,1329.8121885779199,1729.5725024887222,714.183498910135,1825.9004858435244,1317.8386564818593,256.58985949616084,538.0053786159132,104.75237148967048,-399.7603139108023,-1308.5389786259782,648.5463474167841,0.7688675592751516,-0.3791929856891471,-1.919880098037546,0.4687384008409711,0.49675032496750327,,0.0,
5143,Posterior auditory area,AUDpo,7,True,6,6,6,6,858.8846444031988,1051.5210606434664,675.959288586653,1029.8461951915324,577.9473841927427,271.79474391318166,235.94603157474867,110.95973955961986,-192.63641624026764,-595.8604286659048,308.1205410848509,0.8168021322156058,-0.2919414625932131,-1.037601477525591,0.3884396819417908,0.49325067493250674,0.919927607239276,0.0,0.0
5144,"Posterior auditory area, layer 1",AUDpo1,8,False,6,6,6,6,468.16101260043973,388.8928032545625,425.23811425123597,413.81740847637843,342.83520719231734,94.47413480360296,139.96188724708784,38.56890402662346,79.26820934587721,-151.45251669268575,352.1971761262373,1.203830486659815,0.26763225815026426,-0.652410167285666,0.9819073659205615,0.7024297570242976,,0.0,
5145,"Posterior auditory area, layer 2/3",AUDpo2/3,8,False,6,6,6,6,1149.525656385542,1286.3416677662742,894.0832485066694,1181.4395149212355,715.8565737717593,358.9822822237741,292.247222459639,146.5539030246718,-136.8160113807321,-651.6925592543811,480.1156634081714,0.8936394468055191,-0.16223522458243284,-0.8746554344267232,0.4871220274937721,0.6845315468453155,,0.0,
5146,"Posterior auditory area, layer 4",AUDpo4,8,False,6,6,6,6,976.4592330231249,1213.522471129395,776.098357870397,1076.52703219984,800.1952867904945,458.8853141963072,326.67835786946,187.3391450396151,-237.0632381062701,-843.9306023879452,479.029732282245,0.8046486622652803,-0.31356910526350606,-1.251218149959288,0.5169337849392599,0.5400459954004599,,0.0,
5147,"Posterior auditory area, layer 5",AUDpo5,8,False,6,6,6,6,764.6491456925387,1058.7600875402677,608.3028073238575,1008.2344447646224,581.4131486412166,270.2010439711609,237.36092398598856,110.30911428277753,-294.110941847729,-701.4328361486942,222.73924605923514,0.7222119106028889,-0.46950588170960433,-1.3133376279028837,0.29096083982077126,0.28577142285771423,,0.0,
5148,"Posterior auditory area, layer 6a",AUDpo6a,8,False,6,6,6,6,935.6602026863164,1342.6899870065356,844.3762547645881,1294.690338407035,483.1629652697421,387.5416160292553,197.25045458682303,158.2132022275463,-407.02978432021916,-830.2572649101332,61.231403055994264,0.6968549789905911,-0.5210696437576054,-1.1661237728550635,0.07386095668374403,0.137986201379862,,0.0,
5149,"Posterior auditory area, layer 6b",AUDpo6b,8,False,6,6,6,6,1019.6604140739178,1571.7863382277947,992.1830575822969,1561.7305412175833,919.4310335518204,641.5061492853001,375.3561476469534,261.8937887677795,-552.1259241538769,-1340.169430587046,281.86708564254957,0.6487271133960837,-0.6243163577134111,-2.013797371397615,0.28336512573962386,0.24997500249975002,,0.0,
5150,Ventral auditory area,AUDv,7,True,6,6,6,6,903.4560527393738,1206.3642988859185,837.667476775325,1052.866822832933,553.230495229774,444.2243158611199,225.85540391003155,181.35381753278133,-302.9082461465447,-790.3213473313021,230.4846592065464,0.748908147873506,-0.4171393090917006,-1.20978514344458,0.2946459768856216,0.31486851314868514,0.8789666487896666,0.0,0.0
5151,"Ventral auditory area, layer 1",AUDv1,8,False,6,6,6,6,573.2710215508777,596.753758414246,598.1056070796549,506.2421124648003,417.64506024337953,242.80177343296768,170.50288186503678,99.12340892560326,-23.48273686336836,-368.70526149652017,333.2007394585274,0.9606492015638594,-0.057918393917294746,-1.0710754954637127,0.693557453496955,0.8981101889811018,,0.0,
5152,"Ventral auditory area, layer 2/3",AUDv2/3,8,False,6,6,6,6,1359.6668432560539,1701.9259262094968,1183.2189094107594,1435.7032158075262,805.7881975289315,670.6466182236917,328.9616541171439,273.79033539519315,-342.2590829534429,-1081.5400533423012,437.93550843225637,0.7988989546003821,-0.32391505345574545,-1.1183856591687347,0.38229843315898226,0.44045595440455954,,0.0,
5153,"Ventral auditory area, layer 4",AUDv4,8,False,6,6,6,6,1023.4375573492831,1415.557428789845,850.9310077084543,1214.5779537724643,545.97502110354,536.5962547006627,222.89336900149178,219.0645036508572,-392.11987144056195,-932.8663214739121,169.02964939317152,0.7229926080951843,-0.46794719780631655,-1.1764891228869654,0.19964919509712464,0.22817718228177183,,0.0,
5154,"Ventral auditory area, layer 5",AUDv5,8,False,6,6,6,6,816.2395456549866,1149.8263728250452,704.749458425471,1087.6567201337712,500.238690723748,430.5330071815893,204.22159031185123,175.76436417014992,-333.58682717005854,-789.3260373724619,164.78599940217956,0.7098806958563157,-0.4943515124658667,-1.2984804814661235,0.21866317954423628,0.23817618238176183,,0.0,
5155,"Ventral auditory area, layer 6a",AUDv6a,8,False,6,6,6,6,634.3165997036498,962.5737623000344,491.57631921665825,819.0133545443041,452.7313693482647,435.2236340557534,184.82680757579283,177.67930457273124,-328.25716259638466,-776.4168851619526,138.63572126155665,0.6589797317848907,-0.6016940018893937,-1.5564512150279723,0.2326661249036128,0.21997800219978003,,0.0,
5156,"Ventral auditory area, layer 6b",AUDv6b,8,False,6,6,6,6,1235.5966550285714,2204.72686264679,979.3035266845072,1961.5584415584408,1249.6511471423764,967.946248651082,510.16794449708055,395.1624012727135,-969.1302076182185,-2046.3556767927294,252.06834540938704,0.5604307163678448,-0.8353920649981101,-2.1946549440948635,0.17868507886492893,0.1548845115488451,,0.0,
5677,Anteroventral nucleus of thalamus,AV,7,True,6,6,6,6,21.285823670692256,10.812654251515413,18.74071757382562,11.552593761864902,10.506518177189731,8.738037793109115,4.289268084565211,3.5672889910454226,10.473169419176843,0.8280319460004492,21.0577028545041,1.9686030067694997,0.9771722032094468,0.07970421923552923,2.2704802257706085,0.09009099090090991,0.8185935504810175,0.0,0.0
5739,Anteroventral preoptic nucleus,AVP,6,True,6,6,6,6,68.36184969738486,61.687875290648215,68.26120345547021,55.66766762413849,25.616245929869358,40.10877896124773,10.457788608971056,16.374340443522343,6.67397440673664,-29.869225661616227,38.79977772431931,1.1081894031086592,0.1482044766698633,-0.6164883813109264,0.9650875765809039,0.7539246075392461,0.994269803788852,0.0,0.0
5740,Anteroventral periventricular nucleus,AVPV,6,True,6,6,6,6,52.23393939490609,55.166464766379,16.97733877831757,40.16414024863748,66.79677497670367,43.34629790316093,27.269669192738622,17.696052016902783,-2.932525371472913,-57.77248592028827,57.16340728692209,0.9468422458482398,-0.07880401775858316,-2.852821420071404,1.3829913341386681,0.9063093690630937,1.0,0.0,0.0
5923,Accessory trigeminal nucleus,Acs5,6,True,6,6,6,6,26.2080262080262,0.0,0.0,0.0,64.19629137515287,0.0,26.208026208026194,0.0,26.2080262080262,0.0,78.6240786240786,,,,,1.0,1.0,0.0,0.0
5909,Barrington's nucleus,B,6,True,6,6,6,6,599.9630095220136,263.316857794884,387.9827847960221,144.65122081221148,650.8961722864078,269.0699795609402,265.7272496053981,109.84735917090042,336.6461517271296,-114.4133213289224,906.8925549284169,2.2784830965489,1.1880736676357482,-0.5061971848627053,3.059419416292624,0.28047195280471954,0.8481592630210664,0.0,0.0
5596,Bed nucleus of the accessory olfactory tract,BA,6,True,6,6,6,6,23.23362121763212,8.366013071895422,0.0,0.0,39.13186065456267,20.49246320759782,15.975515214895315,8.366013071895422,14.867608145736698,-16.732026143790844,46.98972099853156,2.7771437861700905,1.4736018743927581,-1.144174364563416,2.705234181087418,0.7274272572742726,0.9768784749432035,0.0,0.0
5640,Bed nucleus of the anterior commissure,BAC,6,True,6,6,6,6,114.28061364814799,55.93124049333844,79.8004987531172,0.0,144.03813009028565,86.66181109329708,58.80332037097063,35.37953622734077,58.34937315480955,-56.893520409396714,179.1868905287038,2.043234025209205,1.030854455012251,-1.580202251921813,2.8069555537336957,0.5273472652734726,0.930472732194461,0.0,0.0
5562,Basolateral amygdalar nucleus,BLA,5,False,6,6,6,6,535.1298148622326,629.9895629989461,422.5696809713299,608.5914963675673,237.3016698474418,167.19025642342183,96.87800103943815,68.25513636707686,-94.8597481367135,-295.90164531761275,115.82857780386576,0.8494264767099448,-0.23543901654956897,-0.8036160936986803,0.2672437285731276,0.43215678432156784,,0.0,
5563,"Basolateral amygdalar nucleus, anterior part",BLAa,6,True,6,6,6,6,598.6026709527487,686.8704881437288,460.6442745061706,680.8061866812702,270.10818595429,249.57866198470512,110.27120515613412,101.8900620915142,-88.26781719098017,-345.1902382734681,174.89019217453693,0.8714927796220734,-0.19843938331503647,-0.8005209680403467,0.3799455989233585,0.5606439356064393,0.9457680430040064,0.0,0.0
5564,"Basolateral amygdalar nucleus, posterior part",BLAp,6,True,6,6,6,6,585.2010416960546,626.9558772814904,522.3532537082439,594.6146794762998,258.5495499202357,108.57847969900939,105.55241175513744,44.326978718285844,-41.754835585435785,-238.40700836291512,170.8986636549497,0.9334006792208621,-0.0994315777586368,-0.652977867276394,0.36387914197359644,0.7174282571742826,0.9768784749432035,0.0,0.0
5565,"Basolateral amygdalar nucleus, ventral part",BLAv,6,True,6,6,6,6,305.16639941380885,516.4538649859104,275.5365487526994,547.999428515569,169.85504967076508,177.26146735462413,69.34303365474439,72.36669101264117,-211.28746557210155,-382.3000135671354,-30.5764538464557,0.5908880155677299,-0.7590433565207684,-1.5244063755178994,-0.11300167389201661,0.0660933906609339,0.8185935504810175,0.0,0.0
5566,Basomedial amygdalar nucleus,BMA,5,False,6,6,6,6,409.518868377603,491.94341870276895,343.4768955028969,480.65226871773484,214.68275402536472,165.04385918317752,87.64386732292915,67.37887336309076,-82.42455032516597,-269.66989042526836,120.40734153907844,0.8324511576097195,-0.2645624674378632,-0.9585466215463803,0.3681382366596455,0.4617538246175382,,0.0,
5567,"Basomedial amygdalar nucleus, anterior part",BMAa,6,True,6,6,6,6,349.27256180098897,479.6153137532045,264.8337129579204,522.7921642677272,207.82932166959947,204.82433305404075,84.84596527987827,83.61918381471305,-130.3427519522155,-328.98880318469435,86.08816890559558,0.7282347994015763,-0.4575244118850558,-1.2781191367987232,0.30733786954312386,0.28087191280871915,0.8481592630210664,0.0,0.0
5568,"Basomedial amygdalar nucleus, posterior part",BMAp,6,True,6,6,6,6,461.1970186525734,501.0912981404338,439.2265323230314,469.331208003876,232.94889302135343,151.34924118831225,95.10098734141685,61.78806897813136,-39.894279487860445,-236.90057302614053,168.68231064899848,0.9203852079732587,-0.11969029749996869,-0.8000017346229884,0.468573524808605,0.7305269473052695,0.9768784749432035,0.0,0.0
5641,Brain stem,BS,2,False,6,6,6,6,167.1275014473836,204.18289728136787,144.54477240821308,198.5404302074839,109.9911674010972,55.428755244741815,44.903706057622514,22.628694571205727,-37.05539583398428,-122.12765244839613,56.62121410819734,0.8185186108760067,-0.2889128748729996,-1.1731304660656605,0.3768697753662215,0.46255374462553744,,0.0,
5623,Bed nuclei of the stria terminalis,BST,6,True,6,6,6,6,309.5955794756566,149.50930811381173,261.44749956902626,140.9717578848452,123.47192973168285,46.03863420579121,50.40720423323375,18.795193709805393,160.0862713618449,70.30682321539167,260.1866329720905,2.0707445133782683,1.0501495661033982,0.5066515417014168,1.5650483850535102,0.009299070092990702,0.49975002499750026,1.0,0.0
5624,"Bed nuclei of the stria terminalis, anterior division",BSTa,7,False,6,6,0,0,,,,,,,,,,,,,,,,,,,
5625,"Bed nuclei of the stria terminalis, anterior division, anterolateral area",BSTal,8,False,6,6,0,0,,,,,,,,,,,,,,,,,,,
5626,"Bed nuclei of the stria terminalis, anterior division, anteromedial area",BSTam,8,False,6,6,0,0,,,,,,,,,,,,,,,,,,,
5635,"Bed nuclei of the stria terminalis, posterior division, dorsal nucleus",BSTd,8,False,6,6,0,0,,,,,,,,,,,,,,,,,,,
5627,"Bed nuclei of the stria terminalis, anterior division, dorsomedial nucleus",BSTdm,8,False,6,6,0,0,,,,,,,,,,,,,,,,,,,
5628,"Bed nuclei of the stria terminalis, anterior division, fusiform nucleus",BSTfu,8,False,6,6,0,0,,,,,,,,,,,,,,,,,,,
5637,"Bed nuclei of the stria terminalis, posterior division, interfascicular nucleus",BSTif,8,False,6,6,0,0,,,,,,,,,,,,,,,,,,,
5629,"Bed nuclei of the stria terminalis, anterior division, juxtacapsular nucleus",BSTju,8,False,6,6,0,0,,,,,,,,,,,,,,,,,,,
5630,"Bed nuclei of the stria terminalis, anterior division, magnocellular nucleus",BSTmg,8,False,6,6,0,0,,,,,,,,,,,,,,,,,,,
5631,"Bed nuclei of the stria terminalis, anterior division, oval nucleus",BSTov,8,False,6,6,0,0,,,,,,,,,,,,,,,,,,,
5634,"Bed nuclei of the stria terminalis, posterior division",BSTp,7,False,6,6,0,0,,,,,,,,,,,,,,,,,,,
5636,"Bed nuclei of the stria terminalis, posterior division, principal nucleus",BSTpr,8,False,6,6,0,0,,,,,,,,,,,,,,,,,,,
5632,"Bed nuclei of the stria terminalis, anterior division, rhomboid nucleus",BSTrh,8,False,6,6,0,0,,,,,,,,,,,,,,,,,,,
5639,"Bed nuclei of the stria terminalis, posterior division, strial extension",BSTse,8,False,6,6,0,0,,,,,,,,,,,,,,,,,,,
5638,"Bed nuclei of the stria terminalis, posterior division, transverse nucleus",BSTtr,8,False,6,6,0,0,,,,,,,,,,,,,,,,,,,
5633,"Bed nuclei of the stria terminalis, anterior division, ventral nucleus",BSTv,8,False,6,6,0,0,,,,,,,,,,,,,,,,,,,
5456,Ammon's horn,CA,7,False,6,6,6,6,466.0047873843127,577.5378623010985,443.71103573177027,530.3015454399285,181.48843251862388,128.58924971630705,74.09234231469438,52.49634136871314,-111.53307491678578,-272.60192898987515,48.343323065835754,0.8068817956412385,-0.3095707538907668,-0.8077153150898254,0.12377211906238603,0.24667533246675333,,0.0,
5457,Field CA1,CA1,8,True,6,6,6,6,529.5770700000677,672.2668557529062,525.0591119987351,630.673547614382,190.1493757369944,147.04582259110785,77.62815757739872,60.03120569267227,-142.68978575283847,-319.55798908527083,26.67191406176055,0.7877482958861137,-0.3441933665830585,-0.8218731085432254,0.06071938903030073,0.18488151184881513,0.8185935504810175,0.0,0.0
5458,"Field CA1, stratum lacunosum-moleculare",CA1slm,9,False,6,6,0,0,,,,,,,,,,,,,,,,,,,
5459,"Field CA1, stratum oriens",CA1so,9,False,6,6,0,0,,,,,,,,,,,,,,,,,,,
5460,"Field CA1, pyramidal layer",CA1sp,9,False,6,6,0,0,,,,,,,,,,,,,,,,,,,
5461,"Field CA1, stratum radiatum",CA1sr,9,False,6,6,0,0,,,,,,,,,,,,,,,,,,,
5462,Field CA2,CA2,8,True,6,6,6,6,330.5763734391074,450.50380592910227,326.59804123955297,421.75117221593746,139.9446037412544,132.83644116487426,57.132145237009844,54.230250016863444,-119.92743248999489,-262.9028494283407,13.581535149687177,0.7337926319120412,-0.44655567647878436,-1.0190825983757217,0.0470621917297315,0.1688831116888311,0.8185935504810175,0.0,0.0
5463,"Field CA2, stratum lacunosum-moleculare",CA2slm,9,False,6,6,0,0,,,,,,,,,,,,,,,,,,,
5464,"Field CA2, stratum oriens",CA2so,9,False,6,6,0,0,,,,,,,,,,,,,,,,,,,
5465,"Field CA2, pyramidal layer",CA2sp,9,False,6,6,0,0,,,,,,,,,,,,,,,,,,,
5466,"Field CA2, stratum radiatum",CA2sr,9,False,6,6,0,0,,,,,,,,,,,,,,,,,,,
5467,Field CA3,CA3,8,True,6,6,6,6,375.66635808293796,438.2657320738426,325.07294565670384,416.4705221160678,177.54632168445767,107.91010439058391,72.48298230582694,44.05411564123288,-62.59937399090467,-207.87960327782497,90.04698936147045,0.8571657115542919,-0.22235395457889523,-0.8150879408108958,0.2878939867916466,0.4657534246575342,0.9058509403296957,0.0,0.0
5468,"Field CA3, stratum lacunosum-moleculare",CA3slm,9,False,6,6,0,0,,,,,,,,,,,,,,,,,,,
5469,"Field CA3, stratum lucidum",CA3slu,9,False,6,6,0,0,,,,,,,,,,,,,,,,,,,
5470,"Field CA3, stratum oriens",CA3so,9,False,6,6,0,0,,,,,,,,,,,,,,,,,,,
5471,"Field CA3, pyramidal layer",CA3sp,9,False,6,6,0,0,,,,,,,,,,,,,,,,,,,
5472,"Field CA3, stratum radiatum",CA3sr,9,False,6,6,0,0,,,,,,,,,,,,,,,,,,,
16016,Cerebellum,CB,2,False,6,6,6,6,349.9494132180569,515.6227483728112,304.6723075968263,406.33341966442555,193.9404264304241,205.28026546797676,79.17584754205325,83.80531744326949,-165.67333515475428,-373.43990627304066,34.16549418835737,0.6786927347996536,-0.5591695252939131,-1.3440330918294892,0.1133794752414748,0.18288171182881713,,0.0,
6098,Cerebellar nuclei,CBN,3,False,6,6,6,6,43.12354299326316,61.39672837519928,34.06168964418062,46.52349030009056,43.18629007805127,52.455243022070526,17.630729095840923,21.414763289626773,-18.273185381936123,-67.47793428177906,31.38068093116712,0.7023752589833854,-0.5096860677399188,-2.0563969279478345,0.9584591822398357,0.5196480351964804,,0.0,
6017,Cerebellar cortex,CBX,3,False,6,6,6,6,360.2352145507928,531.3800537959785,313.41516959751107,419.99318687467473,199.42458682397194,211.35396776774385,81.41474664734878,86.28489602393584,-171.14483924518566,-385.27037627461294,33.624021346396724,0.6779238550212949,-0.5608048571487245,-1.3443497372138138,0.11155703764763948,0.1812818718128187,,0.0,
6020,"Cerebellar cortex, granular layer",CBXgr,4,False,6,6,0,0,,,,,,,,,,,,,,,,,,,
6018,"Cerebellar cortex, molecular layer",CBXmo,4,False,6,6,0,0,,,,,,,,,,,,,,,,,,,
6019,"Cerebellar cortex, Purkinje layer",CBXpu,4,False,6,6,0,0,,,,,,,,,,,,,,,,,,,
6016,"Cerebellum, subregion",CB_sub,3,True,6,6,6,6,214.15982770057008,243.70506935174544,210.0571916600955,245.32412661800356,122.86110387352804,89.13697866648938,50.15783562087093,36.390019157708124,-29.54524165117536,-138.1756642331889,82.39369144838345,0.8787664051069369,-0.18644837773433198,-1.0170891823713948,0.4836250713622393,0.6406359364063594,0.9457680430040064,0.0,0.0
5597,Central amygdalar nucleus,CEA,6,False,6,6,6,6,1056.7371537156675,429.57549605286204,946.1855443804894,461.2496382240703,413.1361077931683,119.3069448974902,168.6621097354552,48.70685629486668,627.1616576628055,325.9755539252985,950.0105884251226,2.4599567792517414,1.2986329680413657,0.7750723654637524,1.8034746469560585,0.004199580041995801,,1.0,
5598,"Central amygdalar nucleus, capsular part",CEAc,7,True,6,6,6,6,1867.2855036699812,520.8667142479229,1729.0114085075593,563.9445293506861,692.8680198259583,172.13009506812077,282.8621846110294,70.27181704894252,1346.4187894220581,836.5003816112064,1888.002231934341,3.5849584022011203,1.8419563788194164,1.3125837423332103,2.370130342982226,0.0027997200279972004,0.4283571642835716,1.0,0.0
5599,"Central amygdalar nucleus, lateral part",CEAl,7,True,6,6,6,6,1759.9011897627472,574.7545798531354,1586.95427740875,621.5627939797855,740.5884931658686,155.8054413111365,302.34398627217416,63.60730506023922,1185.146609909612,629.02578753883,1746.2934059969452,3.0620046389407585,1.614476468524101,1.0336893253978832,2.1286367461012943,0.0023997600239976003,0.4283571642835716,1.0,0.0
5600,"Central amygdalar nucleus, medial part",CEAm,7,True,6,6,6,6,416.2834406754285,335.3482380169817,350.6410215720141,316.31361100373033,198.4060714370983,119.3267015003167,80.99893948184646,48.714921894195975,80.93520265844677,-77.95768678022992,260.5784656767592,1.2413467359692771,0.31190614882326295,-0.32511702113787294,0.9180241891765841,0.4430556944305569,0.9007712962609318,0.0,0.0
6026,Central lobule,CENT,5,False,6,6,6,6,137.03904799131774,229.08999313836196,133.80674521581145,187.57298575670916,56.7582657548625,136.56910579733992,23.171464964116236,55.75410397194247,-92.05094514704422,-211.43846509122685,-1.5656501268445187,0.5981887122784589,-0.7413274075887974,-1.4897610463280175,-0.013447103795671723,0.11498850114988501,,0.0,
6027,Lobule II,CENT2,6,True,6,6,6,6,110.72294470336601,182.74706546749937,99.58858799550958,146.96463156080873,51.749171111452874,162.26435556616863,21.126510639172565,66.24414576310876,-72.02412076413336,-205.76980346868407,37.93113732248247,0.6058808354602965,-0.7228940223042883,-1.7023035206442927,0.5304616327213105,0.38146185381461856,0.8901935893367185,0.0,0.0
6030,"Lobule II, granular layer",CENT2gr,7,False,6,6,0,0,,,,,,,,,,,,,,,,,,,
6028,"Lobule II, molecular layer",CENT2mo,7,False,6,6,0,0,,,,,,,,,,,,,,,,,,,
6029,"Lobule II, Purkinje layer",CENT2pu,7,False,6,6,0,0,,,,,,,,,,,,,,,,,,,
6031,Lobule III,CENT3,6,True,6,6,6,6,150.99741213577386,255.02122507228637,138.8556445401568,205.91391010587435,82.13819532924276,131.58746256800333,33.532777824950216,53.72035663986493,-104.02381293651251,-221.89658990708872,-0.12720763762494236,0.5920974306863018,-0.756093501461521,-1.5835871947636069,-0.0008648228625411447,0.1105889411058894,0.8185935504810175,0.0,0.0
6034,"Lobule III, granular layer",CENT3gr,7,False,6,6,0,0,,,,,,,,,,,,,,,,,,,
6032,"Lobule III, molecular layer",CENT3mo,7,False,6,6,0,0,,,,,,,,,,,,,,,,,,,
6033,"Lobule III, Purkinje layer",CENT3pu,7,False,6,6,0,0,,,,,,,,,,,,,,,,,,,
5002,Cerebrum,CH,2,False,6,6,6,6,556.4255118823743,689.2084965814511,459.1071233192931,656.7221138542847,300.0087302594066,189.4260265201731,122.47805125263697,77.33285149622306,-132.7829846990768,-375.2264089951749,135.5343295747621,0.8073398900946596,-0.3087519188821793,-0.9904137664270176,0.28263376732680046,0.36306369363063695,,0.0,
5702,Central lateral nucleus of the thalamus,CL,7,True,6,6,6,6,44.0215982720219,42.24867996482849,49.62513812154553,45.122381163954564,32.73429765361895,17.912047772005938,13.363721056625181,7.312562881628471,1.7729183071934074,-25.92778650299136,28.53693281251742,1.041963874579498,0.059305259508478564,-1.168562285805853,0.8859297270678788,0.9051094890510949,1.0,0.0,0.0
5557,Claustrum,CLA,5,True,6,6,6,6,1015.0131019324467,1141.1696999594033,933.0641434886857,1177.7718392793613,643.8930812771118,436.2405583782656,262.86824967289016,178.09446218892796,-126.15659802695654,-663.7560338734904,465.4501409789089,0.8894497478933725,-0.1690149964359562,-1.0460915928789307,0.574587838806684,0.7016298370162983,0.9671113969684112,0.0,0.0
5882,Central linear nucleus raphe,CLI,6,True,6,6,6,6,154.363621001565,276.20902661227467,80.21520679952621,217.54344548763123,173.57502699058617,281.3300888342555,70.86170803612569,114.85252782263153,-121.84540561070966,-362.77446650946234,111.33257988017547,0.5588652293331862,-0.8394276766035054,-3.073076021873057,1.0515570100185094,0.39066093390660933,0.8901935893367185,0.0,0.0
5700,Central medial nucleus of the thalamus,CM,7,True,6,6,6,6,53.89432090398321,48.69480974421315,41.415528207981026,43.37603685527562,56.46116860836375,34.73549405974084,23.05017556195643,14.180706068306867,5.199511159770054,-40.67758433964907,53.62683051462244,1.1067775228424208,0.14636525016905982,-1.6909851694134421,1.4094563705570347,0.8615138486151385,1.0,0.0,0.0
5940,Cochlear nuclei,CN,6,False,6,6,6,6,198.1438000533727,273.6151186812529,224.13713047700315,278.18106632434774,137.13837452195216,97.92193724926749,55.98650695557996,39.97646348092312,-75.47131862788021,-199.19184656746643,43.611788011054614,0.7241697790983536,-0.46560012306452747,-1.566982078244651,0.2534966286438874,0.2860713928607139,,0.0,
5570,Cerebral nuclei,CNU,3,False,6,6,6,6,427.28172974186526,510.4196369053673,377.90526278764287,523.5036969737871,178.28808914995892,101.8678613090951,72.78580760553955,41.58738023264797,-83.13790716350206,-227.64514144174785,71.06810266203229,0.8371185174858076,-0.2564962039102594,-0.7875182824798911,0.20422721530847468,0.3428657134286571,,0.0,
5941,Granular lamina of the cochlear nuclei,CNlam,7,False,6,6,0,0,,,,,,,,,,,,,,,,,,,
5942,"Cochlear nucleus, subpedunclular granular region",CNspg,7,False,6,6,0,0,,,,,,,,,,,,,,,,,,,
5426,Cortical amygdalar area,COA,6,False,6,6,6,6,237.94325819931066,320.9443537276904,192.00501024004268,347.2521472040705,156.57023141413913,113.76938766822134,63.919529312353724,46.44615802267187,-83.00109552837972,-210.97086203794444,68.64231754147265,0.7413847772539313,-0.43170560207414255,-1.2743193073942978,0.32651384075343964,0.3137686231376862,,0.0,
5427,"Cortical amygdalar area, anterior part",COAa,7,True,6,6,6,6,221.15121359982393,337.6871886716587,160.732306745864,410.37481044885214,140.32070791602942,138.7086584172344,57.285689123398065,56.62757267137187,-116.53597507183477,-251.9728544264765,34.9567126065289,0.6548996260999836,-0.6106542875111216,-1.459001548808459,0.1811445811313867,0.1528847115288471,0.8185935504810175,0.0,0.0
5428,"Cortical amygdalar area, anterior part, layer 1",COAa1,8,False,6,6,0,0,,,,,,,,,,,,,,,,,,,
5429,"Cortical amygdalar area, anterior part, layer 2",COAa2,8,False,6,6,0,0,,,,,,,,,,,,,,,,,,,
5430,"Cortical amygdalar area, anterior part, layer 3",COAa3,8,False,6,6,0,0,,,,,,,,,,,,,,,,,,,
5431,"Cortical amygdalar area, posterior part",COAp,7,False,6,6,6,6,242.9240875402419,314.97507707446056,213.52778909588108,321.48660000222753,166.4526681059003,130.30152660048697,67.95401719738258,53.19537547948038,-72.05098953421864,-214.87778953500754,89.39744287370539,0.7712486009895135,-0.3747321276072473,-1.3035886224577418,0.4412221222737866,0.4223577642235776,,0.0,
5432,"Cortical amygdalar area, posterior part, lateral zone",COApl,8,True,6,6,6,6,265.589948287664,374.49180967908006,265.6357293414847,375.28254993070425,189.4649908564834,153.8751797586827,77.3487586199108,62.81927908130183,-108.90186139141605,-276.0825056135379,75.92080663881065,0.7092009529267429,-0.4957336201541974,-1.517090113278481,0.3086649693805803,0.29387061293870614,0.8523845728634685,0.0,0.0
5435,"Cortical amygdalar area, posterior part, lateral zone, layer 1",COApl1,9,False,6,6,0,0,,,,,,,,,,,,,,,,,,,
5433,"Cortical amygdalar area, posterior part, lateral zone, layers 1-2",COApl1-2,9,False,6,6,0,0,,,,,,,,,,,,,,,,,,,
5434,"Cortical amygdalar area, posterior part, lateral zone, layers 1-3",COApl1-3,9,False,6,6,0,0,,,,,,,,,,,,,,,,,,,
5436,"Cortical amygdalar area, posterior part, lateral zone, layer 2",COApl2,9,False,6,6,0,0,,,,,,,,,,,,,,,,,,,
5437,"Cortical amygdalar area, posterior part, lateral zone, layer 3",COApl3,9,False,6,6,0,0,,,,,,,,,,,,,,,,,,,
5438,"Cortical amygdalar area, posterior part, medial zone",COApm,8,True,6,6,6,6,221.70842174974237,259.6964640072132,194.8735189690862,289.1957849724039,151.01084339796827,112.46058417062676,61.64991865872669,45.911841232225754,-37.98804225747082,-163.06250494016058,108.29895738007144,0.8537213727468554,-0.22816279757668356,-1.1396895807663145,0.6172903821414263,0.6371362863713629,0.9457680430040064,0.0,0.0
5441,"Cortical amygdalar area, posterior part, medial zone, layer 1",COApm1,9,False,6,6,0,0,,,,,,,,,,,,,,,,,,,
5439,"Cortical amygdalar area, posterior part, medial zone, layers 1-2",COApm1-2,9,False,6,6,0,0,,,,,,,,,,,,,,,,,,,
5440,"Cortical amygdalar area, posterior part, medial zone, layers 1-3",COApm1-3,9,False,6,6,0,0,,,,,,,,,,,,,,,,,,,
5442,"Cortical amygdalar area, posterior part, medial zone, layer 2",COApm2,9,False,6,6,0,0,,,,,,,,,,,,,,,,,,,
5443,"Cortical amygdalar area, posterior part, medial zone, layer 3",COApm3,9,False,6,6,0,0,,,,,,,,,,,,,,,,,,,
6086,Copula pyramidis,COPY,5,True,6,6,6,6,181.96299325412494,268.68873998345435,215.97288724472375,192.10467759325957,100.14643479933244,202.26594357974017,40.88461080287819,82.5747256854891,-86.72574672932942,-272.6276061558217,48.790122417481626,0.6772259725708271,-0.562290791204016,-1.5690337640883742,0.3397070967356456,0.4597540245975402,0.9011124419472947,0.0,0.0
6089,"Copula pyramidis, granular layer",COPYgr,6,False,6,6,0,0,,,,,,,,,,,,,,,,,,,
6087,"Copula pyramidis, molecular layer",COPYmo,6,False,6,6,0,0,,,,,,,,,,,,,,,,,,,
6088,"Copula pyramidis, Purkinje layer",COPYpu,6,False,6,6,0,0,,,,,,,,,,,,,,,,,,,
5573,Caudoputamen,CP,6,True,6,6,6,6,582.9097645409837,739.7448203169776,548.4347634811149,765.8775220255459,235.38093082617388,126.84846392586526,96.0938626175783,51.7856685457015,-156.83505577599385,-348.8309358936853,42.081841792664086,0.787987625639892,-0.3437551207490309,-0.8611402292679632,0.08321939239379729,0.1860813918608139,0.8185935504810175,0.0,0.0
5927,Superior central nucleus raphe,CS,6,True,6,6,6,6,29.67499736604592,52.75915377419283,33.37433918141073,38.476683172931715,19.251872804159287,32.07879268014638,7.8595441605257665,13.096112271814443,-23.084156408146914,-50.93040939417453,3.4110788935940812,0.5624615871030414,-0.8301735229812861,-1.9163999166033356,0.13343449175507788,0.17018298170182983,0.8185935504810175,0.0,0.0
5928,"Superior central nucleus raphe, lateral part",CSl,7,False,6,6,0,0,,,,,,,,,,,,,,,,,,,
5929,"Superior central nucleus raphe, medial part",CSm,7,False,6,6,0,0,,,,,,,,,,,,,,,,,,,
5003,Cerebral cortex,CTX,3,False,6,6,6,6,585.4994597859637,730.3326939693729,478.567113586509,687.4648990293542,329.28610112869364,214.59823836794456,134.43048785929992,87.60936395026995,-144.83323418340922,-413.9463378620457,149.34196394836997,0.801688688758766,-0.31888597588173917,-1.0313321978248093,0.29691619291924476,0.3852614738526147,,0.0,
5004,Cortical plate,CTXpl,4,False,6,6,6,6,582.5812687910643,727.8425396075554,474.20256807685536,683.16091860558,331.58135999804375,215.18469450553482,135.3675233688841,87.84878366587321,-145.2612708164911,-416.387838952245,150.18442834651904,0.8004221202915477,-0.3211670570865534,-1.0416609297897121,0.29951555004644936,0.38066193380661933,,0.0,
15555,Cortical subplate,CTXsp,4,False,6,6,6,6,648.974915908081,784.7258664596503,573.4021187539657,782.6262433179566,283.8679317363355,207.998724052629,115.88859784887154,84.91512351315058,-135.7509505515693,-378.5972684610411,128.61662904405213,0.827008441605194,-0.27402603925164165,-0.8296914072459604,0.2383972420728192,0.3605639436056394,,0.0,
5555,"Cortical subplate, subregion",CTXsp_sub,5,True,6,6,6,6,709.8126345443146,853.4511664165202,672.4226757653398,883.4743372814437,266.0853606737654,255.12312561023361,108.62889361252515,104.15357988817527,-143.6385318722056,-406.2699322100787,119.64781340570327,0.8316968357131473,-0.26587035175862866,-0.7830169760047254,0.21858145403228876,0.37046295370462956,0.8901935893367185,0.0,0.0
5946,Cuneate nucleus,CU,7,True,6,6,6,6,33.11792116678591,53.53387482245992,34.51082264426981,51.89251766480273,20.985267433936325,26.49522227361101,8.567199554831483,10.816629198661762,-20.41595365567401,-45.69421310878035,3.816850240473269,0.6186348602005439,-0.692839963009777,-1.6690326263142432,0.1405818040516841,0.1670832916708329,0.8185935504810175,0.0,0.0
6035,Culmen,CUL,5,False,6,6,6,6,293.1295501506384,573.2090171266691,289.3990745451612,380.8998792074068,90.24772818301949,398.18857335019567,36.8434807489651,162.55980435246192,-280.0794669760307,-616.078826248163,-35.752989195219094,0.5113833547490443,-0.9675228924850113,-1.712976772714568,-0.150611391697014,0.0481951804819518,,1.0,
6036,Lobule IV,CUL4,6,False,6,6,0,0,,,,,,,,,,,,,,,,,,,
6044,Lobules IV-V,"CUL4, 5",6,True,6,6,6,6,293.1295501506384,573.2090171266691,289.3990745451612,380.8998792074068,90.24772818301949,398.18857335019567,36.8434807489651,162.55980435246192,-280.0794669760307,-616.078826248163,-35.752989195219094,0.5113833547490443,-0.9675228924850113,-1.712976772714568,-0.150611391697014,0.0481951804819518,0.8185935504810175,1.0,0.0
6047,"Lobules IV-V, granular layer","CUL4, 5gr",7,False,6,6,0,0,,,,,,,,,,,,,,,,,,,
6045,"Lobules IV-V, molecular layer","CUL4, 5mo",7,False,6,6,0,0,,,,,,,,,,,,,,,,,,,
6046,"Lobules IV-V, Purkinje layer","CUL4, 5pu",7,False,6,6,0,0,,,,,,,,,,,,,,,,,,,
6039,"Lobule IV, granular layer",CUL4gr,7,False,6,6,0,0,,,,,,,,,,,,,,,,,,,
6037,"Lobule IV, molecular layer",CUL4mo,7,False,6,6,0,0,,,,,,,,,,,,,,,,,,,
6038,"Lobule IV, Purkinje layer",CUL4pu,7,False,6,6,0,0,,,,,,,,,,,,,,,,,,,
6040,Lobule V,CUL5,6,False,6,6,0,0,,,,,,,,,,,,,,,,,,,
6043,"Lobule V, granular layer",CUL5gr,7,False,6,6,0,0,,,,,,,,,,,,,,,,,,,
6041,"Lobule V, molecular layer",CUL5mo,7,False,6,6,0,0,,,,,,,,,,,,,,,,,,,
6042,"Lobule V, Purkinje layer",CUL5pu,7,False,6,6,0,0,,,,,,,,,,,,,,,,,,,
5854,Cuneiform nucleus,CUN,5,True,6,6,6,6,164.02994456382706,172.8192647652418,117.59345591561527,158.7431671530089,138.18828636639526,43.295484734967246,56.41513167121162,17.675307627854657,-8.78932020141474,-103.84571058195141,102.31779544478195,0.9491415484647838,-0.07530483794645958,-1.2516543791876986,0.7074173823154701,0.903009699030097,1.0,0.0,0.0
5945,Dorsal column nuclei,DCN,6,False,6,6,6,6,61.20255089833379,69.24980779944833,40.9850012375785,70.23337235165052,52.68808416721988,22.839227275798773,21.509820289083645,9.324075490860482,-8.047256901114544,-47.20962146872652,35.50596029729603,0.8837938016460654,-0.1782182818800667,-1.4904583675055925,0.6532823448607925,0.7357264273572642,,0.0,
5943,Dorsal cochlear nucleus,DCO,7,True,6,6,6,6,209.08795115199163,249.80450151843354,203.58480279775546,191.3584783631782,190.44713270043326,180.0917613190469,77.74971634869635,73.52215368512695,-40.71655036644191,-237.73368656992048,145.4915800465299,0.8370063384809046,-0.2566895468305689,-1.8878145071772727,0.9227553936192775,0.6905309469053095,0.9577027191540665,0.0,0.0
6048,Declive (VI),DEC,5,True,6,6,6,6,820.8178903397479,1131.9040183697507,734.2377139972597,1004.7952138670448,340.63846993254697,355.83041845674603,139.0650730161883,145.2671600300076,-311.0861280300028,-681.772909464637,34.03457724473041,0.725165629787187,-0.46361754668153626,-1.01492161208439,0.048904136815335314,0.16348365163483652,0.8185935504810175,0.0,0.0
6051,"Declive (VI), granular layer",DECgr,6,False,6,6,0,0,,,,,,,,,,,,,,,,,,,
6049,"Declive (VI), molecular layer",DECmo,6,False,6,6,0,0,,,,,,,,,,,,,,,,,,,
6050,"Declive (VI), Purkinje layer",DECpu,6,False,6,6,0,0,,,,,,,,,,,,,,,,,,,
5473,Dentate gyrus,DG,7,False,6,6,6,6,413.8153683989574,551.6948052516681,354.372646642387,485.95320475209996,201.02667826466978,142.12515788281823,82.06879773918045,58.022352737567175,-137.87943685271068,-310.1007750825187,40.31662716930953,0.7500802335997819,-0.41488317071156355,-1.0406023874111034,0.10842522816819865,0.19658034196580343,,0.0,
5474,"Dentate gyrus, molecular layer",DG-mo,8,True,6,6,6,6,358.7265152727127,486.5417487154982,328.18386696657666,429.7480506394646,164.94799826231952,117.9244558737876,67.3397383060282,48.14245751435504,-127.81523344278554,-272.45029426349606,19.86092472574576,0.7372985282758858,-0.43967921768326906,-1.0358644560394485,0.06492311870710125,0.16058394160583941,0.8185935504810175,0.0,0.0
5475,"Dentate gyrus, polymorph layer",DG-po,8,True,6,6,6,6,447.5154654811124,571.9937466687951,373.9477154915917,505.93490572317455,270.85217923859824,204.53350575035935,110.57493914256955,83.5004540651649,-124.47828118768268,-366.4707325196125,123.51895748852452,0.7823782481668282,-0.3540618341295228,-1.1859112755980816,0.32638744281204907,0.3932606739326067,0.8901935893367185,0.0,0.0
5476,"Dentate gyrus, granule cell layer",DG-sg,8,True,6,6,6,6,546.7793671029565,717.110354654968,430.7031879612392,625.937273924928,278.6192678280994,213.75077323025508,113.74583978111478,87.2633877565805,-170.3309875520115,-421.53083036523367,77.64654412078177,0.7624759056310588,-0.3912363460140538,-1.066774922380518,0.16041377079199248,0.27857214278572145,0.8481592630210664,0.0,0.0
5477,"Dentate gyrus, subgranular zone",DG-sgz,8,False,6,6,0,0,,,,,,,,,,,,,,,,,,,
5478,Dentate gyrus crest,DGcr,8,False,6,6,0,0,,,,,,,,,,,,,,,,,,,
5479,"Dentate gyrus crest, molecular layer",DGcr-mo,9,False,6,6,0,0,,,,,,,,,,,,,,,,,,,
5480,"Dentate gyrus crest, polymorph layer",DGcr-po,9,False,6,6,0,0,,,,,,,,,,,,,,,,,,,
5481,"Dentate gyrus crest, granule cell layer",DGcr-sg,9,False,6,6,0,0,,,,,,,,,,,,,,,,,,,
5482,Dentate gyrus lateral blade,DGlb,8,False,6,6,0,0,,,,,,,,,,,,,,,,,,,
5483,"Dentate gyrus lateral blade, molecular layer",DGlb-mo,9,False,6,6,0,0,,,,,,,,,,,,,,,,,,,
5484,"Dentate gyrus lateral blade, polymorph layer",DGlb-po,9,False,6,6,0,0,,,,,,,,,,,,,,,,,,,
5485,"Dentate gyrus lateral blade, granule cell layer",DGlb-sg,9,False,6,6,0,0,,,,,,,,,,,,,,,,,,,
5486,Dentate gyrus medial blade,DGmb,8,False,6,6,0,0,,,,,,,,,,,,,,,,,,,
5487,"Dentate gyrus medial blade, molecular layer",DGmb-mo,9,False,6,6,0,0,,,,,,,,,,,,,,,,,,,
5488,"Dentate gyrus medial blade, polymorph layer",DGmb-po,9,False,6,6,0,0,,,,,,,,,,,,,,,,,,,
5489,"Dentate gyrus medial blade, granule cell layer",DGmb-sg,9,False,6,6,0,0,,,,,,,,,,,,,,,,,,,
5741,Dorsomedial nucleus of the hypothalamus,DMH,6,True,6,6,6,6,134.16440676151169,203.38830817052704,78.46578698517189,232.40537421277833,159.51169508090382,130.32095300215687,65.12037682577198,53.20330627475198,-69.22390140901535,-204.6202393199576,93.02859075817183,0.6596466039189632,-0.6002347663551006,-2.2201407727901565,0.7706517173650095,0.43075692430756923,0.9007712962609318,0.0,0.0
5742,"Dorsomedial nucleus of the hypothalamus, anterior part",DMHa,7,False,6,6,0,0,,,,,,,,,,,,,,,,,,,
5743,"Dorsomedial nucleus of the hypothalamus, posterior part",DMHp,7,False,6,6,0,0,,,,,,,,,,,,,,,,,,,
5744,"Dorsomedial nucleus of the hypothalamus, ventral part",DMHv,7,False,6,6,0,0,,,,,,,,,,,,,,,,,,,
5975,Dorsal motor nucleus of the vagus nerve,DMX,6,True,6,6,6,6,800.2561535869219,194.6546997597154,633.1661851246525,154.18606177832012,588.4644016183023,130.0318082262554,240.23958595951206,53.08526341429366,605.6014538272065,210.1249295494005,1068.5679404884145,4.111157627197133,2.0395446877899546,0.8936695541422772,3.062417970728715,0.010998900109989001,0.5048495150484952,1.0,0.0
6101,Dentate nucleus,DN,4,True,6,6,6,6,37.01436387700175,49.82001643151548,24.375611563933585,35.29445894601036,38.680694565104915,38.61594721540158,15.79132743015892,15.764894435330469,-12.805652554513728,-52.984241926084806,26.498294155583388,0.7429616954840456,-0.42864026253498194,-2.4081177908846976,0.9122549938500574,0.5691430856914309,0.9457680430040064,0.0,0.0
5668,"Thalamus, polymodal association cortex related",DORpm,5,False,6,6,6,6,91.80025298151902,70.58812924729054,68.81098788973812,69.94627756859185,46.7272516137482,16.493634492863176,19.07632058938749,6.733498085247197,21.212123734228484,-11.605905121016162,60.150062302295076,1.3005055376934032,0.37907254244568783,-0.240414167172477,0.9338930948724574,0.34856514348565143,,0.0,
5644,"Thalamus, sensory-motor cortex related",DORsm,5,False,6,6,6,6,55.18612194475682,58.16883183377896,52.76655604107904,51.86997101422743,28.352375046015467,15.581070346406289,11.574808643126104,6.360945332517558,-2.9827098890221393,-25.170127989018674,21.794560243449684,0.9487232286605751,-0.0759408241601087,-0.7223918587133337,0.5011400406294407,0.8116188381161884,,0.0,
5410,Dorsal peduncular area,DP,6,True,6,6,6,6,479.8000799199937,929.4844799838337,455.34950612778823,841.0314175426066,356.0786145000283,409.77185196555587,145.3684856403775,167.28865804514933,-449.68440006384,-850.2933446626191,-60.0415561090926,0.516200205869321,-0.9539973780843263,-2.06480896359618,-0.12263219940569577,0.064993500649935,0.8185935504810175,0.0,0.0
5411,"Dorsal peduncular area, layer 1",DP1,7,False,6,6,0,0,,,,,,,,,,,,,,,,,,,
5412,"Dorsal peduncular area, layer 2",DP2,7,False,6,6,0,0,,,,,,,,,,,,,,,,,,,
5413,"Dorsal peduncular area, layer 2/3",DP2/3,7,False,6,6,0,0,,,,,,,,,,,,,,,,,,,
5414,"Dorsal peduncular area, layer 5",DP5,7,False,6,6,0,0,,,,,,,,,,,,,,,,,,,
5415,"Dorsal peduncular area, layer 6a",DP6a,7,False,6,6,0,0,,,,,,,,,,,,,,,,,,,
5883,Dorsal nucleus raphe,DR,6,True,6,6,6,6,29.607240385726403,36.39461012752378,24.570976216429365,34.29673154978117,33.25642250289535,21.461272142446415,13.576877633750971,8.761527663333476,-6.787369741797374,-34.576941272463806,23.0325281879576,0.8135061835251161,-0.29777478290828613,-2.3209602680939567,0.8735141001800117,0.6807319268073193,0.9577027191540665,0.0,0.0
5864,Dorsal terminal nucleus of the accessory optic tract,DT,5,True,6,6,6,6,0.0,0.0,0.0,0.0,0.0,0.0,0.0,0.0,0.0,0.0,0.0,,,,,1.0,1.0,0.0,0.0
5910,Dorsal tegmental nucleus,DTN,6,True,6,6,6,6,10.181275183010982,15.123896162662682,0.0,0.0,17.33786030336963,23.909633158145677,7.078151829151926,9.761066862431068,-4.9426209796517,-26.372387286579613,16.034069608174885,0.6731912910210359,-0.5709115820371389,-2.906267446781942,1.4449945413295295,0.8498150184981502,1.0,0.0,0.0
5976,Efferent cochlear group,ECO,6,False,6,6,0,0,,,,,,,,,,,,,,,,,,,
5373,Ectorhinal area,ECT,6,True,6,6,6,6,1397.7338987010814,1496.4251607384351,1092.2156466585739,1372.3703631287638,992.0737221804551,445.4132751263998,405.0124010942922,181.839208120263,-98.69126203735368,-835.8848741644423,735.1677826182963,0.9340486483208736,-0.09843040270026704,-1.0217966297094327,0.6119710126873154,0.8266173382661733,1.0,0.0,0.0
5374,Ectorhinal area/Layer 1,ECT1,7,False,6,6,6,6,973.9496964930771,905.8000927319227,796.1297918655431,875.0447924905193,718.5244789186874,131.06368979497825,293.3363901749921,53.506527300685924,68.14960376115437,-415.7663803427717,634.3686872382336,1.0752369140917317,0.10465457342174436,-0.8668040378767871,0.7767885691510189,0.8515148485151485,,0.0,
5375,Ectorhinal area/Layer 2/3,ECT2/3,7,False,6,6,6,6,1690.641375750575,1610.2139906586572,1346.6039085931388,1425.2733506325592,1290.3343472470328,463.87502569885646,526.7767913904058,189.3761862304387,80.42738509191781,-809.6560828221792,1169.1365338750688,1.0499482587770952,0.07031823394382336,-0.8949062226824186,0.8231293608325286,0.9114088591140886,,0.0,
5376,Ectorhinal area/Layer 5,ECT5,7,False,6,6,6,6,1430.7060024851169,1710.407307167532,1038.931313850923,1627.6555130880197,1018.3532265447972,553.813775326171,415.7409638252725,226.09352701224725,-279.7013046824152,-1073.113131382291,592.9514120172056,0.8364709367702562,-0.2576126802732675,-1.2246358863104896,0.4674614099303294,0.5580441955804419,,0.0,
5377,Ectorhinal area/Layer 6a,ECT6a,7,False,6,6,6,6,1342.963136734644,1544.6256980470173,1070.9713142079722,1424.8942904940784,903.8459192148441,600.8036155326429,368.99355136219896,245.27704894570948,-201.66256131237333,-976.7513157637981,585.0647482470239,0.8694424406072293,-0.2018375744276123,-1.1154473671168872,0.5333661584546159,0.6753324667533247,,0.0,
5378,Ectorhinal area/Layer 6b,ECT6b,7,False,6,6,6,6,1237.4060207900786,1436.616043374014,1117.9077315907462,894.1014459180908,785.3201748930046,984.1116304690747,320.6056188668511,401.7618907646047,-199.21002258393537,-1135.877398593254,680.4309591022825,0.8613338452520175,-0.2153555732485356,-1.226053183651862,0.8106174603762683,0.7172282771722828,,0.0,
5948,External cuneate nucleus,ECU,6,True,6,6,6,6,6.087267577835063,13.621656354033476,0.0,14.040416578252254,9.748230817485233,8.896047919333542,3.9796985662854927,3.6317963549525243,-7.534388776198413,-17.1661076981006,2.351388884234237,0.4468815993902663,-1.162035452738771,-2.7767696458295545,0.38345385159519185,0.17598240175982402,0.8185935504810175,0.0,0.0
5493,Entorhinal area,ENT,7,False,6,6,6,6,767.5322749116858,966.0612505839825,595.9663612397301,817.8628550962985,463.7518245385156,378.8136041583609,189.32588956734637,154.65000630210534,-198.52897567229672,-630.8038381144463,229.35071352176706,0.7944964922749088,-0.3318872448400187,-1.1464865924966396,0.3502473196647215,0.4303569643035696,,0.0,
5494,"Entorhinal area, lateral part",ENTl,8,True,6,6,6,6,896.0043912279962,1111.4811891143381,669.6441298465415,970.454799101226,583.0884722639778,394.20287156765266,238.04487199095456,160.93264841343998,-215.47679788634196,-706.1110857884686,316.5796080070039,0.8061354524064952,-0.31090582425248686,-1.1486741675859045,0.39888429900440503,0.45685431456854314,0.9007712962609318,0.0,0.0
5495,"Entorhinal area, lateral part, layer 1",ENTl1,9,False,6,6,6,6,323.82981993932003,356.8619908652432,259.9678962132275,324.82117499448464,229.9090145563221,100.23481814865373,93.8599621548499,40.92069315414408,-33.03217092592314,-201.53860239131814,153.2063040835204,0.9074371275970474,-0.14013040643041125,-1.0824815964523045,0.5573803167133707,0.7503249675032497,,0.0,
5496,"Entorhinal area, lateral part, layer 2",ENTl2,9,False,6,6,6,6,1212.7605225986977,1593.9681364955243,820.7214132053937,1502.6721517119095,904.3427668906776,380.8522130350613,369.1963885764789,155.48226489094276,-381.2076138968266,-1003.9506535598985,385.4702318472199,0.7608436422481165,-0.39432809284093306,-1.2764569344124508,0.3258079311368859,0.36736326367363265,,0.0,
5497,"Entorhinal area, lateral part, layer 2/3",ENTl2/3,9,False,6,6,0,0,,,,,,,,,,,,,,,,,,,
5498,"Entorhinal area, lateral part, layer 2a",ENTl2a,9,False,6,6,0,0,,,,,,,,,,,,,,,,,,,
5499,"Entorhinal area, lateral part, layer 2b",ENTl2b,9,False,6,6,0,0,,,,,,,,,,,,,,,,,,,
5500,"Entorhinal area, lateral part, layer 3",ENTl3,9,False,6,6,6,6,1056.0776048994946,1277.8386883386077,790.1565948055271,1089.069719148916,694.0782662660932,443.24113385217214,283.3562656512545,180.95243515841358,-221.761083439113,-783.7490305840347,412.8205474326286,0.8264561204298506,-0.274989871278743,-1.1025345236936481,0.4372034257753393,0.5075492450754925,,0.0,
5501,"Entorhinal area, lateral part, layer 4",ENTl4,9,False,6,6,0,0,,,,,,,,,,,,,,,,,,,
5502,"Entorhinal area, lateral part, layer 4/5",ENTl4/5,9,False,6,6,0,0,,,,,,,,,,,,,,,,,,,
5503,"Entorhinal area, lateral part, layer 5",ENTl5,9,False,6,6,6,6,916.5650479084085,1137.7059584644746,711.2950525188289,934.4060246928289,541.1854145773957,538.5506114553302,220.93802032519878,219.86236645490672,-221.14091055606616,-788.0272884436831,309.9159164188305,0.8056256021946716,-0.31181856301686994,-1.1733065520771122,0.41066782022567233,0.5004499550044995,,0.0,
5504,"Entorhinal area, lateral part, layer 5/6",ENTl5/6,9,False,6,6,0,0,,,,,,,,,,,,,,,,,,,
5505,"Entorhinal area, lateral part, layer 6a",ENTl6a,9,False,6,6,6,6,758.3977096759589,881.1437589017468,697.5572150686012,696.8850669386984,440.8642460390104,569.2314911606412,179.9820747720659,232.38778314452736,-122.74604922578783,-679.404391754028,350.5077144566124,0.8606969090052026,-0.21642280715742485,-1.1533063279037117,0.6246703969272289,0.7172282771722828,,0.0,
5506,"Entorhinal area, lateral part, layer 6b",ENTl6b,9,False,6,6,0,0,,,,,,,,,,,,,,,,,,,
5507,"Entorhinal area, medial part, dorsal zone",ENTm,8,True,6,6,6,6,580.934161773093,762.2099341833068,487.6442283829914,609.9203410701871,306.67210413803554,375.19167875577966,125.1983622473088,153.17136144831395,-181.2757724102138,-549.7247735711488,149.13022764171203,0.76217080848671,-0.39181374160208204,-1.1938555209652837,0.30783965402951297,0.3992600739926007,0.8901935893367185,0.0,0.0
5508,"Entorhinal area, medial part, dorsal zone, layer 1",ENTm1,9,False,6,6,6,6,100.95963045485378,112.92078949735732,99.71485628048217,90.20312657816274,66.9498651560042,65.59653970935445,27.332167996724863,26.77967519668886,-11.961159042503539,-85.02397237239472,53.92474989410349,0.8940747837865279,-0.16153258597802497,-1.2195606306593052,0.7511715205352015,0.7452254774522548,,0.0,
5509,"Entorhinal area, medial part, dorsal zone, layer 2",ENTm2,9,False,6,6,6,6,687.8018055197599,918.6082630240053,644.8762540695054,756.4092176378239,355.010036982003,396.11153166459076,144.93224069541552,161.71185563509152,-230.80645750424537,-636.2372566010401,145.13698751066772,0.7487433253164478,-0.4174568578550962,-1.198894851574887,0.2562239379439345,0.3084691530846915,,0.0,
5510,"Entorhinal area, medial part, dorsal zone, layer 2a",ENTm2a,9,False,6,6,0,0,,,,,,,,,,,,,,,,,,,
5511,"Entorhinal area, medial part, dorsal zone, layer 2b",ENTm2b,9,False,6,6,0,0,,,,,,,,,,,,,,,,,,,
5512,"Entorhinal area, medial part, dorsal zone, layer 3",ENTm3,9,False,6,6,6,6,762.6767128879943,1083.495092604944,667.9371378998128,895.7487424791092,377.29675092689536,543.8343106863327,154.03075356347497,222.0194276332887,-320.8183797169496,-841.2803220886299,112.42350861280838,0.7039041691036767,-0.5065490639929712,-1.282340050967612,0.18044916992851198,0.29217078292170784,,0.0,
5513,"Entorhinal area, medial part, dorsal zone, layer 4",ENTm4,9,False,6,6,0,0,,,,,,,,,,,,,,,,,,,
5514,"Entorhinal area, medial part, dorsal zone, layer 5",ENTm5,9,False,6,6,6,6,862.8349836204635,1109.7267440726441,757.3048711362092,897.0182447955319,496.8174015985387,622.6843889406691,202.82485487530192,254.20983728356336,-246.89176045218062,-853.7335857696363,283.442799697,0.7775202212879004,-0.3630478983934315,-1.2650239372959358,0.40698199685221237,0.5070492950704929,,0.0,
5515,"Entorhinal area, medial part, dorsal zone, layer 5/6",ENTm5/6,9,False,6,6,0,0,,,,,,,,,,,,,,,,,,,
5516,"Entorhinal area, medial part, dorsal zone, layer 6",ENTm6,9,False,6,6,6,6,702.3776587260296,833.4656666028972,597.4589441876993,697.5102497051735,462.9814761241034,532.795135339916,189.01139614410104,217.51270316998324,-131.08800787686755,-653.505627419301,364.64920146660575,0.8427193667002912,-0.24687581446110218,-1.223532310003328,0.6691492073726156,0.6173382661733826,,0.0,
5517,"Entorhinal area, medial part, ventral zone",ENTmv,8,False,6,6,0,0,,,,,,,,,,,,,,,,,,,
5518,"Entorhinal area, medial part, ventral zone, layer 1",ENTmv1,9,False,6,6,0,0,,,,,,,,,,,,,,,,,,,
5519,"Entorhinal area, medial part, ventral zone, layer 2",ENTmv2,9,False,6,6,0,0,,,,,,,,,,,,,,,,,,,
5520,"Entorhinal area, medial part, ventral zone, layer 3",ENTmv3,9,False,6,6,0,0,,,,,,,,,,,,,,,,,,,
5521,"Entorhinal area, medial part, ventral zone, layer 4",ENTmv4,9,False,6,6,0,0,,,,,,,,,,,,,,,,,,,
5522,"Entorhinal area, medial part, ventral zone, layer 5/6",ENTmv5/6,9,False,6,6,0,0,,,,,,,,,,,,,,,,,,,
5558,Endopiriform nucleus,EP,5,False,6,6,6,6,728.2102537002706,962.7263471786163,686.8063813315498,998.9510635003018,298.97368112968206,246.75278354037732,122.05549421488081,100.73640204755868,-234.51609347834562,-506.06011626862784,47.90424343712069,0.7564042012918595,-0.40277071842398965,-0.9421637761051137,0.08131062717051758,0.1685831416858314,,0.0,
5713,Epithalamus,EPI,6,False,6,6,6,6,117.31754079829967,121.7365910192514,113.88869661335755,134.72647795782166,54.08206254854046,48.7222087820434,22.07890958020136,19.890758442892633,-4.419050220951732,-54.46648706256753,52.07164098842031,0.9636999016979791,-0.053344136954904184,-0.7116490912856062,0.6575935375106653,0.8861113888611138,,0.0,
5559,"Endopiriform nucleus, dorsal part",EPd,6,True,6,6,6,6,721.9247480213916,917.2795525418918,688.3841301326559,942.0633763750905,262.6053646812388,245.4241084417525,107.20819119775507,100.1939727099632,-195.35480452050024,-448.62980447395904,71.11199334697268,0.7870280614245149,-0.3455130190577125,-0.8314907713056992,0.122995198397721,0.21437856214378562,0.8185935504810175,0.0,0.0
5560,"Endopiriform nucleus, ventral part",EPv,6,True,6,6,6,6,738.1647674637466,1045.1056790547898,683.8559521364621,1068.7512718999892,382.7528013295529,264.43981095514715,156.25817681304457,107.95710075302595,-306.94091159104323,-635.8316746016727,40.90823747230383,0.7063063403610575,-0.5016340475623268,-1.1849058253404274,0.05747118915683099,0.12918708129187081,0.8185935504810175,0.0,0.0
5971,Efferent vestibular nucleus,EV,6,False,6,6,0,0,,,,,,,,,,,,,,,,,,,
5858,Edinger-Westphal nucleus,EW,5,True,6,6,6,6,29.07466087120017,57.310852266652255,28.933092224231455,56.318589931040655,31.851205405808738,51.76224115811874,13.00320015613477,21.131846463380185,-28.236191395452085,-69.02922356587148,19.017477882161995,0.5073151021367376,-0.979045986550229,-2.8058377545244406,0.7063685922237466,0.35776422357764226,0.8901935893367185,0.0,0.0
5674,Ethmoid nucleus of the thalamus,Eth,7,True,6,6,6,6,15.852490090143824,17.513001353982986,13.448258673225341,10.287702312624411,16.165474575406243,22.236547972428454,6.5995273599466415,9.078032695561596,-1.6605112638391617,-22.886021652633502,17.350272015852486,0.90518408408268,-0.14371687707095418,-2.262843051918834,2.2277239668910944,0.8904109589041096,1.0,0.0,0.0
5490,Fasciola cinerea,FC,7,True,6,6,6,6,154.71641624761287,242.28594135859532,84.36924015022379,158.47268874107812,145.1026463507928,274.7462392447705,59.23790731449366,112.16468248305307,-87.56952511098245,-335.5415591633638,110.72878690127459,0.6385695157550426,-0.6470844121935146,-2.3234411942870477,1.0120723257813407,0.5958404159584042,0.9457680430040064,0.0,0.0
5806,Fields of Forel,FF,7,True,6,6,6,6,34.568063027433034,48.7025995416202,32.772101661280225,43.9916141926402,31.376115584533252,19.974260842354408,12.809245548782272,8.154457842170467,-14.134536514187168,-39.258478705964045,14.203602913020301,0.7097786022261893,-0.49455901291945115,-1.7870795303384512,0.4256376635739312,0.36666333366663334,0.8901935893367185,0.0,0.0
6094,Flocculus,FL,5,True,6,6,6,6,161.66684899200888,203.22904689834044,88.485577153749,205.87708680625778,174.8347233867558,102.63523355796842,71.37597693636543,41.900658641399914,-41.56219790633156,-177.84934725463364,108.30221126243772,0.795490858513341,-0.33008274315347425,-2.3800621744230344,0.7409122100558082,0.5978402159784022,0.9457680430040064,0.0,0.0
6097,"Flocculus, granular layer",FLgr,6,False,6,6,0,0,,,,,,,,,,,,,,,,,,,
6095,"Flocculus, molecular layer",FLmo,6,False,6,6,0,0,,,,,,,,,,,,,,,,,,,
6096,"Flocculus, Purkinje layer",FLpu,6,False,6,6,0,0,,,,,,,,,,,,,,,,,,,
6099,Fastigial nucleus,FN,4,True,6,6,6,6,32.546408733269764,52.862074732992205,18.932630515649116,43.044469562356454,42.15697654697538,45.75314956932772,17.210513606427867,18.678645095015472,-20.31566599972244,-65.70550917968737,25.45209022301057,0.615685420931028,-0.6997346881006945,-3.040641265207224,0.934241389350306,0.44665533446655337,0.9007712962609318,0.0,0.0
6052,Folium-tuber vermis (VII),FOTU,5,True,6,6,6,6,835.5248462499102,1019.8078409622364,790.1091098883337,878.5622340030759,389.94454795059175,393.9408034064315,159.19419507653296,160.8256595346364,-184.28299471232617,-602.3808719267013,209.98966094236195,0.8192963543617722,-0.2875426996356834,-0.9852969526177797,0.3247100242939897,0.43695630436956306,0.9007712962609318,0.0,0.0
6055,"Folium-tuber vermis (VII), granular layer",FOTUgr,6,False,6,6,0,0,,,,,,,,,,,,,,,,,,,
6053,"Folium-tuber vermis (VII), molecular layer",FOTUmo,6,False,6,6,0,0,,,,,,,,,,,,,,,,,,,
6054,"Folium-tuber vermis (VII), Purkinje layer",FOTUpu,6,False,6,6,0,0,,,,,,,,,,,,,,,,,,,
5006,"Frontal pole, cerebral cortex",FRP,6,True,6,6,6,6,314.28204279532946,447.4164472441687,335.49987684836367,458.8374198667316,128.2467355814407,132.74293792900858,52.35651055869425,54.19207748066844,-133.13440444883923,-268.67624286319483,7.139259343661501,0.7024373930174638,-0.5095584486402955,-1.0951972404701684,0.027578875055260847,0.1060893910608939,0.8185935504810175,0.0,0.0
5007,"Frontal pole, layer 1",FRP1,7,False,6,6,6,6,211.66181393741113,239.6668075217567,156.24974752536548,234.95910172075276,168.5047318840217,82.27252049610841,68.79176872672346,33.587615844689395,-28.004993584345584,-161.8532472404726,114.14726743234817,0.8831503040661843,-0.17926910267893748,-1.4141479140627664,0.6144324132984584,0.734026597340266,,0.0,
5008,"Frontal pole, layer 2/3",FRP2/3,7,False,6,6,6,6,381.70559650650245,382.0702922824699,355.00566583204346,384.9528710907733,207.11361526858028,129.9496277278295,84.55377936518815,53.051713366301804,-0.36469577596744784,-170.92704565343,195.10827465339014,0.9990454746591556,-0.001377746627331084,-0.7357340835865979,0.6683122887167521,0.9975002499750025,,0.0,
5009,"Frontal pole, layer 5",FRP5,7,False,6,6,6,6,325.15678777582036,579.0588981318389,293.7400694091465,628.132493905583,132.70928748018628,193.6560351480095,54.17833974246339,79.05974528718465,-253.9021103560185,-421.21333980895565,-78.45577067484548,0.561526277939674,-0.8325745563822867,-1.4069640000951125,-0.2634009679878232,0.027097290270972903,,1.0,
5010,"Frontal pole, layer 6a",FRP6a,7,False,6,6,6,6,413.7704324205219,750.729123651593,322.5393779483489,657.0751184564256,248.40602441368017,284.5748415233007,101.41133480780955,116.17719256091225,-336.9586912310711,-615.4872753054628,-68.55828063034846,0.5511580933585164,-0.8594618962541478,-1.6886960823229202,-0.17068682603890303,0.05729427057294271,,0.0,
5011,"Frontal pole, layer 6b",FRP6b,7,False,6,6,6,6,0.0,491.0052910052909,0.0,0.0,0.0,761.3401788247064,0.0,310.81582646663816,-491.0052910052909,-998.9417989417988,0.0,0.0,,,,0.44935506449355067,,0.0,
5578,Fundus of striatum,FS,6,True,6,6,6,6,493.61474727599256,511.8777259184701,464.53693837118124,447.56160580268994,183.4980896744955,177.9082846439051,74.91278141299743,72.6307530652326,-18.26297864247755,-207.61678034215444,165.67513001146335,0.9643215992457808,-0.05241373239272131,-0.6191475983076572,0.4646056611937194,0.8913108689131087,1.0,0.0,0.0
5659,"Geniculate group, dorsal thalamus",GENd,6,False,6,6,6,6,69.04746352997547,120.29181595390536,49.4732516111073,106.92021634285075,52.84544656726669,39.68503528568786,21.574063219886046,16.201347812380153,-51.24435242392988,-96.41904923810928,0.3011591952733593,0.5739996772218801,-0.800878169259089,-1.7296238885938495,0.0033195530755735538,0.10278972102789721,,0.0,
5706,"Geniculate group, ventral thalamus",GENv,6,False,6,6,6,6,200.76212957111284,262.2077325403139,123.03642811833369,277.53782158914566,163.59421538177864,78.91241704594502,66.78705875938815,32.21585935537846,-61.44560296920105,-184.24091415244285,82.31220666683825,0.7656605990452477,-0.3852230768682052,-1.495556925101153,0.4078774521161826,0.41715828417158285,,0.0,
5612,"Globus pallidus, external segment",GPe,6,True,6,6,6,6,8.735214137309793,8.212127124450483,6.94481023685101,5.538512518739804,7.966617211600017,7.712074646701133,3.2523578574156944,3.148441290445438,0.5230870128593104,-7.573854499267139,8.542951535718545,1.063696896666625,0.08908710951119511,-1.427858505260779,1.5087541803379272,0.9108089191080891,1.0,0.0,0.0
5613,"Globus pallidus, internal segment",GPi,6,True,6,6,6,6,10.290180797056044,9.138146758507382,3.768069298852991,7.4234316060094185,15.431175446768858,6.735636995993495,6.2997509959913245,2.7498122887994945,1.1520340385486616,-9.512921206529585,15.044086849913516,1.1260686733309626,0.1712948129003128,-2.6137469622760157,1.7311917628604223,0.9187081291870813,1.0,0.0,0.0
5947,Gracile nucleus,GR,7,True,6,6,6,6,152.46621760605964,121.32351774127449,83.08480721149256,120.19631268459369,169.09353608693027,52.867028961397104,69.03214703597882,21.582874195393906,31.142699864785158,-93.72168559862217,159.76445777860758,1.256691369031994,0.3296303816293021,-1.8462735898696583,1.3331680844693814,0.6574342565743425,0.9502370517665215,0.0,0.0
5977,Gigantocellular reticular nucleus,GRN,6,True,6,6,6,6,330.60855407433763,486.0284729708706,309.7048933914803,512.7624264370065,243.34733565528347,169.03183051331246,99.34613377020534,69.00695584103725,-155.41991889653298,-365.7943323134962,56.08155660509316,0.6802246626694074,-0.5559167806001747,-1.6392124334381526,0.1840072701646484,0.22557744225577442,0.828285675369471,0.0,0.0
5107,Gustatory areas,GU,6,True,6,6,6,6,967.3969164493757,1012.082587425708,844.6627864000593,1009.8246996850522,418.9436253788958,231.12344520054432,171.03301886166727,94.35575138924055,-44.68567097633229,-374.09324852988345,317.5450192166278,0.955847801818236,-0.06514717651656408,-0.6114802150802723,0.4289659944699848,0.8361163883611639,1.0,0.0,0.0
5108,"Gustatory areas, layer 1",GU1,7,False,6,6,6,6,274.74923432004823,256.0200342462959,231.45591970882822,213.32953459650287,167.77976285049357,103.68514880836315,68.49580135814635,42.329284747505504,18.729200073752338,-120.71294136042621,162.81871196669263,1.0731552127507902,0.10185875127776525,-0.7669029257868812,0.8006569347360147,0.8344165583441656,,0.0,
5109,"Gustatory areas, layer 2/3",GU2/3,7,False,6,6,6,6,1153.3200362501163,1195.673696192365,1157.6028572948344,1219.3477187748601,455.3735738554315,302.8017349164477,185.9054830488996,123.6182906291316,-42.35365994224867,-429.76204362060236,365.51259213258834,0.9645775765770174,-0.05203082256192062,-0.5721789352564945,0.43102493565467864,0.8551144885511449,,0.0,
5110,"Gustatory areas, layer 4",GU4,7,False,6,6,6,6,1016.7527802113864,1186.1570417809808,1006.1972869659735,1103.3438981297732,439.0232666842753,227.76895996818558,179.23049809771604,92.98628852774382,-169.40426156959438,-519.1069663089391,197.61865615970115,0.8571822654146716,-0.22232609305649845,-0.7592508671888776,0.2371518593106459,0.4203579642035796,,0.0,
5111,"Gustatory areas, layer 5",GU5,7,False,6,6,6,6,1090.0162166279176,1204.9848419732016,908.8463003438408,1134.4475171825243,517.8989013220532,296.6614308935706,211.43134109784114,121.11152200886364,-114.96862534528395,-512.690213097001,338.8051652043938,0.9045891522112269,-0.14466539954251809,-0.7324507062838924,0.39558041531524035,0.6544345565443456,,0.0,
5112,"Gustatory areas, layer 6a",GU6a,7,False,6,6,6,6,985.8147128977253,950.9747255234473,903.8579791029605,939.3080691600095,472.847924367256,269.66823455332786,193.03935677231826,110.09159574880414,34.83998737427794,-347.7814821116597,433.5627326103622,1.036636081316568,0.05190951437698758,-0.6049503890538159,0.6066108925255046,0.8749125087491251,,0.0,
5113,"Gustatory areas, layer 6b",GU6b,7,False,6,6,6,6,694.0650957669468,603.3652050636093,674.09319457591,614.0129107488157,360.0297015476858,170.35742804841618,146.98151017305756,69.54812876858647,90.69989070333747,-200.88373887053842,387.73839411556753,1.1503233695648318,0.20203947689898916,-0.5323017918355663,0.7775277957563085,0.5880411958804119,,0.0,
5553,Hippocampo-amygdalar transition area,HATA,7,True,6,6,6,6,229.9528303701501,229.2677489904462,218.48883857265298,217.96500273851888,137.4600040634969,54.51632980937977,56.11781166607828,22.256198447043428,0.6850813797039166,-99.41065348223938,115.56709583364683,1.002988127997595,0.004304529399383951,-0.7446847654063959,0.6109356727359873,0.993000699930007,1.0,0.0,0.0
5884,Hindbrain,HB,3,False,6,6,6,6,156.33678708531008,203.6888979756935,154.37289528078492,199.44319392316703,107.92764800086998,64.58028571869056,44.061277790140736,26.36479124232325,-47.352110890383415,-138.44457719687205,44.0314197587513,0.7675272861654246,-0.3817100546119769,-1.3774895815230057,0.3144150986584688,0.38096190380961903,,0.0,
6068,Hemispheric regions,HEM,4,False,6,6,6,6,353.0459670676974,497.8780001116451,293.38181220772634,419.6235155654613,239.3683926215228,177.88457769072133,97.72173707881944,72.62107474212321,-144.83203304394772,-354.11913838944236,73.07345355410968,0.7091013601495341,-0.4959362314094975,-1.441379713197876,0.2249048272194216,0.2588741125887411,,0.0,
5455,Hippocampal region,HIP,6,False,6,6,6,6,457.33922952360984,579.3850633038245,426.26787068259415,547.276630903905,186.4115104526104,126.379377599265,76.10218046506473,51.59416485478697,-122.04583378021465,-283.6951018717954,39.42839140944352,0.7893528129905985,-0.3412578164711438,-0.8636153137213366,0.10122684202481705,0.2186781321867813,,0.0,
15454,Hippocampal formation,HPF,5,False,6,6,6,6,543.0846530518924,679.7181121764288,473.20185603080984,603.5615088053466,264.3037621878089,201.56235865960167,107.90155907634039,82.2874883446464,-136.63345912453644,-378.814365804287,102.61789988175485,0.7989851135685617,-0.3237594713096843,-0.9631554231400895,0.21925474603164782,0.3418658134186581,,0.0,
5454,"Hippocampal formation, subregion",HPF_sub,6,True,6,6,6,6,453.8902443166166,673.4577063336038,280.6906435570256,530.7930416986441,351.2307365191927,538.8960046890837,143.38934774232393,220.00337265212437,-219.56746201698724,-720.6665596513543,201.51934054899894,0.6739699316645397,-0.569243866100558,-1.7735906351198256,0.5563527110952914,0.48595140485951405,0.919927607239276,0.0,0.0
15717,Hypothalamus,HY,4,False,6,6,6,6,97.74726349437321,116.71404163880737,66.52250069128576,120.15477788712175,84.80289684450659,53.70643623730174,34.62063766315314,21.9255607807849,-18.96677814443416,-84.6618676935383,59.347297551557126,0.8374936050699857,-0.25584992051202815,-1.3882739284021988,0.7115515741721613,0.6645335466453355,,0.0,
5717,"Hypothalamus, subregion",HY_sub,5,True,6,6,6,6,105.72166486017124,135.85507585464623,71.26356098286642,143.89787891311104,106.51284968929887,62.46333967860796,43.483688798090675,25.500551640455285,-30.133410994474986,-109.02497282047523,66.88717068361409,0.7781944413566464,-0.361797419711317,-1.6702149210059851,0.6874614166208395,0.5804419558044196,0.9457680430040064,0.0,0.0
5925,Intertrigeminal nucleus,I5,6,True,6,6,6,6,186.74819268907174,372.04264367388123,53.52187885726426,366.67721082641873,253.45431336694057,216.1671748380728,103.47229014274572,88.24987958204622,-185.2944509848095,-415.78391790170946,63.575765207766864,0.5019537299406147,-0.9943737121093084,-3.5642323600547603,0.291818592094003,0.20537946205379462,0.8185935504810175,0.0,0.0
5601,Intercalated amygdalar nucleus,IA,6,True,6,6,6,6,397.43472529694424,537.2367098623655,365.3765923412748,500.74281303616624,177.13142097552443,188.20366021572667,72.3135998006927,76.83382254211217,-139.80198456542126,-325.8191607321035,43.901823847360816,0.7397758157642707,-0.43483995723601887,-1.076727096214193,0.14055633369578346,0.21087891210878912,0.8185935504810175,0.0,0.0
5683,Interanterodorsal nucleus of the thalamus,IAD,7,True,6,6,6,6,31.160654023741884,30.823640520876953,29.869409569908733,11.488988639743042,18.887170663380367,54.444169316278746,7.710655135024261,22.226739049095904,0.3370135028649308,-47.197626264437325,33.59220459066941,1.0109336047647153,0.01568824825758549,-1.5247479038005025,2.881360161794302,0.9935006499350065,1.0,0.0,0.0
5682,Interanteromedial nucleus of the thalamus,IAM,7,True,6,6,6,6,39.42981620738513,82.35188460786611,26.671081305358676,80.122434718889,46.20192795583608,70.38670529435775,18.86185810410464,28.73525210780529,-42.92206840048098,-103.12633469473934,17.57777074608398,0.47879676822379436,-1.0625146804573269,-2.7189031673445485,0.49610970551389333,0.22677732226777322,0.828285675369471,0.0,0.0
5642,Interbrain,IB,3,False,6,6,6,6,88.03180178399434,89.44005654130736,63.08752880039381,86.68153005695096,56.98117886324625,30.87006204434841,23.26246885953589,12.602650056118623,-1.408254757313017,-44.366082248393084,49.686610181659816,0.9842547644559837,-0.022896303870448952,-0.850015774839594,0.6949877655603969,0.9471052894710529,,0.0,
5814,Inferior colliculus,IC,5,False,6,6,6,6,686.7405435834288,843.7700041925924,591.2068999450823,863.5315352073726,426.36235886096995,222.43566118841656,174.06170412313108,90.80897841837012,-157.0294606091636,-499.8730577132974,200.60077589858912,0.8138954219409282,-0.2970846615012067,-1.1466083696644964,0.33212095626210253,0.43095690430956907,,0.0,
5978,Infracerebellar nucleus,ICB,6,True,6,6,6,6,31.295259013299624,29.470786635252722,0.0,19.39393939393939,60.13864887798986,34.12503870666434,24.551500595245876,13.931488714008873,1.8244723780469023,-41.34514927399031,56.319696940963354,1.0619078275930538,0.08665854726696853,-2.7573407086451724,2.2753007367881963,0.9746025397460254,1.0,0.0,0.0
5815,"Inferior colliculus, central nucleus",ICc,6,True,6,6,6,6,554.6537652098627,651.7269801191563,509.7731106491617,690.0393525603827,352.45130575686585,135.74457025095282,143.88764304699677,55.41748874470325,-97.0732149092936,-365.34456109607976,179.88420983779403,0.8510523303921751,-0.2326802503132356,-1.1019343653558005,0.37247885793532853,0.5316468353164684,0.930472732194461,0.0,0.0
5816,"Inferior colliculus, dorsal nucleus",ICd,6,True,6,6,6,6,722.6504686923132,950.8014916307437,567.5444568906529,884.1740295310879,546.7064083956843,323.648687811185,223.19195661317667,132.1290235097888,-228.15102293843051,-672.1810528085837,243.6357915688174,0.7600434739041869,-0.39584615292036524,-1.4942609873052144,0.368574696291023,0.39336066393360664,0.8901935893367185,0.0,0.0
5817,"Inferior colliculus, external nucleus",ICe,6,True,6,6,6,6,739.2670038869983,883.7627489471773,713.0838147820217,866.6749502991257,393.70964868988256,270.2987719949869,160.73129101677264,110.34901158143491,-144.49574506017905,-501.3453013512555,204.3892095462604,0.8364993939467168,-0.2575635998722495,-1.0068821051114496,0.3335793259113809,0.4791520847915208,0.919927607239276,0.0,0.0
5871,Interfascicular nucleus raphe,IF,6,True,6,6,6,6,497.42147935069175,513.780770429015,451.43416775589986,424.3284579013654,495.6446758022994,273.1727097394108,202.34609157380436,111.52229175249552,-16.359291078323224,-416.0507404840738,402.2486409132303,0.9681590047353019,-0.04668408818832282,-1.7531034905506608,1.0110837075459893,0.9525047495250475,1.0,0.0,0.0
5491,Induseum griseum,IG,7,True,6,6,6,6,1569.1953007650507,2388.5067825026285,1440.0817847675867,2049.971557269008,809.1223713236321,1175.0947264817203,330.32282486893985,479.730413219263,-819.3114817375779,-1860.267878534484,173.10392260167106,0.6569775360323156,-0.6060840534247554,-1.387703347709886,0.13527652092845452,0.19838016198380162,0.8185935504810175,0.0,0.0
5707,Intergeniculate leaflet of the lateral geniculate complex,IGL,7,True,6,6,6,6,255.3195531828454,390.34698561969077,109.68247140009726,386.1403106584804,287.71377103675746,255.01254682450363,117.45865516866755,104.10843628793944,-135.02743243684537,-405.8827940054015,153.08628921772916,0.6540835784283459,-0.6124531006317939,-2.5199778720332398,0.6415181225287242,0.39406059394060594,0.8901935893367185,0.0,0.0
5856,Oculomotor nucleus,III,5,True,6,6,6,6,129.26210122204398,29.399653265984124,0.0,22.023399862353745,296.01514663849656,35.79392579794182,120.84767756657595,14.612809016000112,99.86244795605985,-43.952244151338135,351.0663876337239,4.396721963098876,2.1364283032712508,-2.613273229713984,4.6085046945885,0.9553044695530447,1.0,0.0,0.0
16121,oculomotor nerve,IIIn,3,False,6,6,6,6,319.3188014634682,422.88123975439356,292.51192517958776,363.97045356133674,209.19982015736628,209.13811572269543,85.40546894459239,85.38027821462397,-103.56243829092534,-316.59228486689983,115.8142231278383,0.7551027840556992,-0.40525505845668436,-1.3484602063499609,0.464719614604984,0.40905909409059094,,0.0,
6121,"oculomotor nerve, subregion",IIIn_sub,4,True,6,6,6,6,357.6447169782769,487.94144898661733,360.79527409007164,258.3660638225693,284.18312951792024,613.0534667013966,116.01727680436152,250.27802974378994,-130.29673200834043,-672.6416021741611,290.4588674896943,0.73296646087569,-0.4481809099462048,-1.975860500102561,1.439133477873511,0.7587241275872413,0.994269803788852,0.0,0.0
6114,optic nerve,IIn,3,False,6,6,6,6,123.32364526834704,167.75276513205048,114.64990769109339,162.87117244533277,57.059069596773796,43.08405557103641,23.294267618341486,17.588992033125688,-44.42911986370345,-96.32594680138659,9.103896601102928,0.7351511921205589,-0.443887107943567,-1.045585957349389,0.08604988407429436,0.1566843315668433,,0.0,
5245,Infralimbic area,ILA,6,True,6,6,6,6,608.057119312496,903.7496582859816,458.4169656358604,901.825394021496,422.5244260730256,314.433781218331,172.49487462353758,128.36705364647196,-295.6925389734856,-644.5287638775158,115.44026105208951,0.672815877425298,-0.5717163434969497,-1.4136895110093557,0.19467008256241033,0.18908109189081093,0.8185935504810175,0.0,0.0
5246,"Infralimbic area, layer 1",ILA1,7,False,6,6,6,6,1367.9826159264867,1621.4123902850695,966.4736051979785,1658.7387144848801,1149.7893262536134,632.2109736833563,469.39952683663455,258.09904921872453,-253.4297743585828,-1126.89139380522,758.1054105060259,0.8436981388096918,-0.24520117597765473,-1.3444766566679363,0.6449849792571586,0.6637336266373363,,0.0,
5247,"Infralimbic area, layer 2",ILA2,7,False,6,6,0,0,,,,,,,,,,,,,,,,,,,
5248,"Infralimbic area, layer 2/3",ILA2/3,7,False,6,6,6,6,557.8576854255546,866.6963090425246,555.6937644671964,840.5760301598079,269.71772388084037,376.2506195874639,110.11179968215733,153.60367223255142,-308.83862361697004,-642.5711333912541,19.96611220362212,0.643659929787682,-0.6356294363488519,-1.3529280388027005,0.04670659096318509,0.12868713128687131,,0.0,
5249,"Infralimbic area, layer 5",ILA5,7,False,6,6,6,6,496.9770261028785,895.1116727613921,448.22715701505103,853.9830399697645,292.4788450768694,447.2845116106462,119.40398849947698,182.6031372160102,-398.13464665851365,-774.8941836104458,-13.783476656013924,0.5552123173298809,-0.8488885205705758,-1.6320767370931455,-0.0286105014488946,0.08309169083091691,,0.0,
5250,"Infralimbic area, layer 6a",ILA6a,7,False,6,6,6,6,213.59984734908414,370.9066870128492,143.67824974956216,274.69982769152216,209.71601504687465,270.4095455607684,85.61620462578036,110.39423470029378,-157.30683966376506,-415.57164928003425,88.63959038467348,0.5758856737508333,-0.7961456621843133,-2.1896734409664216,0.4467046023006876,0.30516948305169483,,0.0,
5251,"Infralimbic area, layer 6b",ILA6b,7,False,6,6,6,6,335.6374877501423,604.320380721386,276.89947426518734,490.56728450127184,159.22665728663506,314.40743048658976,65.00401063354417,128.35629600528614,-268.68289297124363,-538.5205310237749,-20.52747889790311,0.5553966049423767,-0.8484097366858916,-1.615356806434674,-0.07225542003813537,0.10518948105189481,,0.0,
5698,Intralaminar nuclei of the dorsal thalamus,ILM,6,False,6,6,6,6,62.09675905691588,40.807552122118224,66.4227638141558,30.709074607463492,27.58540639674727,21.746289555533114,11.261695003222986,8.877885534978555,21.289206934797654,-5.111303508450405,45.756826877557295,1.5216977208309104,0.6056818016996905,-0.1550104783989912,1.3540452472018027,0.1596840315968403,,0.0,
5686,Intermediodorsal nucleus of the thalamus,IMD,7,True,6,6,6,6,79.25063863908237,24.900437293881044,70.86538824013847,16.090552420073838,56.44107951581895,21.065723347244802,23.041974224268046,8.600045543897377,54.35020134520133,14.385906880162914,101.41691642459419,3.1827006772510447,1.670251482531143,0.5397539222130112,3.013545852922156,0.037896210378962104,0.8185935504810175,1.0,0.0
5842,Interstitial nucleus of Cajal,INC,6,True,6,6,6,6,27.925660228047008,6.17820252920166,17.795374795173863,0.0,42.55443864481267,15.133443724116557,17.372776828394123,6.178202529201662,21.74745769884535,-6.16205740064103,59.623883872821104,4.5200299109740465,2.1763323196031057,-1.037051946394247,3.3351905743715164,0.34526547345265474,0.8901935893367185,0.0,0.0
6011,Interstitial nucleus of the vestibular nerve,INV,6,False,6,6,0,0,,,,,,,,,,,,,,,,,,,
5979,Inferior olivary complex,IO,6,True,6,6,6,6,27.14714557399984,49.06437693691913,21.992754127410453,43.91099080702671,31.627103596222806,34.07447579767037,12.911710975481457,13.910846492851203,-21.917231362919292,-56.22693101074909,12.170582604381567,0.5532964498642724,-0.853875427892528,-2.9801176464673236,0.48809845654047285,0.27147285271472854,0.8481592630210664,0.0,0.0
6100,Interposed nucleus,IP,4,True,6,6,6,6,54.31616809933352,74.48309296059278,46.584805766457734,51.349883907792346,52.04042492775857,67.26456980550597,21.24541451177044,27.460645631884994,-20.166924861259268,-83.16095611743008,40.46842922606055,0.7292415760455987,-0.4555312791974836,-1.9632581549102188,1.0707634581500114,0.5763423657634237,0.9457680430040064,0.0,0.0
5875,"Interpeduncular nucleus, apical",IPA,7,True,6,6,6,6,9.406231628453847,20.192680989326686,0.0,0.0,23.04046789214041,31.282624362286274,9.406231628453849,12.771077917126565,-10.786449360872838,-40.38536197865337,18.812463256907694,0.4658238117774322,-1.102143706400891,-2.104531427784371,1.478047296804644,0.45725427457254275,0.9007712962609318,0.0,0.0
5874,"Interpeduncular nucleus, caudal",IPC,7,True,6,6,6,6,16.68391333027469,34.04367393917091,9.07801418439716,41.21090622053858,23.949579538011818,20.619461145871092,9.77737490372164,8.41785976308792,-17.359760608896217,-38.01387466286813,6.577819237983274,0.49007381988458226,-1.0289290159452715,-3.4676216997839298,0.391332868151164,0.1621837816218378,0.8185935504810175,0.0,0.0
5879,"Interpeduncular nucleus, dorsolateral",IPDL,7,True,6,6,6,6,54.468309864553625,69.58617098656903,51.8355188013787,35.80926986334521,51.20966259560391,103.17610216759252,20.90625720988653,42.12146732664452,-15.117861122015405,-107.21610356080834,59.935886992773526,0.7827461849433656,-0.35338352311294147,-2.2507153195846334,2.160797254291393,0.8256174382561744,1.0,0.0,0.0
5878,"Interpeduncular nucleus, dorsomedial",IPDM,7,True,6,6,6,6,11.958146487294465,55.68785405281354,0.0,80.51855978123257,29.291357163326488,43.22549833900577,11.958146487294467,17.646735801347656,-43.72970756551908,-82.17551485013429,-3.7517044869394525,0.2147352720030033,-2.219368909911883,-2.807702864955425,-0.17300371934475856,0.060693930606939304,0.8185935504810175,0.0,0.0
6327,Interpeduncular fossa,IPF,2,False,6,6,0,0,,,,,,,,,,,,,,,,,,,
5877,"Interpeduncular nucleus, intermediate",IPI,7,True,6,6,6,6,41.746342998661056,50.38368125587266,40.19973811553484,63.20002713612155,38.08315798358565,43.061195143848536,15.54738414226406,17.579659302806967,-8.637338257211603,-50.7110860878379,34.35678391169019,0.8285687341235145,-0.2713067133537303,-1.8552634285117633,1.2954371323069904,0.5866413358664133,0.9457680430040064,0.0,0.0
5876,"Interpeduncular nucleus, lateral",IPL,7,True,6,6,6,6,60.13336702021942,80.69517494336743,63.99825421963777,66.89485442705443,22.01607390958829,80.24071032360187,8.988024536315477,32.75813281521651,-20.561807923148017,-84.57747191282364,36.62722368711871,0.7451916060956746,-0.424316671161149,-1.368218218260287,1.2190980078208855,0.585041495850415,0.9457680430040064,0.0,0.0
15872,Interpeduncular nucleus,IPN,6,False,6,6,6,6,44.76514839536551,65.59518193629488,40.17052950809541,46.30063132380066,30.73333484450996,48.20754424700278,12.546831410524666,19.68064752629992,-20.83003354092937,-65.87795770913549,16.524161809096867,0.6824456777761634,-0.5512138818540993,-1.693844475632192,0.44448485086513334,0.46205379462053797,,0.0,
5872,"Interpeduncular nucleus, subregion",IPN_sub,7,True,6,6,6,6,0.0,15.259895088221265,0.0,0.0,0.0,37.378956494545385,0.0,15.259895088221265,-15.259895088221265,-45.779685264663804,0.0,0.0,,,,1.0,1.0,0.0,0.0
5873,"Interpeduncular nucleus, rostral",IPR,7,True,6,6,6,6,41.69241571950503,100.69393879178988,28.230213792615807,87.44089303264755,48.991854497042944,95.77033636502216,20.0008408450721,39.098076098169436,-59.00152307228485,-140.6100869326055,15.85398359585083,0.41405089740023593,-1.2721199722990995,-3.082115726393679,0.41773222230717655,0.21277872212778723,0.8185935504810175,0.0,0.0
5880,"Interpeduncular nucleus, rostrolateral",IPRL,7,True,6,6,6,6,248.30173139865983,134.88441688168132,135.12413512413508,84.78308549370529,262.02301336023055,117.47875445247725,106.97044726650407,47.960500671047775,113.41731451697851,-89.82793749028801,337.8791680406451,1.8408481657037266,0.8803706372148503,-1.0252871480759105,2.4053237070300173,0.3695630436956304,0.8901935893367185,0.0,0.0
5980,Intermediate reticular nucleus,IRN,6,True,6,6,6,6,148.8837007557686,218.53332121855817,148.8329395849912,209.47574141609994,106.409902692664,79.7113403871716,43.4416608627061,32.542018443645894,-69.64962046278958,-167.43418262124538,28.19434733012806,0.6812860387861307,-0.5536674521613139,-1.611617290256128,0.20848790087835947,0.22207779222077792,0.828285675369471,0.0,0.0
5981,Inferior salivatory nucleus,ISN,6,True,6,6,6,6,211.3639673932611,87.44635193133047,235.69723050358155,0.0,199.36010996994648,135.69589396068824,81.38842408191839,55.397616732416616,123.91761546193064,-49.17200522634284,303.8722017717363,2.417070154730299,1.2732593474984732,-0.6135484096978144,2.857589898802696,0.32196780321967805,0.8849294711247438,0.0,0.0
5859,Trochlear nucleus,IV,5,True,6,6,6,6,0.0,0.0,0.0,0.0,0.0,0.0,0.0,0.0,0.0,0.0,0.0,,,,,1.0,1.0,0.0,0.0
6300,interventricular foramen,IVF,2,False,6,6,0,0,,,,,,,,,,,,,,,,,,,
6125,trochlear nerve decussation,IVd,4,False,6,6,0,0,,,,,,,,,,,,,,,,,,,
6124,trochlear nerve,IVn,3,True,6,6,6,6,36.28117913832198,76.46356033452805,0.0,0.0,88.87037615539873,187.29670673610914,36.28117913832199,76.46356033452805,-40.18238119620607,-193.10950186526216,72.56235827664396,0.4744897959183673,-1.075551033007177,-2.660513533728333,0.5094114677139792,1.0,1.0,0.0,0.0
6145,glossopharyngeal nerve,IXn,3,False,6,6,0,0,,,,,,,,,,,,,,,,,,,
6107,olfactory nerve,In,3,False,6,6,6,6,83.8911218564407,196.77046328375226,81.11815880527037,207.6571940572388,53.97179338924757,75.71161359722846,22.033892384429148,30.90913681932909,-112.87934142731156,-179.79093176059683,-44.735542825368604,0.426340012908674,-1.2299236332614278,-2.173241296773612,-0.495841376478088,0.012598740125987402,,1.0,
5853,Intercollicular nucleus,InCo,5,False,6,6,0,0,,,,,,,,,,,,,,,,,,,
5708,Intermediate geniculate nucleus,IntG,7,True,6,6,6,6,42.30154738087452,69.63998288574362,32.03203203203203,33.97027600849256,50.559235370057095,88.7283126432331,20.640721406985886,36.223181952343076,-27.338435504869103,-105.19022708677987,44.18988326830111,0.6074319037423873,-0.7192054106787064,-2.931998959499889,1.6413906877119715,0.49075092490750927,0.919927607239276,0.0,0.0
5005,Isocortex,Isocortex,5,False,6,6,6,6,680.1823392939407,822.6963277424243,551.2224440333187,764.3306682880745,386.32654309630044,243.30815305964077,157.71715077987858,99.33013754251827,-142.5139884484836,-455.17823730732107,198.61532302459273,0.8267720620079115,-0.27443845634610387,-0.9955751936238442,0.34720684487568404,0.46085391460853914,,0.0,
5893,Koelliker-Fuse subnucleus,KF,7,True,6,6,6,6,74.94571868792987,137.21763478711395,42.40015873249478,118.6682692717336,78.42707162570369,77.69716290315309,32.01771791728047,31.719733929104525,-62.27191609918408,-141.29646974179303,18.78033476694184,0.5461813913656526,-0.8725479331858893,-2.324012192634958,0.23317725418260007,0.21097890210978903,0.8185935504810175,0.0,0.0
5561,Lateral amygdalar nucleus,LA,5,True,6,6,6,6,956.2005387322338,1049.4845311618546,945.2095112050041,1052.2789767985082,345.4006156502417,285.0283834692977,141.009210864377,116.36235028501919,-93.28399242962087,-424.0414652896938,230.07383499660523,0.9111144665216278,-0.1342957786107632,-0.6500057774321176,0.3291165445382347,0.6279372062793721,0.9457680430040064,0.0,0.0
5669,Lateral group of the dorsal thalamus,LAT,6,False,6,6,6,6,61.48549402881039,63.00083569937791,50.38577649282293,52.27705322800254,40.602214624985635,30.494457670818505,16.575784709697245,12.44931021273429,-1.5153416705675156,-37.17668003823112,37.064069782480935,0.9759472766710858,-0.03512488330792035,-0.9731538020271272,0.8106396432431361,0.9455054494550545,,0.0,
6004,Lateral vestibular nucleus,LAV,7,True,6,6,6,6,808.0597374562464,1127.6438290903766,563.0386875615043,1155.5555555555552,718.0406433079237,384.9123719476972,293.13886511403234,157.13981782603798,-319.58409163413023,-867.9735113861192,296.10032268271556,0.7165912822917451,-0.4807776023727208,-1.8475517257949219,0.3726355206789526,0.34926507349265073,0.8901935893367185,0.0,0.0
5930,Locus ceruleus,LC,6,True,6,6,6,6,140.8514708135842,249.24919911480615,0.0,0.0,259.01844929621825,392.3382423235975,105.7438391237819,160.1714167122055,-108.39772830122195,-464.84960748302973,215.29574784220097,0.5651030025926258,-0.8234142401280182,-3.5429118614921746,1.2223466810288792,0.7321267873212679,0.9768784749432035,0.0,0.0
5684,Lateral dorsal nucleus of thalamus,LD,7,True,6,6,6,6,58.225445151358315,95.50160980493054,39.07799017746157,50.18049575782551,44.8817977504045,82.71538249783761,18.322917204547494,33.76841349980674,-37.27616465357222,-110.09896749704468,26.552487185801986,0.6096802480114033,-0.7138752875473835,-1.953210761624239,0.6079257460323091,0.3711628837116288,0.8901935893367185,0.0,0.0
5931,Laterodorsal tegmental nucleus,LDT,6,True,6,6,6,6,47.09450712729205,131.37109717627064,31.30807531939125,93.89835779562573,40.6843733907188,118.50807757646226,16.60932588535443,48.380720076749576,-84.27659004897859,-183.42129594937919,-2.223334234675932,0.3584845383768223,-1.4800171988001238,-2.8522724710772795,-0.04657810284922201,0.09549045095490451,0.8185935504810175,0.0,0.0
5664,Dorsal part of the lateral geniculate complex,LGd,7,False,6,6,6,6,48.300878650236484,71.8078921780056,38.35651822938521,71.20255974662835,33.826893709066866,13.718916256209477,13.809771528429351,5.600724108614419,-23.507013527769118,-47.625715936445005,4.983182306989171,0.6726402514434312,-0.5720929811725944,-1.4510422949339463,0.10328591691682319,0.15308469153084692,,0.0,
5666,"Dorsal part of the lateral geniculate complex, core",LGd-co,8,True,6,6,6,6,53.98614880526887,88.82788949497755,45.664455769798266,88.12749453050985,41.23168083481185,13.776448599529644,16.832763213763563,5.624211589421257,-34.841740689708686,-63.3389853148937,0.197400660051751,0.6077612460703721,-0.7184234106237439,-1.6912365279379382,0.0033949606967937675,0.08189181081891811,0.8185935504810175,0.0,0.0
5667,"Dorsal part of the lateral geniculate complex, ipsilateral zone",LGd-ip,8,True,6,6,6,6,9.87397423933413,34.576849118946996,0.0,19.489711641127027,16.417392111682084,39.51107846707663,6.702372263469122,16.130330238567584,-24.702874879612864,-57.19857444210648,3.4733341753277296,0.2855660504335403,-1.8081036203609904,-3.8701279585886623,0.5828049896594705,0.28857114288571145,0.8523845728634685,0.0,0.0
5665,"Dorsal part of the lateral geniculate complex, shell",LGd-sh,8,True,6,6,6,6,51.61974969810882,52.491552334854305,48.62415591278411,56.96237867608607,35.899544089515985,27.070054327998612,14.65592750297698,11.05130340216933,-0.8718026367454854,-33.21489012819377,32.20935015473098,0.983391563061727,-0.02416211717567254,-1.1001590471608231,0.8839344732142589,0.95000499950005,1.0,0.0,0.0
5709,Ventral part of the lateral geniculate complex,LGv,7,True,6,6,6,6,209.35671103860022,262.8171806623455,131.8870866405536,251.1326987148804,160.56943339102688,79.0035527355564,65.55219668263786,32.25306534486255,-53.46046962374527,-172.8759964615951,85.15485788033001,0.7965868536865989,-0.3280964242207275,-1.3424071902037034,0.4362852229485132,0.48155184481551844,0.919927607239276,0.0,0.0
5710,"Ventral part of the lateral geniculate complex, lateral zone",LGvl,8,False,6,6,0,0,,,,,,,,,,,,,,,,,,,
5711,"Ventral part of the lateral geniculate complex, medial zone",LGvm,8,False,6,6,0,0,,,,,,,,,,,,,,,,,,,
5715,Lateral habenula,LH,7,True,6,6,6,6,170.42800756077386,175.94271698843605,160.58593069478655,174.7048128606269,93.08613851943387,78.72308292302498,38.00225691644123,32.13856402336988,-5.514709427662183,-89.28766221618342,87.38189963159813,0.9686562221951782,-0.04594335343015765,-0.8191474601641261,0.7417168078111769,0.9233076692330767,1.0,0.0,0.0
5796,Lateral hypothalamic area,LHA,6,True,6,6,6,6,184.0840804001708,233.11296691000848,124.24029962743649,253.77128891574228,163.34896430728853,92.73574212927781,66.68693542749313,37.85920818917531,-49.02888650983769,-167.5950266358639,101.80864605791345,0.7896775663759411,-0.3406643888699096,-1.3605766867053342,0.5869415222626863,0.553944605539446,0.9457680430040064,0.0,0.0
5982,Linear nucleus of the medulla,LIN,6,True,6,6,6,6,62.88344251507664,77.64521996453414,54.71803461753209,70.90648366772913,44.22448835707525,46.096232071772924,18.054571768414988,18.818707940126792,-14.761777449457497,-61.30211187007505,33.091168974057936,0.8098816970806418,-0.3042169121988577,-1.3888732828669765,0.6903420871658038,0.5887411258874112,0.9457680430040064,0.0,0.0
6022,Lingula (I),LING,5,True,6,6,6,6,156.0808691199825,99.66098698339304,90.12601899886987,69.1044117613441,206.9229234646724,105.81687123808938,84.47592976223729,43.199556785184704,56.419882136589464,-91.78335215695212,240.6582387761193,1.5661180351945638,0.6471929497761586,-1.3552684883249717,2.750964008441834,0.6791320867913209,0.9577027191540665,0.0,0.0
6025,"Lingula (I), granular layer",LINGgr,6,False,6,6,0,0,,,,,,,,,,,,,,,,,,,
6023,"Lingula (I), molecular layer",LINGmo,6,False,6,6,0,0,,,,,,,,,,,,,,,,,,,
6024,"Lingula (I), Purkinje layer",LINGpu,6,False,6,6,0,0,,,,,,,,,,,,,,,,,,,
5765,Lateral mammillary nucleus,LM,7,True,6,6,6,6,3.8563509279344412,0.0,0.0,0.0,9.446092042547805,0.0,3.856350927934442,0.0,3.8563509279344412,0.0,11.569052783803324,,,,,1.0,1.0,0.0,0.0
5670,Lateral posterior nucleus of the thalamus,LP,7,True,6,6,6,6,86.3331384272165,103.85163775420294,45.92812500145066,87.2857012590608,76.96883434686109,54.90169975552974,31.422395041102305,22.413525068755305,-17.518499326986444,-82.66587625723957,52.58258687741193,0.8313122478775983,-0.26653762769656414,-1.6014964269152727,0.7228661067497397,0.6396360363963604,0.9457680430040064,0.0,0.0
5797,Lateral preoptic area,LPO,6,True,6,6,6,6,44.490606745234345,66.92525470699927,22.267964669380063,49.43263677948863,49.65077196603532,61.49530190466742,20.269842775345015,25.105351874139615,-22.434647961764924,-81.66043255470333,33.70170602271181,0.6647805367348324,-0.5890499509968932,-2.5320285630158086,0.9312959647949216,0.5121487851214879,0.9207766723327667,0.0,0.0
5983,Lateral reticular nucleus,LRN,6,False,6,6,6,6,35.04229857185536,82.16949992304231,22.639302971385128,64.70007662740767,34.794892946307215,59.74610914880177,14.204955562203047,24.39124692186569,-47.12720135118695,-99.79236267340104,3.0030073875235317,0.42646357352393544,-1.2295055761824703,-2.918258362667125,0.07970398804794492,0.126987301269873,,0.0,
5984,"Lateral reticular nucleus, magnocellular part",LRNm,7,True,6,6,6,6,38.31200223216089,90.71276094501395,25.126861261844418,71.49382959099079,38.14848594631477,65.71952755899677,15.57405417136771,26.829884776053166,-52.40075871285306,-110.20396702262067,2.8803726795754203,0.42234413144346833,-1.2435090902579173,-2.918070670307939,0.07078509197209314,0.12098790120987901,0.8185935504810175,0.0,0.0
5985,"Lateral reticular nucleus, parvicellular part",LRNp,7,True,6,6,6,6,5.41730150668698,0.0,0.0,0.0,13.269624474193614,0.0,5.4173015066869805,0.0,5.41730150668698,0.0,16.25190452006094,,,,,1.0,1.0,0.0,0.0
5588,Lateral septal nucleus,LS,6,False,6,6,6,6,128.82346094289628,211.54221030918677,99.55447168605782,191.33414706351732,73.65496904966227,67.13362706789721,30.069515198693367,27.407188483107557,-82.7187493662905,-156.62140024131045,-10.351388743668666,0.6089728416594018,-0.715550205141581,-1.4869566680937143,-0.08198797331079623,0.0664933506649335,,0.0,
5586,Lateral strip of striatum,LSS,6,False,6,6,0,0,,,,,,,,,,,,,,,,,,,
5587,Lateral septal complex,LSX,5,False,6,6,6,6,116.95785564932851,196.20466807833517,89.37281072924071,178.04109585312864,67.65938400651275,62.28618802785936,27.621827854496868,25.42822978188432,-79.24681242900667,-147.87674471358272,-11.832832727217665,0.5961012895097522,-0.7463706006805986,-1.524475737050816,-0.10486235443057418,0.0570942905709429,,0.0,
5589,"Lateral septal nucleus, caudal (caudodorsal) part",LSc,7,True,6,6,6,6,99.40975901498791,208.35544822646546,98.64101558604492,197.51065838895016,63.027489241860934,34.79238100996788,25.730864735219246,14.20393006848676,-108.94568921147754,-162.1747406620031,-57.313294949977816,0.4771161966781765,-1.067587432520999,-1.9866749434085713,-0.4885739264928231,0.0023997600239976003,0.4283571642835716,1.0,0.0
5590,"Lateral septal nucleus, rostral (rostroventral) part",LSr,7,True,6,6,6,6,137.18927719186658,218.60982103855724,102.01515924641811,188.35858643616695,85.57017970470498,76.62205705105715,34.93387957913136,31.28082380291867,-81.42054384669066,-166.30219310382864,3.577423737235704,0.6275531288581488,-0.6721904916079625,-1.5277944255566351,0.027351436789348156,0.11158884111588842,0.8185935504810175,0.0,0.0
5591,"Lateral septal nucleus, ventral part",LSv,7,True,6,6,6,6,129.00823483622582,186.4411227441168,138.00077051777794,183.768081896477,68.18541918779036,83.3480362215882,27.8365808179773,34.02669330098352,-57.43288790789097,-136.82134519791282,18.892010266950454,0.691951608837309,-0.531256947388898,-1.3393090055337717,0.18074947820548218,0.22917708229177083,0.828285675369471,0.0,0.0
5863,Lateral terminal nucleus of the accessory optic tract,LT,5,True,6,6,6,6,336.97103285937396,170.10935473532527,193.35204329342662,121.82741116751268,458.7565033978294,205.24745168126583,187.28655825134325,83.7919212709411,166.8616781240487,-153.9086933005514,576.1464213917433,1.9809083009201365,0.9861620973552334,-1.1286988744894015,3.2041534383272054,0.5784421557844216,0.9457680430040064,0.0,0.0
5911,Lateral tegmental nucleus,LTN,6,False,6,6,0,0,,,,,,,,,,,,,,,,,,,
5795,Hypothalamic lateral zone,LZ,5,False,6,6,6,6,126.49937600759513,128.8865559715971,88.12734347655288,135.3596842761657,103.85924009117592,51.16861533685805,42.40035721609848,20.889499736675305,-2.387179964001959,-74.56150225967475,90.46261546529904,0.9814784408970628,-0.026971517009972742,-1.0211940997130249,0.8513792724994311,0.9687031296870313,,0.0,
5616,Magnocellular nucleus,MA,6,True,6,6,6,6,38.50503013501159,20.110291663682563,29.262599150682902,14.70101075511252,26.368462456197452,13.073540189394578,10.764879719903165,5.3372504326309445,18.394738471329024,-2.376328397038904,40.98722263339424,1.9146927741753403,0.9371129202276754,-0.14095341638469383,1.9641477914473366,0.14528547145285473,0.8185935504810175,0.0,0.0
5857,Medial accesory oculomotor nucleus,MA3,5,True,6,6,6,6,30.985249940932253,32.002489348460905,0.0,0.0,48.0021617866158,49.68279137252248,19.596800487955676,20.282914643305066,-1.0172394075286526,-48.87833198066857,46.51162790697674,0.9682137412358025,-0.04660252529913927,-2.008826461042765,1.878356644002364,1.0,1.0,0.0,0.0
5986,Magnocellular reticular nucleus,MARN,6,True,6,6,6,6,63.78791239748697,112.60579181660422,41.88207904244226,111.59880132448602,66.84155954550069,74.06667778829059,27.287952416389164,30.23759458740741,-48.817879419117254,-120.58335515457122,23.77716370005488,0.5664709724822623,-0.8199260645765034,-2.7411317895078304,0.4018265173519728,0.254974502549745,0.8481592630210664,0.0,0.0
15808,Midbrain,MB,3,False,6,6,6,6,258.5213076559498,318.9789322376152,216.29337659460913,301.25272848726183,176.50521833352948,102.512206560479,72.05795364261431,41.850433079993955,-60.457624581665414,-202.29409141080336,93.76998292422859,0.8104651484110272,-0.3031779465234924,-1.214770782467515,0.4043805512979934,0.46145385461453853,,0.0,
5764,Mammillary body,MBO,6,False,6,6,6,6,16.620689889789425,28.5115876797563,16.170441944082746,20.319958725933525,11.081544781530734,24.9753054306792,4.524021712758665,10.196125745887619,-11.890897789966875,-33.878486331755376,4.718043404923227,0.5829450845205085,-0.7785681120130674,-1.9824414703914817,0.3407480606177809,0.36106389361063895,,0.0,
5808,"Midbrain, subregion",MB_sub,4,True,6,6,6,6,277.65376122076435,334.89024363309994,238.05842997832042,323.7916726312502,134.3701340940411,78.31798312911842,54.856377533292324,31.97318272504026,-57.23648241233559,-168.9000895908908,55.88104620062406,0.8290888328325178,-0.27040140713388,-0.8996711394208033,0.24430281042318747,0.37936206379362064,0.8901935893367185,0.0,0.0
5823,"Midbrain, motor related",MBmot,4,False,6,6,6,6,137.39710970476546,179.18827598883706,112.16080609726771,157.29773555972486,105.76180495572972,66.62783481464272,43.17707606954917,27.20069966038655,-41.79116628407161,-126.67978955732758,54.656147753296175,0.7667751081735108,-0.3831245913418139,-1.3816103284752397,0.418414030112477,0.42155784421557846,,0.0,
5809,"Midbrain, sensory related",MBsen,4,False,6,6,6,6,625.4607293916433,749.8987146740561,510.98826808151875,711.1533148388007,471.56401963510996,250.6983350246127,192.5152048603012,102.34716669593494,-124.4379852824128,-494.3662080389874,282.18004802677183,0.834060276611489,-0.2617764454786682,-1.2862597613425093,0.5025332647220964,0.5628437156284372,,0.0,
5867,"Midbrain, behavioral state related",MBsta,4,False,6,6,6,6,112.19975358261327,134.999667974639,103.16737850163035,123.16628957604615,79.07942744206282,34.30355754168596,32.28404106408325,14.00436872322205,-22.79991439202574,-85.74007677754645,40.37844842663695,0.8311113298715007,-0.26688635159138047,-1.248113293602364,0.40938479392989124,0.5426457354264573,,0.0,
5687,Mediodorsal nucleus of thalamus,MD,7,True,6,6,6,6,74.13640455922258,19.11707055352949,64.13123886574942,19.022526303971908,57.71795652070471,5.960906147346625,23.563257078645275,2.433529744269792,55.019334005693096,20.028622851680886,102.0061754499347,3.8780211827766227,1.9553206838478312,0.977345865970707,2.733986134308604,0.004299570042995701,0.49337566243375663,1.0,0.0
5987,Medullary reticular nucleus,MDRN,6,False,6,6,6,6,198.2963117886112,322.726854496578,129.9996128759833,308.42182628257206,224.55896544128797,126.84159621216517,91.67581374973952,51.78286481332404,-124.43054270796682,-297.40598636780396,81.41522947934463,0.614440072233635,-0.7026557868238588,-2.411998231002003,0.3675087727227083,0.25337466253374663,,0.0,
5988,"Medullary reticular nucleus, dorsal part",MDRNd,7,True,6,6,6,6,82.00446807908632,124.05831987769032,47.89659646218723,138.57317674034618,94.81084365145082,51.66479645432761,38.706364838141404,21.0920648296427,-42.053851798604,-109.91519002502154,44.898333052312914,0.6610154656288664,-0.5972440683509896,-2.17935232162272,0.49749521284403797,0.36246375362463756,0.8901935893367185,0.0,0.0
5989,"Medullary reticular nucleus, ventral part",MDRNv,7,True,6,6,6,6,364.17475284026904,606.1956630501668,247.0522823510292,597.0437839138124,409.81400700826316,264.0032671082063,167.305867769269,107.77888247379981,-242.02091020989775,-578.5391735683482,141.0414472189073,0.6007544676381678,-0.7351526225843013,-2.509349915537072,0.35469772271755684,0.24797520247975202,0.8481592630210664,0.0,0.0
5688,"Mediodorsal nucleus of the thalamus, central part",MDc,8,False,6,6,0,0,,,,,,,,,,,,,,,,,,,
5689,"Mediodorsal nucleus of the thalamus, lateral part",MDl,8,False,6,6,0,0,,,,,,,,,,,,,,,,,,,
5690,"Mediodorsal nucleus of the thalamus, medial part",MDm,8,False,6,6,0,0,,,,,,,,,,,,,,,,,,,
5807,Median eminence,ME,5,True,6,6,6,6,3.534349458802738,3.655471784327164,0.0,0.0,8.657352746748586,8.95404064074271,3.5343494588027395,3.655471784327164,-0.12112232552442581,-7.432065894178754,10.48192605088379,0.9668654738237242,-0.0486129226087925,-1.6335754233299487,1.5363495781123637,1.0,1.0,0.0,0.0
5602,Medial amygdalar nucleus,MEA,6,True,6,6,6,6,270.15298732884753,356.07003497287957,199.7001301347529,359.90877746098096,164.1400259245224,174.26927987332843,67.00988498038043,71.14513558865482,-85.91704764403204,-252.1765742532336,95.05987619599362,0.7587074473970381,-0.39838439574414847,-1.244212161701198,0.45082383460108183,0.39836016398360163,0.8901935893367185,0.0,0.0
5603,"Medial amygdalar nucleus, anterodorsal part",MEAad,7,False,6,6,0,0,,,,,,,,,,,,,,,,,,,
5604,"Medial amygdalar nucleus, anteroventral part",MEAav,7,False,6,6,0,0,,,,,,,,,,,,,,,,,,,
5605,"Medial amygdalar nucleus, posterodorsal part",MEApd,7,False,6,6,0,0,,,,,,,,,,,,,,,,,,,
5606,"Medial amygdalar nucleus, posterodorsal part, sublayer a",MEApd-a,8,False,6,6,0,0,,,,,,,,,,,,,,,,,,,
5607,"Medial amygdalar nucleus, posterodorsal part, sublayer b",MEApd-b,8,False,6,6,0,0,,,,,,,,,,,,,,,,,,,
5608,"Medial amygdalar nucleus, posterodorsal part, sublayer c",MEApd-c,8,False,6,6,0,0,,,,,,,,,,,,,,,,,,,
5609,"Medial amygdalar nucleus, posteroventral part",MEApv,7,False,6,6,0,0,,,,,,,,,,,,,,,,,,,
5685,Medial group of the dorsal thalamus,MED,6,False,6,6,6,6,73.80260933165435,25.14512356098143,62.75089122372926,25.798737994181757,43.79939281321562,6.647491702135683,17.881027239350487,2.713827123269608,48.65748577067292,21.02456705898202,84.13462671706802,2.9350664812869107,1.5533931817464657,0.8465972037193128,2.1985045666264047,0.005099490050994901,,1.0,
5745,Median preoptic nucleus,MEPO,6,True,6,6,6,6,38.30776851281342,95.27923613561836,48.46451996056088,85.22377169846828,32.108885472654855,77.30779464262561,13.108397602911312,31.560775002383295,-56.971467622804944,-118.5490701842022,-0.3238903558280626,0.40205788864939035,-1.3145248580235043,-2.836274562070868,-0.013968039335559339,0.1334866513348665,0.8185935504810175,0.0,0.0
5821,Midbrain trigeminal nucleus,MEV,5,True,6,6,6,6,374.2789702153694,83.31350345039961,408.8410834918344,0.0,274.0203838609583,136.79630693531362,111.86835326348776,55.84685844811168,290.9654667649698,67.2830698080677,511.14890994033493,4.492416651739955,2.1674917375166536,0.5184743677549757,4.000227528437417,0.051294870512948704,0.8185935504810175,0.0,0.0
5758,Hypothalamic medial zone,MEZ,5,False,6,6,6,6,79.00337608146914,118.86814117749715,54.333296067911256,112.9167458267919,72.79296231643146,59.30575785350502,29.717602423483548,24.211474258357246,-39.86476509602801,-104.93138123817465,31.880480438198475,0.6646303652002024,-0.589375887438214,-1.989125369011934,0.43107460556346006,0.31196880311968805,,0.0,
5660,Medial geniculate complex,MG,7,False,6,6,6,6,87.39049093731934,165.24291956105762,58.796564007112046,142.71193596593034,70.56240952081792,84.83974540101386,28.80698305788493,34.63568102335329,-77.85242862373828,-157.9889841977056,3.9376061928935653,0.5288607292188902,-0.9190402434721991,-1.957456074108916,0.04090990932815127,0.12288771122887711,,0.0,
5661,"Medial geniculate complex, dorsal part",MGd,8,True,6,6,6,6,210.97504896668667,398.96258949623797,109.37593416888407,337.67176476482393,246.86938279943075,250.10581926484124,100.7840034957366,102.10527314993534,-187.9875405295513,-437.43707714280464,72.80522973064959,0.5288091027108096,-0.9191810838460037,-2.307388041467717,0.32309757386035143,0.23827617238276172,0.847819869175873,0.0,0.0
5663,"Medial geniculate complex, medial part",MGm,8,True,6,6,6,6,22.374016146012035,13.807901699598126,17.402963932117178,16.40605356533308,21.252451515286367,9.756390373326902,8.676276999281795,3.9830296910087983,8.56611444641391,-6.804906419411072,26.927275671706848,1.6203777107323427,0.696330145137555,-0.7235388417140186,2.0487409648803356,0.4430556944305569,0.9007712962609318,0.0,0.0
5662,"Medial geniculate complex, ventral part",MGv,8,True,6,6,6,6,71.5359005612866,162.23470962730957,58.57302492276206,131.14935537184908,44.33808630821404,126.24981366941653,18.100947937767593,51.541270601920544,-90.69880906602297,-200.073866543785,-3.881860089782792,0.44094078712022233,-1.181343162151256,-2.24170750281797,-0.056809531790459965,0.08839116088391161,0.8185935504810175,0.0,0.0
5714,Medial habenula,MH,7,True,6,6,6,6,48.26274255547258,50.90849080096074,42.23812917275451,42.831211478942876,36.941050109824786,45.34584735546904,15.08112055527587,18.512364662505522,-2.6457482454881642,-46.58600989153339,37.59384944679023,0.9480293325560883,-0.07699639728436772,-1.3492279588106109,1.2329643289897008,0.9014098590140985,1.0,0.0,0.0
5766,Medial mammillary nucleus,MM,7,False,6,6,6,6,9.587573496517813,17.243910734873857,7.385284391224092,15.321178038411121,8.634998599826767,9.83940755828598,3.525223416537129,4.0169213148474645,-7.656337238356045,-17.11092586273588,1.824949741716342,0.5559976297678246,-0.8468493621714823,-2.319697080694804,0.2068726078380071,0.18018198180181982,,0.0,
5771,"Medial mammillary nucleus, dorsal part",MMd,8,True,6,6,6,6,6.508474307419704,16.188406457298985,0.0,10.392984735303665,10.093757836162817,18.836929479504285,4.120759380969692,7.6901442575959695,-9.679932149879281,-25.535546033612345,6.335148195093551,0.4020453974013718,-1.3145696807767127,-3.0255719943241166,0.9097437598684838,0.31256874312568744,0.8789666487896666,0.0,0.0
5768,"Medial mammillary nucleus, lateral part",MMl,8,True,6,6,6,6,14.321761668848943,27.752763278186123,12.099537422503872,18.71482790210705,16.922148625366113,22.143426222371506,6.908438247281126,9.040015900295844,-13.43100160933718,-33.42911762841936,6.72812689468004,0.516048132767592,-0.9544224601175781,-2.902174383996696,0.46239629077912836,0.26517348265173485,0.8481592630210664,0.0,0.0
5769,"Medial mammillary nucleus, medial part",MMm,8,True,6,6,6,6,11.573745319724916,13.166761858256754,5.437553101104502,10.73491750445109,14.92800182152207,13.301686521138185,6.094331223677819,5.430390782540874,-1.5930165385318382,-15.334881694642263,13.561396860774389,0.8790122768467273,-0.18604477977783665,-2.4701479576917524,1.7305667363558643,0.8943105689431057,1.0,0.0,0.0
5767,"Medial mammillary nucleus, median part",MMme,8,True,6,6,6,6,3.1089089672593015,8.401155158834337,0.0,0.0,7.615240626548303,20.57854338909469,3.108908967259302,8.401155158834339,-5.292246191575035,-25.203465476503013,6.217817934518603,0.37005732050908385,-1.4341793387154707,-3.0191418394366267,0.15078316200568556,1.0,1.0,0.0,0.0
5770,"Medial mammillary nucleus, posterior part",MMp,8,True,6,6,6,6,0.0,0.0,0.0,0.0,0.0,0.0,0.0,0.0,0.0,0.0,0.0,,,,,1.0,1.0,0.0,0.0
5012,Somatomotor areas,MO,6,False,6,6,6,6,531.5664742406109,616.2706224718079,456.9286024095951,558.8115989749833,306.33232598554696,207.27972520283396,125.05964839741836,84.62159346187627,-84.704148231197,-346.3347686170366,193.4998674421617,0.8625536490909529,-0.2133139026073071,-0.9948652350698437,0.4404741276186484,0.5811418858114189,,0.0,
5013,"Somatomotor areas, Layer 1",MO1,7,False,6,6,0,0,,,,,,,,,,,,,,,,,,,
5014,"Somatomotor areas, Layer 2/3",MO2/3,7,False,6,6,0,0,,,,,,,,,,,,,,,,,,,
5015,"Somatomotor areas, Layer 5",MO5,7,False,6,6,0,0,,,,,,,,,,,,,,,,,,,
5016,"Somatomotor areas, Layer 6a",MO6a,7,False,6,6,0,0,,,,,,,,,,,,,,,,,,,
5017,"Somatomotor areas, Layer 6b",MO6b,7,False,6,6,0,0,,,,,,,,,,,,,,,,,,,
5380,Main olfactory bulb,MOB,6,True,6,6,6,6,219.3434347895418,326.27490660187595,133.2577396461864,285.6775553869069,200.96354378698058,195.48056486849924,82.0430231965945,79.8046064264751,-106.93147181233417,-304.94125967780553,93.2166902112444,0.6722657193407366,-0.5728965103901265,-1.9886347275365703,0.4900709443456633,0.3721627837216278,0.8901935893367185,0.0,0.0
5381,"Main olfactory bulb, glomerular layer",MOBgl,7,False,6,6,0,0,,,,,,,,,,,,,,,,,,,
5382,"Main olfactory bulb, granule layer",MOBgr,7,False,6,6,0,0,,,,,,,,,,,,,,,,,,,
5383,"Main olfactory bulb, inner plexiform layer",MOBipl,7,False,6,6,0,0,,,,,,,,,,,,,,,,,,,
5384,"Main olfactory bulb, mitral layer",MOBmi,7,False,6,6,0,0,,,,,,,,,,,,,,,,,,,
5385,"Main olfactory bulb, outer plexiform layer",MOBopl,7,False,6,6,0,0,,,,,,,,,,,,,,,,,,,
5018,Primary motor area,MOp,7,True,6,6,6,6,591.2669579721079,653.5308818227267,530.5736484321017,585.2863404934509,336.39897437819747,218.25331440393325,137.33430620369597,89.10154249347777,-62.26392385061877,-349.5819758052588,240.99124835910075,0.9047268834841257,-0.1444457538633222,-0.9275050537164707,0.5044569141316818,0.7124287571242875,0.976133729910591,0.0,0.0
5019,"Primary motor area, Layer 1",MOp1,8,False,6,6,6,6,172.9603742943453,204.47653884101555,161.59324515887425,210.82698233367168,122.01929170963622,72.86815224564567,49.814167244070404,29.74829858354535,-31.51616454667024,-128.2859099205586,77.60636269184312,0.8458690433371691,-0.24149377096566885,-1.247722090134597,0.5312203869413894,0.595040495950405,,0.0,
5020,"Primary motor area, Layer 2/3",MOp2/3,8,False,6,6,6,6,679.328077328203,721.0004536078126,597.969647800721,712.3447317857006,398.45716957074654,212.82597305641613,162.66945830032688,86.88583966659006,-41.67237627960958,-353.8225113636756,304.2019084552497,0.9422020110097223,-0.08589168363014059,-0.8650609267584949,0.551117984921132,0.826017398260174,,0.0,
5021,"Primary motor area, Layer 5",MOp5,8,False,6,6,6,6,632.7045153011925,685.3011448132393,556.130967745813,579.6036044108456,352.31896814232186,269.95022007637124,143.83361644209512,110.20671585652217,-52.596629512046775,-372.1937449825932,274.8256077300007,0.9232503405106953,-0.11520620536548958,-0.8975825359632923,0.5598153062090865,0.7637236276372362,,0.0,
5022,"Primary motor area, Layer 6a",MOp6a,8,False,6,6,6,6,620.4353068398799,734.9187913934902,573.1644327366059,677.7633699436697,358.38996130977,274.69589147996396,146.31208902412362,112.14412809414213,-114.48348455361031,-444.30305249425857,219.9765514438236,0.844222945590306,-0.2443040532730305,-1.0678658635565323,0.43804201719654706,0.5468453154684532,,0.0,
5023,"Primary motor area, Layer 6b",MOp6b,8,False,6,6,6,6,1180.3627248918503,1490.1619474454194,1103.1566359126414,1405.7955480012074,780.2598632874898,652.6407764545448,318.53975530468523,266.4394812745761,-309.79922255356905,-1031.693302380916,456.964092912498,0.7921036548513019,-0.3362388608514934,-1.2855793332771785,0.4640899366636793,0.46685331466853314,,0.0,
5024,Secondary motor area,MOs,7,True,6,6,6,6,484.49217288388905,587.2201969985803,397.87420816384133,541.0799899318216,283.875179569978,200.62742740928815,115.89155676456566,81.90580426000467,-102.72802411469121,-345.80316903692466,155.7400403686269,0.8250604719664648,-0.2774282307908792,-1.0676357681385327,0.3802267423429182,0.47635236476352366,0.9186795606153672,0.0,0.0
5025,"Secondary motor area, layer 1",MOs1,8,False,6,6,6,6,176.59189426543057,190.0507010027335,185.20488128390116,179.53736729095476,109.15932886485784,64.24181576804811,44.564109397260836,26.226611463600083,-13.458806737302922,-104.88410085390447,80.88277132855943,0.929183072378621,-0.10596522315332754,-0.9933313477604055,0.5820095397842505,0.8128187181281872,,0.0,
5026,"Secondary motor area, layer 2/3",MOs2/3,8,False,6,6,6,6,608.5650095643367,723.3612195257156,519.1820519521319,662.3577960411691,356.73424285932924,256.2317938794773,145.6361447972417,104.60619181378554,-114.79620996137885,-423.5268538495708,210.76622877720294,0.8413016804568996,-0.24930486889542658,-1.0380459313695078,0.42414288704794034,0.5302469753024698,,0.0,
5027,"Secondary motor area, layer 5",MOs5,8,False,6,6,6,6,520.9311040583453,654.1323583396605,411.8199102265243,626.2363159855412,319.26342260668775,214.1638046624376,130.33874648682212,87.43200713267686,-133.2012542813152,-402.49119325721784,152.89763309301165,0.7963695686612862,-0.3284900018805108,-1.152261223175434,0.339565609599135,0.40345965403459655,,0.0,
5028,"Secondary motor area, layer 6a",MOs6a,8,False,6,6,6,6,552.8404203982423,687.2622481464954,557.8885187430367,656.6688596256489,327.78322480970866,273.02644958452237,133.81694117129567,111.46258129429935,-134.42182774825312,-447.30146758918306,177.94164235971016,0.804409702248624,-0.3139976123222161,-1.1798483074424062,0.3899710528615614,0.4547545245475452,,0.0,
5029,"Secondary motor area, layer 6b",MOs6b,8,False,6,6,6,6,815.971175721862,1071.1057248413774,782.6204845752627,1046.9206909298207,592.2238822113998,615.4781191260352,241.77438748467614,251.2678899511177,-255.13454911951544,-876.3392156424902,356.6577054067443,0.7618026463659329,-0.3925107953132604,-1.5643528117196304,0.5851182871881985,0.4707529247075293,,0.0,
5778,Medial preoptic nucleus,MPN,6,True,6,6,6,6,82.66780578012381,114.94529004965788,43.1705581181281,103.51342873665044,71.54290765569729,65.4214009961944,29.20726974525244,26.70817511644723,-32.27748426953407,-100.44188602690622,38.419120401979505,0.7191926328117509,-0.47554985248382037,-1.782192610786418,0.5623469339833265,0.42295770422957707,0.8987851214878513,0.0,0.0
5779,"Medial preoptic nucleus, central part",MPNc,7,False,6,6,0,0,,,,,,,,,,,,,,,,,,,
5780,"Medial preoptic nucleus, lateral part",MPNl,7,False,6,6,0,0,,,,,,,,,,,,,,,,,,,
5781,"Medial preoptic nucleus, medial part",MPNm,7,False,6,6,0,0,,,,,,,,,,,,,,,,,,,
5746,Medial preoptic area,MPO,6,True,6,6,6,6,106.37150052014813,114.21917941355345,76.38947952176895,114.2495787466841,76.09615537692436,75.13378572323097,31.06612534350187,30.673239577587246,-7.847678893405316,-84.16278320092626,70.92004601485547,0.9312928097216386,-0.10269325501197879,-1.1898372008935176,0.9774771968497157,0.8802119788021198,1.0,0.0,0.0
5847,Medial pretectal area,MPT,6,True,6,6,6,6,21.442299854939705,44.76017685163839,15.002344116268164,17.75804661487236,26.69171397921776,58.71605488930255,10.896846601566045,23.970729031340113,-23.317876996698686,-69.9154454022345,21.40949075148375,0.4790485954962181,-1.061756082088074,-3.1913895106309096,1.4738331543508285,0.37196280371962803,0.8901935893367185,0.0,0.0
5828,Midbrain reticular nucleus,MRN,5,True,6,6,6,6,40.75970650784811,53.02888448254824,32.684766248329964,50.96042356556605,27.634336931385427,14.32310931547596,11.281670810340495,5.847384892170092,-12.269177974700135,-33.07139254155937,11.091715320985251,0.7686321691579632,-0.37963473686622395,-1.278734260578303,0.2974798967119844,0.35026497350264973,0.8901935893367185,0.0,0.0
5829,"Midbrain reticular nucleus, magnocellular part",MRNm,6,False,6,6,0,0,,,,,,,,,,,,,,,,,,,
5830,"Midbrain reticular nucleus, magnocellular part, general",MRNmg,6,False,6,6,0,0,,,,,,,,,,,,,,,,,,,
5831,"Midbrain reticular nucleus, parvicellular part",MRNp,6,False,6,6,0,0,,,,,,,,,,,,,,,,,,,
5619,Medial septal nucleus,MS,7,True,6,6,6,6,26.303613568716273,75.39344839974599,28.1606197540384,50.34060848467374,19.089761359464614,69.76542184712864,7.793362440364539,28.48161420258051,-49.08983483102972,-107.13674947840029,-3.8741769991835766,0.3488846063818576,-1.5191781510853404,-2.8598441986179215,-0.1585552149634363,0.0964903509649035,0.8185935504810175,0.0,0.0
5618,Medial septal complex,MSC,6,False,6,6,6,6,22.439463828502312,46.07234817238941,20.246805541859004,38.697877976225016,13.004006655013809,35.44735076803505,5.308863486090086,14.471320352523213,-23.6328843438871,-53.22918278076335,0.9997325460769223,0.4870484079634996,-1.0378629253350764,-2.082628923124676,0.060232256785327405,0.15598440155984403,,0.0,
5865,Medial terminal nucleus of the accessory optic tract,MT,5,True,6,6,6,6,69.42437417448517,148.51264550240305,81.42804346428159,186.05507915797398,61.196302965688844,100.08158880136547,24.983286068451104,40.858137535064756,-79.08827132791788,-160.0856858253035,9.990729798162741,0.4674643963120422,-1.0970716062936796,-2.6340189857721086,0.14909957401709364,0.1366863313668633,0.8185935504810175,0.0,0.0
5693,Midline group of the dorsal thalamus,MTN,6,False,6,6,6,6,319.469741956143,152.63027660591658,290.60263239393447,140.20965174508467,195.6404445305199,70.22781504911767,79.86987702517497,28.67038543681464,166.83946535022645,27.35607065080332,327.4215549708001,2.0930954792213163,1.0656381234700156,0.21566060431592868,1.8675357735634246,0.06619338066193381,,0.0,
6005,Medial vestibular nucleus,MV,7,True,6,6,6,6,77.89212047290049,93.3307479601677,60.49365755272134,77.8725072398868,54.073151242396925,58.64173045289184,22.075271554702457,23.94038620723575,-15.438627487267212,-73.28579888794577,44.02728770494034,0.8345815519033855,-0.26087506413946204,-1.281216488953795,0.7843317732917845,0.6336366363363664,0.9457680430040064,0.0,0.0
15937,Medulla,MY,4,False,6,6,6,6,157.41433663630178,201.24402843417656,155.18839213311577,204.17214971210137,112.03713994752795,68.42387073070306,45.73897085203886,27.933928252729878,-43.82969179787477,-139.64216367631275,49.34391284964585,0.7822062491051222,-0.35437903297022866,-1.4088838967837627,0.36008143387110075,0.42715728427157285,,0.0,
5966,"Medulla, motor related",MY-mot,5,False,6,6,6,6,161.42184331498314,223.71466002797806,162.4256400247591,234.0766445774999,116.00239346459325,76.14578475612473,47.35777882163659,31.086386452717203,-62.29281671299492,-164.06554889556165,36.93942438329875,0.721552370751186,-0.47082398460465147,-1.5157214065442945,0.2520723576195078,0.27447255274472554,,0.0,
6012,"Medulla, behavioral state related",MY-sat,5,False,6,6,6,6,44.445944550781235,138.0591794258976,24.770280720542864,133.634254968657,48.79015394973499,105.30656685529269,19.918496941448005,42.99122589329174,-93.61323487511638,-184.08085988969412,-17.004571344113646,0.3219340049361753,-1.6351631224155763,-3.663346358238325,-0.31913271397309245,0.056894310568943104,,0.0,
5938,"Medulla, sensory related",MY-sen,5,False,6,6,6,6,149.31786962204717,111.61850695236312,116.90879065251251,112.73134621836029,103.74265824823215,27.21645140614286,42.35276287801756,11.111069759050624,37.69936266968405,-37.517565129822884,115.78293925461324,1.3377518988475048,0.4198105767478602,-0.5608526008816986,1.075408184844028,0.42075792420757924,,0.0,
5937,"Medulla, subregion",MY_sub,5,True,6,6,6,6,159.60991016272098,259.1959565954183,136.84344573592557,254.03515062714024,128.2624268408914,111.91927805522202,52.36291648854022,45.690853935994134,-99.58604643269732,-224.9997605622536,23.88256461989077,0.6157885804208658,-0.6994929815204591,-1.9497647984014386,0.15392710830258396,0.1740825917408259,0.8185935504810175,0.0,0.0
5818,Nucleus of the brachium of the inferior colliculus,NB,5,True,6,6,6,6,153.0763417978063,128.84022965809143,154.22752431674738,135.62586486865558,146.50422851349936,60.53728585384159,59.810100836363254,24.71424345915303,24.236112139714862,-86.52502872008323,140.7194244488758,1.1881098179041687,0.24866819171396742,-1.3606108810442914,1.2213685686321207,0.722027797220278,0.9768784749432035,0.0,0.0
5721,Nucleus circularis,NC,7,False,6,6,0,0,,,,,,,,,,,,,,,,,,,
5843,Nucleus of Darkschewitsch,ND,6,True,6,6,6,6,16.697976101315348,19.1105915294051,8.903728436282691,16.68693200167324,20.590255123516695,23.080596218566715,8.405936454390488,9.422613949116563,-2.412615428089751,-25.429410901238256,19.405980342758884,0.8737550627683341,-0.19469918501776262,-2.4593938314084136,1.928983653886507,0.9367063293670633,1.0,0.0,0.0
5620,Diagonal band nucleus,NDB,7,True,6,6,6,6,19.655479323643117,25.560425010909995,16.211019510322995,27.05422794433305,10.679433831448911,13.518510763221714,4.359860604810961,5.518908908702597,-5.904945687266878,-18.112887756934974,6.985854323301732,0.7689809271658644,-0.37898027904676235,-1.1849031256438032,0.48677234296711047,0.41085891410858916,0.8972443987828705,0.0,0.0
5932,Nucleus incertus,NI,6,True,6,6,6,6,26.575938263634054,90.95045137297359,31.55317492217218,54.36976660296407,21.887393313706298,110.05572383330335,8.935490903030782,44.93006111070912,-64.37451310933953,-158.34177176321327,-0.03987055523398487,0.2922023790145943,-1.7749601707548988,-3.443803789389578,-0.0012589112023409558,0.09979002099790021,0.8185935504810175,0.0,0.0
5996,Nucleus intercalatus,NIS,7,False,6,6,0,0,,,,,,,,,,,,,,,,,,,
5887,Nucleus of the lateral lemniscus,NLL,6,True,6,6,6,6,83.75656221181937,186.4058997069777,66.04543919965262,193.11271742489436,69.42307802886887,65.65483736400584,28.341852924025087,26.803475114538347,-102.64933749515832,-169.4334222997275,-32.86492442562922,0.4493235586614007,-1.1541733885280385,-2.3909094590179873,-0.3332199245228906,0.0268973102689731,0.8185935504810175,1.0,0.0
5888,"Nucleus of the lateral lemniscus, dorsal part",NLLd,7,False,6,6,0,0,,,,,,,,,,,,,,,,,,,
5889,"Nucleus of the lateral lemniscus, horizontal part",NLLh,7,False,6,6,0,0,,,,,,,,,,,,,,,,,,,
5890,"Nucleus of the lateral lemniscus, ventral part",NLLv,7,False,6,6,0,0,,,,,,,,,,,,,,,,,,,
5421,Nucleus of the lateral olfactory tract,NLOT,6,False,6,6,6,6,171.87701753385429,205.3984527506835,170.2017333602867,225.10242210857078,91.06301543390431,76.32421278817456,37.17632037537581,31.15922939177238,-33.52143521682922,-118.10912425693137,54.04309883415336,0.8367980149416308,-0.2570486656701729,-1.0120506943995893,0.40618690061808577,0.5021497850214979,,0.0,
5423,"Nucleus of the lateral olfactory tract, molecular layer",NLOT1,7,True,6,6,6,6,106.713027773201,110.39709737787923,118.80283350676817,65.4617510663598,70.22565320251935,87.17618380639198,28.669502866636634,35.589528008123025,-3.6840696046782284,-89.32435285870368,74.49284748691758,0.9666289269176345,-0.048965926010224745,-1.2237158390871983,1.1762799868199985,0.9268073192680731,1.0,0.0,0.0
5422,"Nucleus of the lateral olfactory tract, layers 1-3",NLOT1-3,7,False,6,6,0,0,,,,,,,,,,,,,,,,,,,
5424,"Nucleus of the lateral olfactory tract, pyramidal layer",NLOT2,7,True,6,6,6,6,218.8135855315495,286.72492338075705,203.4401810522961,324.8725630781686,119.74675444172512,90.56235634168651,48.88640778943028,36.9719271568727,-67.91133784920754,-170.81556497611712,44.592181061698966,0.7631481175460129,-0.3899650015095668,-1.1127789840236282,0.23889032796031734,0.29527047295270475,0.8523845728634685,0.0,0.0
5425,"Nucleus of the lateral olfactory tract, layer 3",NLOT3,7,True,6,6,6,6,179.2589813832832,176.80423173541422,190.84399080022865,162.76633845669355,85.02521929989007,89.49522335990915,34.71140042549518,36.53627194136449,2.4547496478689936,-90.11523935398185,88.74973616294416,1.0138839982718428,0.01989259840496119,-0.7906208273575439,0.7747922364776039,0.95000499950005,1.0,0.0,0.0
6064,Nodulus (X),NOD,5,True,6,6,6,6,162.47707780683905,262.39612756256753,142.25207942596285,214.93715849147543,126.39247195246291,184.0670643233668,51.599510602094746,75.14506434071642,-99.91904975572848,-269.47953547022155,59.402297740639064,0.619205318752644,-0.691510231116429,-1.9227588776199345,0.4808365972027562,0.30816918308169183,0.87856928592855,0.0,0.0
6067,"Nodulus (X), granular layer",NODgr,6,False,6,6,0,0,,,,,,,,,,,,,,,,,,,
6065,"Nodulus (X), molecular layer",NODmo,6,False,6,6,0,0,,,,,,,,,,,,,,,,,,,
6066,"Nodulus (X), Purkinje layer",NODpu,6,False,6,6,0,0,,,,,,,,,,,,,,,,,,,
5848,Nucleus of the optic tract,NOT,6,True,6,6,6,6,121.52760872932176,286.3818422769395,107.37163192679205,290.95874866127815,59.41776781344523,136.72687235533718,24.25720213301776,55.81851189953722,-164.85423354761775,-269.98567973835634,-51.73351131432361,0.42435514683155456,-1.2366559194626034,-1.9406079732217736,-0.46671872046949586,0.020497950204979503,0.8185935504810175,1.0,0.0
5849,Nucleus of the posterior commissure,NPC,6,True,6,6,6,6,20.397363377821463,35.07022439095305,16.14122242328214,24.036918588843605,17.221788345364523,27.459198060263912,7.030765650725547,11.210170665611367,-14.672861013131588,-38.62219358734459,8.510473559020944,0.5816148522586386,-0.7818639841472287,-2.040810784473093,0.5038503581032092,0.273972602739726,0.8481592630210664,0.0,0.0
5997,Nucleus of Roller,NR,7,True,6,6,6,6,51.998678640103584,161.95173584977533,23.616236162361616,144.3612286985781,66.79263235609719,121.80241847204815,27.267977974957983,49.72562911557771,-109.95305720967175,-218.1200727990968,-13.773438455606035,0.3210751546889068,-1.6390170635636636,-4.08712975129927,-0.21418088005600186,0.07789221077892211,0.8185935504810175,0.0,0.0
5949,Nucleus of the trapezoid body,NTB,6,True,6,6,6,6,68.5587805900958,148.97892403399052,32.724251791188905,129.01478392375114,77.68035786061971,123.19637838956366,31.7128732992191,50.29471086887857,-80.42014344389473,-191.10942946906218,23.42507355035674,0.4601911380058944,-1.1196948933289472,-3.0252462870905403,0.37284737660767386,0.1944805519448055,0.8185935504810175,0.0,0.0
5950,Nucleus of the solitary tract,NTS,6,True,6,6,6,6,559.5523943912157,82.1911440148803,442.0721878172832,75.8414285650914,426.40864189983995,40.2542047287081,174.08059909462722,16.433710264477437,477.36125037633536,197.04164185906734,812.0087012622087,6.807940211781351,2.767218367143543,1.6718878800951507,3.673676627563245,0.006099390060993901,0.49975002499750026,1.0,0.0
5951,"Nucleus of the solitary tract, central part",NTSce,7,False,6,6,0,0,,,,,,,,,,,,,,,,,,,
5952,"Nucleus of the solitary tract, commissural part",NTSco,7,False,6,6,0,0,,,,,,,,,,,,,,,,,,,
5953,"Nucleus of the solitary tract, gelatinous part",NTSge,7,False,6,6,0,0,,,,,,,,,,,,,,,,,,,
5954,"Nucleus of the solitary tract, lateral part",NTSl,7,False,6,6,0,0,,,,,,,,,,,,,,,,,,,
5955,"Nucleus of the solitary tract, medial part",NTSm,7,False,6,6,0,0,,,,,,,,,,,,,,,,,,,
15379,Olfactory areas,OLF,5,False,6,6,6,6,366.67071071875426,522.3368755156176,279.5386135936824,522.5573206304382,246.70007996023546,188.28900327781457,100.71488590106445,76.8686637013125,-155.66616479686337,-369.56960198226113,77.90626983164445,0.7019812843135004,-0.5104955278732485,-1.4179366460482448,0.23112110822604082,0.24387561243875613,,0.0,
5379,"Olfactory areas, subregion",OLF_sub,6,True,6,6,6,6,246.14920289172332,369.6585680351224,200.28505465568668,338.10665363009593,138.31160637497192,159.98218763107133,56.46547685389303,65.31245460505384,-123.5093651433991,-282.6673052416451,25.263716269235008,0.6658825851111773,-0.586660285175721,-1.4038219728725059,0.11328646552829232,0.1892810718928107,0.8185935504810175,0.0,0.0
5850,Olivary pretectal nucleus,OP,6,True,6,6,6,6,12.804796007725093,34.34604184726863,11.989509179467964,26.633374947981686,14.071891222262552,38.56196927499495,5.744825535082128,15.7428580334367,-21.541245839543535,-51.43996299093765,8.448964784681571,0.37281722489787844,-1.4234595779727601,-3.3584611999165066,0.5284115137248695,0.21547845215478453,0.8185935504810175,0.0,0.0
5252,Orbital area,ORB,6,False,6,6,6,6,505.2256760498294,655.1189612182565,438.7689899103891,610.63905736318,211.91986349452785,174.55370588697787,86.51592198697621,71.26125202249067,-149.89328516842704,-349.14588496431946,51.51657452679829,0.7711968450894993,-0.37482894526845556,-0.9317791570135344,0.12360253768069539,0.2096790320967903,,0.0,
5253,"Orbital area, layer 1",ORB1,7,False,6,6,0,0,,,,,,,,,,,,,,,,,,,
5254,"Orbital area, layer 2/3",ORB2/3,7,False,6,6,0,0,,,,,,,,,,,,,,,,,,,
5255,"Orbital area, layer 5",ORB5,7,False,6,6,0,0,,,,,,,,,,,,,,,,,,,
5256,"Orbital area, layer 6a",ORB6a,7,False,6,6,0,0,,,,,,,,,,,,,,,,,,,
5257,"Orbital area, layer 6b",ORB6b,7,False,6,6,0,0,,,,,,,,,,,,,,,,,,,
5258,"Orbital area, lateral part",ORBl,7,True,6,6,6,6,548.734384125516,619.2923963682307,507.648404577904,623.3119720848543,233.63187243212573,137.77930414313408,95.37981251828667,56.248165377735134,-70.55801224271465,-265.6971643530682,132.15637191746438,0.886066722833198,-0.1745127538089273,-0.7189784345432485,0.3081722026223992,0.5429457054294571,0.9404229388381917,0.0,0.0
5259,"Orbital area, lateral part, layer 1",ORBl1,8,False,6,6,6,6,701.3001372026653,849.7360660558039,846.0663424450693,800.0088702515202,339.2861381656945,243.37785168905958,138.51298588423083,99.35859188882618,-148.43592885313865,-466.6311355268582,142.24316883754136,0.8253152540151325,-0.27698278943440036,-0.9965752805111845,0.25147017065636096,0.38586141385861417,,0.0,
5260,"Orbital area, lateral part, layer 2/3",ORBl2/3,8,False,6,6,6,6,556.1889180266888,669.8938687600153,516.3648028766125,650.8974621678826,243.7814823492812,164.75077606707046,99.52337341584045,67.25922268197624,-113.70495073332643,-325.75067074795345,105.21192715907536,0.8302642313419046,-0.26835754808930623,-0.8467421292044215,0.23258592558375332,0.36206379362063795,,0.0,
5261,"Orbital area, lateral part, layer 5",ORBl5,8,False,6,6,6,6,477.9530132088742,524.5894669413491,429.7949859448473,491.01309712495083,218.55155874629418,144.04824397175727,89.22330023638713,58.807449345791376,-46.63645373247488,-236.47645687359721,150.3655783904387,0.9110991419549623,-0.1343200443458336,-0.7315985086260925,0.40423904527286103,0.6668333166683331,,0.0,
5262,"Orbital area, lateral part, layer 6a",ORBl6a,8,False,6,6,6,6,580.0161852178667,602.6367656491577,645.4268926404959,535.741998659525,295.77572481596565,228.24513527874996,120.74993401682796,93.18068628424282,-22.620580431291046,-305.02296496392967,246.9379104451293,0.9624639887230839,-0.055195532647053715,-0.8354039922491102,0.578296695490419,0.8753124687531247,,0.0,
5263,"Orbital area, lateral part, layer 6b",ORBl6b,8,False,6,6,6,6,750.6702741545229,676.8509867178149,705.9768395935824,626.5939275011967,509.67961189233284,344.14513504083544,208.0758302393301,140.49666305187637,73.81928743670801,-382.0136137401373,528.2407245490077,1.1090628349301408,0.14934110497129646,-0.9053344512103824,1.034562133489377,0.7755224477552245,,0.0,
5264,"Orbital area, medial part",ORBm,7,True,6,6,6,6,492.4904295819011,733.7430533157103,438.41760433205644,644.9968242350053,227.00782011260156,230.79959176646975,92.67555448289774,94.22353877841876,-241.25262373380923,-477.76786256784294,-3.271442431723399,0.6712028514019818,-0.5751792502437728,-1.207444818790782,-0.0071467795566074474,0.10588941105889411,0.8185935504810175,0.0,0.0
5265,"Orbital area, medial part, layer 1",ORBm1,8,False,6,6,6,6,593.0080053209997,694.7118263877625,587.6548931824879,720.3623362923045,314.27044093544816,162.99958846936173,128.30037025522117,66.54430333893013,-101.70382106676277,-361.4350457557119,156.18569057182333,0.8536028649525315,-0.2283630765906837,-0.9837483913174061,0.32472016878400334,0.5144485551444855,,0.0,
5266,"Orbital area, medial part, layer 2",ORBm2,8,False,6,6,0,0,,,,,,,,,,,,,,,,,,,
5267,"Orbital area, medial part, layer 2/3",ORBm2/3,8,False,6,6,6,6,455.9881861071069,829.4223935949512,448.28925379197153,783.1832417868279,235.82720034872307,276.5481886410422,96.27605138724512,112.9003252435834,-373.43420748784433,-637.0184257040138,-116.41183972024737,0.5497659451063591,-0.8631105520740203,-1.6100815138889,-0.25861229018255094,0.033096690330966905,,1.0,
5268,"Orbital area, medial part, layer 5",ORBm5,8,False,6,6,6,6,469.2602477796973,796.7765642303838,440.19996819060566,733.2059961015423,241.40994937306752,361.73550913484655,98.55519913252255,147.67790320437624,-327.5163164506865,-639.3034752109634,-13.742134856584352,0.5889483562219999,-0.7637869625106986,-1.50456739693366,-0.031007045259428996,0.10018998100189981,,0.0,
5269,"Orbital area, medial part, layer 6a",ORBm6a,8,False,6,6,6,6,329.0051960851331,489.2783821898433,286.8784033158941,459.56917245630785,194.09515403955214,248.6398093406151,79.23901482396732,101.50677710456696,-160.2731861047102,-397.96898432858404,65.31987438189135,0.6724294554208955,-0.5725451724267563,-1.461732744656834,0.2357266949973735,0.23027697230276972,,0.0,
5270,"Orbital area, medial part, layer 6b",ORBm6b,8,False,6,6,6,6,131.96582688108109,891.1322902399805,123.55212355212352,600.921658986175,144.8566915148875,592.0041498692391,59.137496673204,241.68468213162944,-759.1664633588995,-1245.8719330824115,-376.5177009572853,0.1480878073058523,-2.7554752325422056,-4.592934219857399,-1.5662887605282432,0.0017998200179982,,1.0,
5271,"Orbital area, ventral part",ORBv,7,False,6,6,0,0,,,,,,,,,,,,,,,,,,,
5272,"Orbital area, ventrolateral part",ORBvl,7,True,6,6,6,6,445.8717592838622,646.7585555179002,346.50722642308676,606.9332407143434,200.3038443322197,211.72006923582558,81.77370202196845,86.43435632241652,-200.88679623403794,-417.004414966085,9.184603269584958,0.6893944509583251,-0.5365984086091092,-1.1471771438829932,0.025616300051688762,0.12378762123787622,0.8185935504810175,0.0,0.0
5273,"Orbital area, ventrolateral part, layer 1",ORBvl1,8,False,6,6,6,6,503.74941255723826,585.154891522931,549.1698657297231,574.5901756784635,261.77820315525076,148.20981406496503,106.87050391883297,60.50640322198898,-81.4054789656928,-301.5416897768477,137.54536570189555,0.8608821695844908,-0.2161123078915276,-0.9398194363217068,0.3293282448639427,0.5189481051894811,,0.0,
5274,"Orbital area, ventrolateral part, layer 2/3",ORBvl2/3,8,False,6,6,6,6,445.7531503772423,733.5624574705503,366.02785561365,682.0635275071056,234.28236278385506,266.1419028204592,95.6453740923434,108.65197684725204,-287.80930709330795,-547.8877110755947,-32.727434140091,0.6076553480044167,-0.7186748118564159,-1.4372051934255765,-0.07870129882250776,0.07629237076292371,,0.0,
5275,"Orbital area, ventrolateral part, layer 5",ORBvl5,8,False,6,6,6,6,459.3002045374598,628.8867707347663,372.14510958536056,576.528792609007,220.69802125863598,224.64904665016707,90.09958988759544,91.71258924926732,-169.58656619730647,-396.954057985154,57.54247256168625,0.7303384741275949,-0.4533628613419689,-1.1016531033896992,0.15609521711341165,0.21257874212578742,,0.0,
5276,"Orbital area, ventrolateral part, layer 6a",ORBvl6a,8,False,6,6,6,6,308.366070466112,590.8218306522473,239.41616786498915,545.738427940877,183.29210016295426,209.5098211903235,74.82868654705723,85.5320263363392,-282.4557601861353,-489.9766332849889,-84.11706391714183,0.5219273467361324,-0.9380790999666747,-1.7426464711428469,-0.2690889103751873,0.028597140285971403,,1.0,
5277,"Orbital area, ventrolateral part, layer 6b",ORBvl6b,8,False,6,6,6,6,507.0360167814163,890.2065534712387,395.0313788987247,664.0699158783672,436.6533548441342,733.5651263842518,178.26298564042835,299.47670879027845,-383.1705366898224,-1002.8565195075038,220.47812078294504,0.5695712021039372,-0.8120518903529453,-2.245156627254301,0.5738850670142163,0.31016898310168983,,0.0,
5579,Olfactory tubercle,OT,6,True,6,6,6,6,253.72955719731848,275.1247618873159,179.82584430290984,268.4383240211463,168.37406032714424,91.19877745355215,68.73842228701598,37.23174498780696,-21.395204689997428,-149.53586801514527,129.32012113642304,0.9222345362764536,-0.11679440139753308,-0.966201572320764,0.6156789006679719,0.7942205779422058,1.0,0.0,0.0
5583,"Olfactory tubercle, molecular layer",OT1,7,False,6,6,0,0,,,,,,,,,,,,,,,,,,,
5582,"Olfactory tubercle, layers 1-3",OT1-3,7,False,6,6,0,0,,,,,,,,,,,,,,,,,,,
5584,"Olfactory tubercle, pyramidal layer",OT2,7,False,6,6,0,0,,,,,,,,,,,,,,,,,,,
5585,"Olfactory tubercle, polymorph layer",OT3,7,False,6,6,0,0,,,,,,,,,,,,,,,,,,,
5747,Vascular organ of the lamina terminalis,OV,6,True,6,6,6,6,0.0,0.0,0.0,0.0,0.0,0.0,0.0,0.0,0.0,0.0,0.0,,,,,1.0,1.0,0.0,0.0
15885,Pons,P,4,False,6,6,6,6,154.20867063401286,208.10957233243184,124.5140802089185,186.13810110281236,104.69346090954691,85.07670050004656,42.7409264390678,34.73241753745009,-53.90090169841898,-150.68320215232762,43.18239394399864,0.7409974894748316,-0.4324594402487581,-1.418860523621349,0.31771800821650276,0.33426657334266574,,0.0,
5908,"Pons, motor related",P-mot,5,False,6,6,6,6,175.27957323346277,243.48988105754765,155.76470337334217,217.83687576926343,127.85739463941667,103.36493459941974,52.19756278470534,42.19855784412212,-68.21030782408488,-187.57770553581423,50.67402843167637,0.7198638911488741,-0.47420394128681653,-1.5703565073615668,0.3205569476117687,0.32386761323867613,,0.0,
5926,"Pons, behavioral state related",P-sat,5,False,6,6,6,6,44.62367795583659,86.9357102837149,39.948989072152884,74.92398124051212,26.629564251873507,47.321918480361255,10.87147408162496,19.319092321077772,-42.312032327878306,-83.38192398995635,-5.863555497956307,0.5132951443107454,-0.9621394819366628,-1.8752016309091835,-0.14636948344840237,0.07329267073292671,,0.0,
5886,"Pons, sensory related",P-sen,5,False,6,6,6,6,193.10161861626216,172.45449270707374,178.97678700961265,175.70922077936743,120.05329158774124,55.54247640641658,49.01155105525503,22.675121041049017,20.647125909188418,-72.7973313433753,118.48934323748077,1.1197250682489266,0.1631445435643874,-0.7145783361892757,0.8293324949019073,0.7048295170482952,,0.0,
5922,Peritrigeminal zone,P5,6,True,6,6,6,6,72.10698432986543,141.29398303415647,66.03108099165247,116.26227823656956,55.16085833250973,85.20070171597764,22.519326114766432,34.7830408218694,-69.18699870429104,-147.21937645705574,-2.911540600039291,0.5103330147642186,-0.9704891184678294,-2.1792518847079547,-0.043127070869730576,0.10848915108489152,0.8185935504810175,0.0,0.0
5569,Posterior amygdalar nucleus,PA,5,True,6,6,6,6,581.1897469016487,669.2709055312112,500.861922301628,640.4504938662824,320.41388285375194,360.25800714833525,130.80841991593272,147.07471554422602,-88.08115862956242,-443.0856174642453,259.7532857128333,0.8683923686184282,-0.2035810471986132,-1.0386326499993501,0.6412547694895587,0.6662333766623337,0.9556284996500349,0.0,0.0
5444,Piriform-amygdalar area,PAA,6,True,6,6,6,6,410.02412104943323,646.0081932197772,360.4974751295895,695.7802043156885,248.33353783001374,258.7602988156203,101.38174228394617,105.63844963139535,-235.984072170344,-489.96406721412325,28.80777078905056,0.6347042117311656,-0.6558436788878985,-1.5293881776766922,0.0866892270216402,0.14528547145285473,0.8185935504810175,0.0,0.0
5446,"Piriform-amygdalar area, molecular layer",PAA1,7,False,6,6,0,0,,,,,,,,,,,,,,,,,,,
5445,"Piriform-amygdalar area, layers 1-3",PAA1-3,7,False,6,6,0,0,,,,,,,,,,,,,,,,,,,
5447,"Piriform-amygdalar area, pyramidal layer",PAA2,7,False,6,6,0,0,,,,,,,,,,,,,,,,,,,
5448,"Piriform-amygdalar area, polymorph layer",PAA3,7,False,6,6,0,0,,,,,,,,,,,,,,,,,,,
15840,Periaqueductal gray,PAG,5,False,6,6,6,6,207.56006425746486,306.7676447098294,164.12857455749707,272.2339885386497,142.01328848421738,102.29804933986031,57.97668224683316,41.763003760785885,-99.20758045236457,-219.2916887400394,33.00783149408741,0.6766035070412829,-0.5636174398099183,-1.4420526130603117,0.1683096667634625,0.196980301969803,,0.0,
5840,"Periaqueductal gray, subregion",PAG_sub,6,True,6,6,6,6,216.82970155350253,328.4089972236007,172.35263774474828,293.6329863471806,147.39063704903637,109.42677342660905,60.17197560564882,44.67329318238962,-111.57929567009816,-238.8651944760558,25.3046022962382,0.6602428781994415,-0.5989312602394271,-1.4801957397850154,0.12285588703502695,0.1710828917108289,0.8185935504810175,0.0,0.0
15610,Pallidum,PAL,4,False,6,6,6,6,110.0487273811262,98.50528001053614,89.24750692078547,99.89315628827386,45.47024658900898,33.93662074422345,18.563150436933217,13.854567402949694,11.543447370590059,-28.064485785184388,55.184858418291576,1.1171860774301172,0.15986949972254885,-0.41563948785130067,0.7210152576212485,0.6397360263973603,,0.0,
5610,"Pallidum, subregion",PAL_sub,5,True,6,6,6,6,67.72873009526441,74.07999678296245,66.05724272858527,70.04548858270351,32.755439849450006,27.22704589877039,13.372352321929862,11.115394942554145,-6.351266687698043,-37.53335404978504,24.744822000672816,0.9142647548122091,-0.12931609027709248,-0.8377139858361161,0.47731636083092965,0.7243275672432756,0.9768784749432035,0.0,0.0
5622,"Pallidum, caudal region",PALc,5,False,6,6,6,6,308.39634795565445,148.9445555540101,259.8656606078759,140.10233013586833,122.81353218058415,46.20717953826675,50.13841455855211,18.864002053654193,159.45179240164435,70.22521078572444,259.0477348512322,2.0705446184894227,1.0500102919035645,0.5050652095579732,1.5664808527479814,0.009299070092990702,,1.0,
5611,"Pallidum, dorsal region",PALd,5,False,6,6,6,6,9.064081509615923,8.434077671698665,6.280813269706851,6.751104401601895,9.43127161991591,5.679869801630164,3.8503005157310186,2.3187971365728353,0.6300038379172577,-7.018313175336316,9.38807143534508,1.0746974194974863,0.10393052694285349,-1.5336481261615094,1.3092250507891687,0.8947105289471053,,0.0,
5617,"Pallidum, medial region",PALm,5,False,6,6,6,6,25.939677181308884,46.23077594612561,22.026180033629984,42.02615461616824,14.74000309122122,32.674199733828495,6.01758106342312,13.339186183610293,-20.291098764816727,-48.16871353108428,3.886781670908088,0.561091105447534,-0.833693051850251,-1.82678162561551,0.18583637161222802,0.20187981201879812,,0.0,
5614,"Pallidum, ventral region",PALv,5,False,6,6,6,6,132.59326359343495,155.17613009656358,116.02185484239817,168.8160201552442,65.12190554900559,56.97720975330285,26.58590661213069,23.260848477186833,-22.582866503128628,-83.06247735577398,43.18856478145876,0.8544694568096545,-0.22689917150178457,-0.8758937671270394,0.4244268470433988,0.5312468753124687,,0.0,
5523,Parasubiculum,PAR,7,True,6,6,6,6,169.90464552009328,207.58628178012864,151.79678861784478,180.0023365362424,94.14741250636665,76.54253134928861,38.4355202073203,31.24835757112372,-37.68163626003536,-126.6470494687774,46.84332023165358,0.8184772329996882,-0.2889858080538666,-1.0714539962228977,0.3291762734990132,0.47315268473152683,0.9163589970116911,0.0,0.0
5524,"Parasubiculum, layer 1",PAR1,8,False,6,6,0,0,,,,,,,,,,,,,,,,,,,
5525,"Parasubiculum, layer 2",PAR2,8,False,6,6,0,0,,,,,,,,,,,,,,,,,,,
5526,"Parasubiculum, layer 3",PAR3,8,False,6,6,0,0,,,,,,,,,,,,,,,,,,,
5990,Parvicellular reticular nucleus,PARN,6,True,6,6,6,6,114.61611757812567,186.36875949204077,106.42663225487672,174.8777220986691,94.1328109409713,97.57585141893803,38.42955914320956,39.835174532337355,-71.7526419139151,-172.69403574742532,25.786261995017945,0.6149964076088652,-0.7013501116550167,-2.012897431176055,0.242548343901053,0.25147485251474855,0.8481592630210664,0.0,0.0
5991,Parasolitary nucleus,PAS,6,True,6,6,6,6,86.58030559486922,132.7023665229491,63.52339573387687,85.81898905108667,112.55893911499192,124.61787548185066,45.9519944701215,50.875034626704085,-46.122060928079875,-169.98970667171832,73.15309730324385,0.652439800912641,-0.6160833011456046,-2.865469498344659,0.98393590386802,0.5083491650834917,0.9207766723327667,0.0,0.0
15892,Parabrachial nucleus,PB,6,False,6,6,6,6,438.0810597924969,184.13733114914908,469.0409710684241,175.31158931906776,217.29229458691347,102.01419082415947,88.70920779607755,41.64711900701741,253.9437286433478,70.02983722538013,421.56149037585476,2.3790996483904525,1.2504157001901017,0.400215604190275,2.0907160628292463,0.030796920307969204,,1.0,
5820,Parabigeminal nucleus,PBG,5,True,6,6,6,6,133.39337647928363,267.7451725031565,90.2047599797229,245.0077668528212,165.3592264872958,143.18763642817655,67.50762152586526,58.45610778736424,-134.35179602387285,-282.6133235134766,31.62675366557295,0.49821020200732485,-1.005173530485094,-2.977199828925149,0.21914746441380323,0.1616838316168383,0.8185935504810175,0.0,0.0
5892,"Parabrachial nucleus, subregion",PB_sub,7,True,6,6,6,6,498.27717886809324,191.82978714715364,537.675971076695,183.99326446343167,245.15415567928815,108.65659816425259,100.08376495618113,44.35887044817504,306.4473917209396,102.73343548632548,493.99459816967345,2.597496386136644,1.377121741927805,0.5142026999225585,2.238325887701062,0.025897410258974102,0.8185935504810175,1.0,0.0
5894,"Parabrachial nucleus, lateral division",PBl,7,False,6,6,0,0,,,,,,,,,,,,,,,,,,,
5895,"Parabrachial nucleus, lateral division, central lateral part",PBlc,8,False,6,6,0,0,,,,,,,,,,,,,,,,,,,
5896,"Parabrachial nucleus, lateral division, dorsal lateral part",PBld,8,False,6,6,0,0,,,,,,,,,,,,,,,,,,,
5897,"Parabrachial nucleus, lateral division, external lateral part",PBle,8,False,6,6,0,0,,,,,,,,,,,,,,,,,,,
5898,"Parabrachial nucleus, lateral division, superior lateral part",PBls,8,False,6,6,0,0,,,,,,,,,,,,,,,,,,,
5899,"Parabrachial nucleus, lateral division, ventral lateral part",PBlv,8,False,6,6,0,0,,,,,,,,,,,,,,,,,,,
5900,"Parabrachial nucleus, medial division",PBm,7,False,6,6,0,0,,,,,,,,,,,,,,,,,,,
5901,"Parabrachial nucleus, medial division, external medial part",PBme,8,False,6,6,0,0,,,,,,,,,,,,,,,,,,,
5902,"Parabrachial nucleus, medial division, medial medial part",PBmm,8,False,6,6,0,0,,,,,,,,,,,,,,,,,,,
5903,"Parabrachial nucleus, medial division, ventral medial part",PBmv,8,False,6,6,0,0,,,,,,,,,,,,,,,,,,,
5924,Parvicellular motor 5 nucleus,PC5,6,True,6,6,6,6,1535.387036225102,2413.5832739443836,1513.7530909288332,2398.722126887261,1204.4240876880608,971.9212663312434,491.70407479214873,396.78519544520304,-878.1962377192815,-2014.2890996985034,228.25259539519917,0.6361442146207391,-0.6525742316844607,-1.8580085836795255,0.15058266093166667,0.18958104189581043,0.8185935504810175,0.0,0.0
5913,Pontine central gray,PCG,6,True,6,6,6,6,60.089190260602656,87.06121121885776,41.50306589721011,71.16131880785245,51.098453547355156,82.73398611785143,20.86085630605486,33.77600839587382,-26.972020958255108,-102.3088206361953,39.40161670197113,0.6901947425191246,-0.5349246106393976,-1.978100345255983,0.9431570928670407,0.5583441655834417,0.9457680430040064,0.0,0.0
5701,Paracentral nucleus,PCN,7,True,6,6,6,6,38.660268556570735,13.960201480661864,35.99307610359097,3.3571128829206875,34.16249274866221,25.207001095874155,13.946779262625466,10.290715105111346,24.70006707590887,-5.486242036129666,55.795872649210494,2.7693202429867667,1.4695318959779993,-0.3507632655738566,4.8773750068023,0.1720827917208279,0.8185935504810175,0.0,0.0
5748,Posterodorsal preoptic nucleus,PD,6,True,6,6,6,6,71.85354952802022,57.43118996131043,56.6371681415929,0.0,85.05312361712673,97.26512862085627,34.7227923153036,39.708322481212335,14.422359566709794,-82.08937354594023,105.6088237896236,1.251124164002621,0.3232249724788723,-2.0058921319975815,2.524159138496331,0.8492150784921508,1.0,0.0,0.0
5912,Posterodorsal tegmental nucleus,PDTg,6,True,6,6,6,6,20.222581907430854,36.62669603434949,19.875776397515523,0.0,22.15659606043717,59.33998342098873,9.045392464171838,24.225446787772626,-16.40411412691864,-66.77091535275333,26.891249932800715,0.552126839081133,-0.8569283621361987,-3.1208021489876767,0.9806662431366321,0.49995000499950004,0.919927607239276,0.0,0.0
5367,Perirhinal area,PERI,6,True,6,6,6,6,1157.6820811829589,1172.6808265355064,985.6367065173029,1032.0457613613553,804.4016347191648,382.3885758765966,328.39559222043584,156.10948239453174,-14.99874535254753,-623.9463196869948,672.4443864603898,0.9872098656231475,-0.01857128284080218,-0.9160124691633525,0.7025689960621802,0.9676032396760323,1.0,0.0,0.0
5368,"Perirhinal area, layer 1",PERI1,7,False,6,6,6,6,915.7418825438822,744.6104760282851,824.7891261404682,696.2087236450486,678.911412491702,145.44550125993175,277.1644235261439,59.377877245026774,171.13140651559706,-271.781496295408,726.4331570174688,1.2298267510664145,0.2984550936281507,-0.6386037142677828,0.9976050635895891,0.689031096890311,,0.0,
5369,"Perirhinal area, layer 2/3",PERI2/3,7,False,6,6,6,6,1393.6586269482648,1388.8496743569488,1194.1494124861688,1271.842496045003,983.7693847653497,403.9289900963317,401.62216954114035,164.90331967562207,4.808952591316029,-705.0129812052347,826.3128565766671,1.0034625436288076,0.0049867660483125615,-0.8940240917962814,0.7190657959950506,0.9901009899010099,,0.0,
5370,"Perirhinal area, layer 5",PERI5,7,False,6,6,6,6,1162.7778608154324,1289.842319466144,870.8324660943703,1147.3565362842915,829.6970892143876,490.27808314557194,338.722418274617,200.15518929607944,-127.06445865071169,-793.8174852728373,609.0096439028533,0.9014883782823139,-0.14961920190145578,-1.1291359851140408,0.6018203457785959,0.7468253174682532,,0.0,
5371,"Perirhinal area, layer 6a",PERI6a,7,False,6,6,6,6,832.5580640900729,1412.0419372827594,893.8499650142767,1119.7211022846723,397.4380644327105,901.1435216836734,162.25341036992072,367.89030218994475,-579.4838731926865,-1374.696174311784,5.227876709635977,0.5896128451341841,-0.7621601399768978,-1.6210907333838465,0.006810082164279743,0.15398460153984603,,0.0,
5372,"Perirhinal area, layer 6b",PERI6b,7,False,6,6,6,6,1132.5270337962727,1533.7438657777218,917.5446801876494,936.6495525987278,887.2929852437928,1360.146329645929,362.2358443663561,555.2774138586484,-401.2168319814491,-1680.8773921739248,658.2329476011193,0.7384068872686232,-0.4375120855359215,-1.718643398635324,0.756333388877601,0.591940805919408,,0.0,
5703,Parafascicular nucleus,PF,7,True,6,6,6,6,66.55701096027364,18.433527914824133,66.3091139536635,8.509736710878133,40.671946086013655,16.97592966060919,16.60425245945348,6.9303942629784885,48.12348304544951,17.615971701691013,81.68075033348855,3.610649641664572,1.852258435585402,0.7627194793684742,3.303032910987633,0.009799020097990201,0.49975002499750026,1.0,0.0
6090,Paraflocculus,PFL,5,True,6,6,6,6,172.6415444616184,210.5793410901682,128.61722059587288,184.71933440259207,177.59804230209338,110.318310562525,72.50409715955846,45.03726169401236,-37.93779662854982,-181.04375968255698,121.65193964463383,0.8198408427334513,-0.2865842311146494,-1.9097493971896717,0.779277355031336,0.6784321567843216,0.9577027191540665,0.0,0.0
6093,"Paraflocculus, granular layer",PFLgr,6,False,6,6,0,0,,,,,,,,,,,,,,,,,,,
6091,"Paraflocculus, molecular layer",PFLmo,6,False,6,6,0,0,,,,,,,,,,,,,,,,,,,
6092,"Paraflocculus, Purkinje layer",PFLpu,6,False,6,6,0,0,,,,,,,,,,,,,,,,,,,
5914,Pontine gray,PG,6,True,6,6,6,6,85.83827163188396,127.8380782281851,72.6159198624911,102.77463431840714,94.56713487539707,87.57486292681273,38.60687114694642,35.75228807747843,-41.99980659630114,-132.40746415598028,53.553597251966224,0.6714609044628048,-0.5746246931194094,-2.303794014130843,0.6661079086895934,0.43625637436256376,0.9007712962609318,0.0,0.0
5992,Paragigantocellular reticular nucleus,PGRN,6,False,6,6,6,6,122.21614360579495,96.97652401981264,85.55538809472597,69.15436631583489,90.56807408107427,71.62614571157818,36.97426141420308,29.241251539267346,25.23961958598231,-58.725189703900384,109.71024267021447,1.2602652532774403,0.33372741571966286,-0.8503007620088987,1.5446707615010205,0.5715428457154285,,0.0,
5993,"Paragigantocellular reticular nucleus, dorsal part",PGRNd,7,True,6,6,6,6,139.25010265769544,199.662519182583,184.26103646833008,125.14195168556604,82.28967745678322,190.1901995489259,33.59462014455444,77.64482382882998,-60.41241652488756,-224.39964151175985,73.06280789022195,0.6974273550578467,-0.5198851431152679,-1.6935239353976161,0.8292280263995896,0.581041895810419,0.9457680430040064,0.0,0.0
5994,"Paragigantocellular reticular nucleus, lateral part",PGRNl,7,True,6,6,6,6,116.38649033596094,62.916156500332306,76.69893690546802,50.172838732678514,105.74356616947874,49.136445902339474,43.16963011624208,20.05987003910018,53.47033383562864,-27.259982476382785,139.62504432166176,1.849866501863416,0.8874211604448488,-0.5982441147901447,2.1224752792172232,0.286971302869713,0.8523845728634685,0.0,0.0
5794,Posterior hypothalamic nucleus,PH,6,True,6,6,6,6,189.4513708398242,353.51336119676336,174.03699512030315,299.7569714406824,174.18972032027,210.59426576690944,71.11265553712866,85.97474898083321,-164.06199035693916,-359.17377066418453,31.124561176520796,0.5359100719657856,-0.8999371643792212,-2.423022393842192,0.17469352745676323,0.17368263173682633,0.8185935504810175,0.0,0.0
5995,Perihypoglossal nuclei,PHY,6,False,6,6,6,6,21.21611969285288,31.35843627149275,20.90835273320684,35.71350097529729,20.747022519162552,21.58620898980604,8.469936475663381,8.812532917683988,-10.142316578639868,-31.946847833447265,11.989640034831991,0.6765681652353303,-0.5636927997206231,-2.2360641003156965,0.7000746289694953,0.4263573642635736,,0.0,
5704,Posterior intralaminar thalamic nucleus,PIL,7,True,6,6,6,6,100.51001945357609,97.40362152225659,72.8526616397984,82.20560513374343,89.04307696831506,61.173287420685035,36.3516839499568,24.973890011549205,3.1063979313195063,-72.5361212619507,85.34425531324499,1.0318920167728025,0.045292006597099276,-1.227864994787102,1.153493432483623,0.955004499550045,1.0,0.0,0.0
5716,Pineal body,PIN,7,False,6,6,0,0,,,,,,,,,,,,,,,,,,,
5416,Piriform area,PIR,6,True,6,6,6,6,669.5387091178444,988.4705995922595,510.82545477685244,1031.6303093464765,428.3071710535618,360.6899021659787,174.85567037602996,147.2510359468388,-318.9318904744151,-704.2597825541595,105.00442737516431,0.6773481268881711,-0.5620305892284968,-1.4030055661596155,0.17217366207321355,0.19858014198580143,0.8185935504810175,0.0,0.0
5418,"Piriform area, molecular layer",PIR1,7,False,6,6,0,0,,,,,,,,,,,,,,,,,,,
5417,"Piriform area, layers 1-3",PIR1-3,7,False,6,6,0,0,,,,,,,,,,,,,,,,,,,
5419,"Piriform area, pyramidal layer",PIR2,7,False,6,6,0,0,,,,,,,,,,,,,,,,,,,
5420,"Piriform area, polymorph layer",PIR3,7,False,6,6,0,0,,,,,,,,,,,,,,,,,,,
6290,pineal stalk,PIS,5,False,6,6,0,0,,,,,,,,,,,,,,,,,,,
5238,Prelimbic area,PL,6,True,6,6,6,6,724.8440291236733,948.8827936465226,740.7576160227147,866.7380110235092,251.20931841268023,358.4543207778674,102.55577479056895,146.33836366694956,-224.0387645228493,-537.2971808337044,87.36985549309469,0.763892057034909,-0.38855930450941056,-0.9182715529009269,0.15771792130113219,0.25047495250474955,0.8481592630210664,0.0,0.0
5239,"Prelimbic area, layer 1",PL1,7,False,6,6,6,6,1086.4703840689797,1185.0547543587847,948.4510979122506,1193.2239454989235,385.75887830328963,303.74888036199536,157.48540259857538,124.00496113809707,-98.58437028980507,-433.0903115055123,278.92938585567725,0.9168102824555583,-0.1253048702030439,-0.5589721657741109,0.33524823601745724,0.6433356664333567,,0.0,
5240,"Prelimbic area, layer 2",PL2,7,False,6,6,0,0,,,,,,,,,,,,,,,,,,,
5241,"Prelimbic area, layer 2/3",PL2/3,7,False,6,6,6,6,785.506095831498,973.5872745755622,820.9016624713787,863.7161038109866,364.45348939269655,418.87882110343367,148.787513998158,171.0065626269951,-188.08117874406423,-587.3864972358068,198.22295270976937,0.8068163135903161,-0.30968783976902914,-0.9827996058094333,0.33683558722099577,0.42055794420557946,,0.0,
5242,"Prelimbic area, layer 5",PL5,7,False,6,6,6,6,624.0547446122025,942.9965137436217,519.6965732193095,757.1364151998603,345.6469623350406,516.6835139083021,141.1097814773076,210.93516126392592,-318.94176913141916,-773.7079546262563,119.12431661810632,0.6617784217830822,-0.5955798435724569,-1.4004057677289765,0.23650949824047704,0.23077692230776922,,0.0,
5243,"Prelimbic area, layer 6a",PL6a,7,False,6,6,6,6,373.8060678528272,608.6217212813887,355.26646666948847,526.6730303702525,219.06689136991073,366.1717007229282,89.43368389899885,149.48897083638073,-234.81565342856146,-558.1642977492534,59.251438844336775,0.6141845661798235,-0.7032558355458847,-1.6407178074349744,0.1913054620928945,0.21297870212978703,,0.0,
5244,"Prelimbic area, layer 6b",PL6b,7,False,6,6,6,6,250.66760185432042,390.62426650234244,157.30581205866372,345.61484918793496,221.19034059418865,200.63363001335952,90.30057841469713,81.90833646251323,-139.956664648022,-357.2981305589984,83.67122796347928,0.6417102657210807,-0.6400060320521688,-2.0444202094113284,0.3551888786082343,0.2672732726727327,,0.0,
5999,Paramedian reticular nucleus,PMR,6,False,6,6,0,0,,,,,,,,,,,,,,,,,,,
5782,Dorsal premammillary nucleus,PMd,6,True,6,6,6,6,36.60155481292324,64.16301315883524,39.97886605174094,35.46254164415567,28.76355400759717,92.47159630017487,11.74267175126654,37.75137110601087,-27.561458345912,-106.94296206184002,29.009188914900175,0.5704463211900018,-0.809836959112251,-2.4615625431716053,1.4403605480097705,0.7456254374562544,0.9862884028600022,0.0,0.0
5783,Ventral premammillary nucleus,PMv,6,True,6,6,6,6,26.676051700813755,69.78947856644979,10.938308711523407,67.28245652908086,38.95036391677426,57.20090904133566,15.901419481968428,23.35217332910421,-43.11342686563603,-92.53981610883957,8.686867005897982,0.38223600818874515,-1.3874644024213878,-4.143532383670605,0.29890353280643006,0.1326867313268673,0.8185935504810175,0.0,0.0
5826,Paranigral nucleus,PN,5,True,6,6,6,6,288.9025318841685,258.0509860706789,285.62577447335804,231.32379061749026,215.82906969348264,247.80098421529487,88.11184873477025,101.16432818115685,30.851545813489622,-218.7219746186617,268.4404188053979,1.1195560082263725,0.16292670395579417,-1.2405754779214984,1.9188083443724029,0.8446155384461553,1.0,0.0,0.0
5671,Posterior complex of the thalamus,PO,7,True,6,6,6,6,44.562703365108284,33.86914559241367,42.78929042018053,39.1099368788035,26.5720773636587,17.22122271434884,10.848005157787178,7.030534732830361,10.69355777269461,-12.135638105793422,34.55794895939914,1.315731548158388,0.39586516259276133,-0.5251536227833254,1.2925935413391159,0.42285771422857715,0.8987851214878513,0.0,0.0
5672,Posterior limiting nucleus of the thalamus,POL,7,True,6,6,6,6,47.090737438914,48.75572107722903,51.02553803983432,49.08766868513564,28.759171761955148,22.712590747944265,11.740882706974794,9.2723763448536,-1.6649836383150358,-28.35997831354393,25.349930332579135,0.9658504971000695,-0.050128201669426525,-1.0118549962543526,0.7464408649871124,0.9146085391460854,1.0,0.0,0.0
5905,"Superior olivary complex, periolivary region",POR,7,True,6,6,6,6,54.011934393068096,56.04785363648799,30.769242879928186,46.718109438931705,74.33183200041098,36.18656433673316,30.345843341214852,14.773103028231908,-2.0359192434198974,-54.940961241671424,64.147549811585,0.9636753397083794,-0.05338090764680745,-2.2920269269756712,1.3243097830121358,0.9715028497150285,1.0,0.0,0.0
5527,Postsubiculum,POST,7,True,6,6,6,6,365.6093154010758,431.2082098519627,258.2058676332763,300.77974636248337,261.5940749076427,273.8702184139512,106.79533387652087,111.80704847646037,-65.59889445088692,-339.1972047655253,202.08777336159557,0.8478718796346489,-0.23808181663230493,-1.3201811202867504,0.7609053033448353,0.6034396560343965,0.9457680430040064,0.0,0.0
5528,"Postsubiculum, layer 1",POST1,8,False,6,6,0,0,,,,,,,,,,,,,,,,,,,
5529,"Postsubiculum, layer 2",POST2,8,False,6,6,0,0,,,,,,,,,,,,,,,,,,,
5530,"Postsubiculum, layer 3",POST3,8,False,6,6,0,0,,,,,,,,,,,,,,,,,,,
5658,Peripeduncular nucleus,PP,6,True,6,6,6,6,257.6889746892861,186.72511353179695,170.4998501733708,84.36045012631267,250.8832150758883,229.4768423522457,102.42264366080907,93.68352859134971,70.96386115748916,-169.81388502947067,322.1797145036922,1.3800445468488356,0.46471483691694904,-1.068004793041031,2.4496360685136422,0.5369463053694631,0.9335543718355438,0.0,0.0
5869,Pedunculopontine nucleus,PPN,5,True,6,6,6,6,114.6809348639187,130.49127717556897,96.60451386546389,136.19810980719666,85.5302743885192,40.84756282238993,34.917588302018096,16.67594769185594,-15.810342311650274,-85.46655477562533,55.01502470562958,0.8788398531008451,-0.18632780117613934,-1.265358181306807,0.5686615602486969,0.6448355164483551,0.9457680430040064,0.0,0.0
5851,Posterior pretectal nucleus,PPT,6,True,6,6,6,6,16.01809982671597,34.49119263430868,10.344491111339092,27.548688812661048,24.26616403970014,35.01966562497535,9.906619985323251,14.296718624012298,-18.47309280759271,-50.98228920935223,10.880016534944927,0.4644113062875834,-1.1065249992418709,-3.5058734275217485,0.7312035358668622,0.34496550344965504,0.8901935893367185,0.0,0.0
6000,Parapyramidal nucleus,PPY,6,True,6,6,6,6,136.51278964943208,224.11779502585742,95.137771567071,211.48108042131943,170.94612533388567,153.7508609693604,69.7884634289801,62.76852614808846,-87.60500537642534,-249.63650353887587,85.89926073196226,0.6091117826394911,-0.7152210827475834,-2.989323868625743,0.6745881652230943,0.37336266373362664,0.8901935893367185,0.0,0.0
6001,"Parapyramidal nucleus, deep part",PPYd,7,False,6,6,0,0,,,,,,,,,,,,,,,,,,,
6002,"Parapyramidal nucleus, superficial part",PPYs,7,False,6,6,0,0,,,,,,,,,,,,,,,,,,,
5692,Perireunensis nucleus,PR,7,True,6,6,6,6,76.5471605638982,32.41952684260307,79.34049984883637,27.476666214380828,51.73570001223076,25.190828292137624,21.121011085944467,10.2841125856339,44.12763372129513,4.158699716193681,87.75010089619973,2.361143669231663,1.239485828344185,0.13926817358264987,2.563350449084046,0.0856914308569143,0.8185935504810175,0.0,0.0
5841,Precommissural nucleus,PRC,6,True,6,6,6,6,202.31889415647296,98.80013092681203,120.45010081336096,66.16637093602617,220.22651470315716,93.3756901928873,89.90709814237871,38.120465892129545,103.51876322966093,-44.936404027523054,302.3843815996487,2.047759372974357,1.0340461978514661,-0.5383360452879544,2.7496683513202416,0.3728627137286271,0.8901935893367185,0.0,0.0
5531,Presubiculum,PRE,7,True,6,6,6,6,463.90437702350783,455.8987346394197,456.28810831356236,403.70707998707417,185.02975649738698,201.65904907138537,75.53808177500309,82.32696203996134,8.005642384088162,-199.38616734794803,191.5220346009276,1.0175601329326347,0.025114053381250008,-0.6308966388744087,0.5946118481751725,0.936006399360064,1.0,0.0,0.0
5532,"Presubiculum, layer 1",PRE1,8,False,6,6,0,0,,,,,,,,,,,,,,,,,,,
5533,"Presubiculum, layer 2",PRE2,8,False,6,6,0,0,,,,,,,,,,,,,,,,,,,
5534,"Presubiculum, layer 3",PRE3,8,False,6,6,0,0,,,,,,,,,,,,,,,,,,,
6082,Paramedian lobule,PRM,5,True,6,6,6,6,428.2405597856353,558.3000039355957,349.15606951645316,483.05709399202055,306.4946464323143,155.97625718237725,125.12591544231846,63.67704034765735,-130.05944414996037,-369.83303802832836,123.85836776755407,0.7670438057797976,-0.38261912266552145,-1.3819069030621869,0.3171286936609632,0.4036596340365963,0.8907681347249891,0.0,0.0
6085,"Paramedian lobule, granular layer",PRMgr,6,False,6,6,0,0,,,,,,,,,,,,,,,,,,,
6083,"Paramedian lobule, molecular layer",PRMmo,6,False,6,6,0,0,,,,,,,,,,,,,,,,,,,
6084,"Paramedian lobule, Purkinje layer",PRMpu,6,False,6,6,0,0,,,,,,,,,,,,,,,,,,,
5915,"Pontine reticular nucleus, caudal part",PRNc,6,True,6,6,6,6,196.49462588448333,285.826589280599,168.28653967883918,266.4574630811694,138.9018735706515,101.60232583235785,56.706452427446116,41.478975828212484,-89.3319633961157,-212.6575799708529,36.87928361050622,0.6874609754783256,-0.5406502752999298,-1.5642672412874614,0.20022334097171696,0.2171782821717828,0.8185935504810175,0.0,0.0
5933,Pontine reticular nucleus,PRNr,6,True,6,6,6,6,45.34947530777507,87.11235735179997,37.95726271104975,77.34945959957975,28.426944206131964,51.04871174556165,11.605251375264992,20.84054930050807,-41.7628820440249,-86.07600175456017,-3.7099885407708153,0.5205860188656464,-0.9417915284085921,-1.9210549356908426,-0.08504276373994896,0.0903909609039096,0.8185935504810175,0.0,0.0
5916,"Pontine reticular nucleus, ventral part",PRNv,6,False,6,6,0,0,,,,,,,,,,,,,,,,,,,
5998,Nucleus prepositus,PRP,7,True,6,6,6,6,17.00955872126779,12.600642467080037,9.7454467265788,14.075377985758742,23.24706264125413,11.002432043527222,9.490573581598335,4.491724072714815,4.408916254187753,-12.137156311969271,24.84855350382767,1.349896147415207,0.4328484195929082,-1.8838439872735504,2.1347174907406874,0.7923207679232077,1.0,0.0,0.0
5845,Pretectal region,PRT,5,False,6,6,6,6,27.49338032073344,57.48619234670273,24.93085437933469,59.202983292786364,12.066385552859863,24.71880321116346,4.926081274032894,10.091409153270131,-29.99281202596929,-49.03179125788119,-8.631743978383685,0.47826059090710316,-1.0641311780044722,-1.715193421276964,-0.3624035815813132,0.026097390260973904,,1.0,
5749,Parastrial nucleus,PS,6,True,6,6,6,6,142.14723633572686,103.34722151216226,48.19001821928854,112.42526927042883,185.65441032882708,91.17570478897115,75.79309563382022,37.222325611935325,38.800014823564595,-92.5197616331201,209.82202113643683,1.3754335555020072,0.45988644756899444,-1.5580800041706255,2.1772988457133438,0.6777322267773223,0.9577027191540665,0.0,0.0
5750,Suprachiasmatic preoptic nucleus,PSCH,6,False,6,6,0,0,,,,,,,,,,,,,,,,,,,
5798,Preparasubthalamic nucleus,PST,6,True,6,6,6,6,354.46418815617204,357.4036696456292,153.44188566646227,420.02347342012035,457.9660312738183,115.54922860242625,186.96384935805636,47.172775041358626,-2.939481489457137,-310.744026657535,368.6007564027093,0.9917754580069879,-0.011914569323926516,-2.5532934334375557,1.0839384628131457,0.9972002799720028,1.0,0.0,0.0
5799,Parasubthalamic nucleus,PSTN,6,True,6,6,6,6,1058.9339938898204,345.42758269916953,935.9447147113674,175.93587755228282,1034.9409309299833,314.2020514090776,422.51286578324465,128.27245034799475,713.5064111906509,26.54155657358245,1585.884903204137,3.0655745138107244,1.6161574721393273,0.08117276034809022,3.053018117797763,0.07389261073892611,0.8185935504810175,0.0,0.0
5891,Principal sensory nucleus of the trigeminal,PSV,6,True,6,6,6,6,124.93393514032084,230.3169530815353,93.79143022037539,206.30282456113048,116.31193306084675,99.34954247228332,47.48414783263796,40.55928087267662,-105.38301794121446,-211.5176837896994,12.376386955698216,0.5424435043480822,-0.8824552066226752,-2.1600871605829406,0.09080420698593368,0.1274872512748725,0.8185935504810175,0.0,0.0
5695,Parataenial nucleus,PT,7,True,6,6,6,6,125.00447769752134,125.61174444733054,113.94114422245795,120.82621542303534,108.52616131613271,36.554358838356265,44.30561982791661,14.923254504761548,-0.6072667498091988,-77.71301579986327,88.35570907327188,0.9951655257039772,-0.006991586064114163,-1.2726446616135905,0.8318717062828129,0.9917008299170083,1.0,0.0,0.0
5339,Posterior parietal association areas,PTLp,6,False,6,6,6,6,811.248273773515,930.14647678648,646.1091884626321,723.0211833313783,519.1199621420034,472.9275353867268,211.9298370901382,193.0718578349193,-118.89820301296493,-626.0683627761039,381.0258171424604,0.872172602939119,-0.19731442231313012,-1.1243966106975947,0.6205218470223007,0.6682331766823317,,0.0,
5340,"Posterior parietal association areas, layer 1",PTLp1,7,False,6,6,0,0,,,,,,,,,,,,,,,,,,,
5341,"Posterior parietal association areas, layer 2/3",PTLp2/3,7,False,6,6,0,0,,,,,,,,,,,,,,,,,,,
5342,"Posterior parietal association areas, layer 4",PTLp4,7,False,6,6,0,0,,,,,,,,,,,,,,,,,,,
5343,"Posterior parietal association areas, layer 5",PTLp5,7,False,6,6,0,0,,,,,,,,,,,,,,,,,,,
5344,"Posterior parietal association areas, layer 6a",PTLp6a,7,False,6,6,0,0,,,,,,,,,,,,,,,,,,,
5345,"Posterior parietal association areas, layer 6b",PTLp6b,7,False,6,6,0,0,,,,,,,,,,,,,,,,,,,
5722,Paraventricular hypothalamic nucleus,PVH,6,True,6,6,6,6,104.99472632361976,83.98664202374188,56.65183185971218,76.53668244998858,119.91178811177822,49.61797633283151,48.95378250309844,20.25645401415488,21.00808429987788,-57.44105600189511,127.43394222810382,1.2501360191771826,0.3220850737005754,-1.2225253615819058,1.5196204526655401,0.8203179682031797,1.0,0.0,0.0
5724,"Paraventricular hypothalamic nucleus, magnocellular division, anterior magnocellular part",PVHam,8,False,6,6,0,0,,,,,,,,,,,,,,,,,,,
5730,"Paraventricular hypothalamic nucleus, parvicellular division, anterior parvicellular part",PVHap,8,False,6,6,0,0,,,,,,,,,,,,,,,,,,,
5784,"Paraventricular hypothalamic nucleus, descending division",PVHd,6,True,6,6,6,6,130.04911214903677,149.22908339479304,51.99223987760387,115.34082335349875,161.88460202451768,70.68947721985535,66.08911202893216,28.858858228790137,-19.179971245756263,-132.09275069392288,121.12574388481843,0.8714729675380054,-0.19847218120045945,-2.0589578075402324,0.9636510314677428,0.8305169483051695,1.0,0.0,0.0
5785,"Paraventricular hypothalamic nucleus, descending division, dorsal parvicellular part",PVHdp,7,False,6,6,0,0,,,,,,,,,,,,,,,,,,,
5786,"Paraventricular hypothalamic nucleus, descending division, forniceal part",PVHf,7,False,6,6,0,0,,,,,,,,,,,,,,,,,,,
5787,"Paraventricular hypothalamic nucleus, descending division, lateral parvicellular part",PVHlp,7,False,6,6,0,0,,,,,,,,,,,,,,,,,,,
5723,"Paraventricular hypothalamic nucleus, magnocellular division",PVHm,7,False,6,6,0,0,,,,,,,,,,,,,,,,,,,
5725,"Paraventricular hypothalamic nucleus, magnocellular division, medial magnocellular part",PVHmm,8,False,6,6,0,0,,,,,,,,,,,,,,,,,,,
5731,"Paraventricular hypothalamic nucleus, parvicellular division, medial parvicellular part, dorsal zone",PVHmpd,8,False,6,6,0,0,,,,,,,,,,,,,,,,,,,
5788,"Paraventricular hypothalamic nucleus, descending division, medial parvicellular part, ventral zone",PVHmpv,7,False,6,6,0,0,,,,,,,,,,,,,,,,,,,
5729,"Paraventricular hypothalamic nucleus, parvicellular division",PVHp,7,False,6,6,0,0,,,,,,,,,,,,,,,,,,,
5726,"Paraventricular hypothalamic nucleus, magnocellular division, posterior magnocellular part",PVHpm,8,False,6,6,0,0,,,,,,,,,,,,,,,,,,,
5727,"Paraventricular hypothalamic nucleus, magnocellular division, posterior magnocellular part, lateral zone",PVHpml,9,False,6,6,0,0,,,,,,,,,,,,,,,,,,,
5728,"Paraventricular hypothalamic nucleus, magnocellular division, posterior magnocellular part, medial zone",PVHpmm,9,False,6,6,0,0,,,,,,,,,,,,,,,,,,,
5732,"Paraventricular hypothalamic nucleus, parvicellular division, periventricular part",PVHpv,8,False,6,6,0,0,,,,,,,,,,,,,,,,,,,
5736,Periventricular region,PVR,5,False,6,6,6,6,78.94264209344483,96.1904245141899,52.35374089539333,102.16596326467803,68.07853061252085,60.640261885760935,27.792943739853406,24.756283248142854,-17.247782420745068,-79.29387564839723,52.109658235770915,0.8206912745436455,-0.285088480007845,-1.53785131778934,0.8548118909280036,0.6581341865813418,,0.0,
5694,Paraventricular nucleus of the thalamus,PVT,7,True,6,6,6,6,726.6742377610858,295.0715057692446,661.3214004178134,252.3748158544511,466.91944305188576,153.71564782042145,190.61906441027142,62.754150440232294,431.6027319918412,92.17118989559611,811.8501670832522,2.4627055596800607,1.3002441499716124,0.35911461665663214,2.1549158736178793,0.043195680431956804,0.8185935504810175,1.0,0.0
5718,Periventricular zone,PVZ,5,False,6,6,6,6,32.487790279823365,28.964641795926216,17.094241566576724,24.516703543759192,33.32722123947356,17.59267722879237,13.605781096926027,7.182180403337016,3.523148483897149,-20.859789128293983,32.96603954609887,1.1216361834791504,0.16560479590546873,-1.3321677686265911,1.324235770781527,0.8653134686531346,,0.0,
5733,"Periventricular hypothalamic nucleus, anterior part",PVa,6,True,6,6,6,6,0.0,0.0,0.0,0.0,0.0,0.0,0.0,0.0,0.0,0.0,0.0,,,,,1.0,1.0,0.0,0.0
5734,"Periventricular hypothalamic nucleus, intermediate part",PVi,6,True,6,6,6,6,4.008496014867533,0.0,2.800385052944779,0.0,4.950138502638954,0.0,2.0208855812617,0.0,4.008496014867533,0.9334616843149264,8.065419725684938,,,,,0.17838216178382163,0.8185935504810175,0.0,0.0
5751,"Periventricular hypothalamic nucleus, posterior part",PVp,6,True,6,6,6,6,8.927414557216428,13.99799565685882,5.107741420590582,0.0,12.504743799749962,29.062186458988034,5.105040278936513,11.864587939023895,-5.070581099642391,-30.968962889531305,14.272328537507056,0.6377637753332294,-0.6489059393343215,-3.3427110104177795,2.890844997456885,0.8037196280371963,1.0,0.0,0.0
5752,"Periventricular hypothalamic nucleus, preoptic part",PVpo,6,True,6,6,6,6,25.064392775075124,29.389256423302424,18.821425194772647,24.68143749976084,30.795734307259455,24.16299880255624,12.572305884518011,9.864502953623955,-4.3248636482273,-31.77361583502176,25.427335858052157,0.8528420186637263,-0.22964957491361748,-2.2688347376553866,1.2853963553417485,0.8124187581241876,1.0,0.0,0.0
6056,Pyramus (VIII),PYR,5,True,6,6,6,6,309.4828075014165,593.9646280747925,236.17353865403334,365.01275766204924,237.9498651755384,614.3550036254863,97.14262567402025,250.80937996802518,-284.48182057337596,-818.1858571436214,126.34457472528096,0.5210458550444964,-0.9405177513006516,-2.198660971742472,0.5566247195207648,0.3254674532546745,0.8892235776422358,0.0,0.0
6059,"Pyramus (VIII), granular layer",PYRgr,6,False,6,6,0,0,,,,,,,,,,,,,,,,,,,
6057,"Pyramus (VIII), molecular layer",PYRmo,6,False,6,6,0,0,,,,,,,,,,,,,,,,,,,
6058,"Pyramus (VIII), Purkinje layer",PYRpu,6,False,6,6,0,0,,,,,,,,,,,,,,,,,,,
5885,"Pons, subregion",P_sub,5,True,6,6,6,6,192.35702271214458,308.73829918733304,155.4707276326837,269.044676720815,141.32027329011643,129.23653994689485,57.69375997857596,52.76059649878457,-116.38127647518846,-254.23717843519552,20.41241343739498,0.6230423087076352,-0.6825979597437304,-1.7501495153358237,0.11463228046034796,0.1611838816118388,0.8185935504810175,0.0,0.0
5860,Paratrochlear nucleus,Pa4,5,True,6,6,6,6,0.0,0.0,0.0,0.0,0.0,0.0,0.0,0.0,0.0,0.0,0.0,,,,,1.0,1.0,0.0,0.0
5964,Paratrigeminal nucleus,Pa5,6,True,6,6,6,6,40.33157162648996,50.2273195624995,40.483515333083844,49.40583857243952,33.618945614778056,39.926245059228535,13.724877074430728,16.299821290071307,-9.895747936009542,-48.03527636038137,27.955972519089432,0.8029807677931939,-0.31656266074583955,-1.7595996520192834,1.0509480614160591,0.644935506449355,0.9457680430040064,0.0,0.0
5800,Perifornical nucleus,PeF,6,True,6,6,6,6,168.8094378180526,228.69762324632052,93.10126752310575,214.2750766898542,204.8139438630871,127.93785715769653,83.61494244526692,52.23041147023951,-59.88818542826792,-213.61875953164778,136.90864170640663,0.7381337655452375,-0.4380458078680914,-2.1057970520166154,0.8099453448644658,0.5741425857414258,0.9457680430040064,0.0,0.0
5653,Posterior triangular thalamic nucleus,PoT,7,True,6,6,6,6,20.931167254653506,16.732335300695446,22.25724217389985,13.084365126183995,16.07100546076709,14.760663838367499,6.560960505393572,6.026015778125294,4.198831953958059,-12.404032879616082,19.229870758442516,1.2509411793692387,0.32301395399023886,-1.0945109825069965,1.611697763169719,0.6360363963603639,0.9457680430040064,0.0,0.0
5544,Prosubiculum,ProS,7,True,6,6,6,6,679.1222857813065,772.75268268014,617.9829614631753,710.2911767747485,294.3403956336805,185.28162495560846,120.16396333190715,75.64090664249377,-93.63039689883351,-331.11068899003726,162.5263292036284,0.878835235389808,-0.18633538158603094,-0.7116840482448921,0.2933066089472217,0.5135486451354865,0.9207766723327667,0.0,0.0
5545,"Prosubiculum, dorsal part",ProSd,8,False,6,6,0,0,,,,,,,,,,,,,,,,,,,
5546,"Prosubiculum, dorsal part, molecular layer",ProSd-m,9,False,6,6,0,0,,,,,,,,,,,,,,,,,,,
5547,"Prosubiculum, dorsal part, pyramidal layer",ProSd-sp,9,False,6,6,0,0,,,,,,,,,,,,,,,,,,,
5548,"Prosubiculum, dorsal part, stratum radiatum",ProSd-sr,9,False,6,6,0,0,,,,,,,,,,,,,,,,,,,
5549,"Prosubiculum, ventral part",ProSv,8,False,6,6,0,0,,,,,,,,,,,,,,,,,,,
5550,"Prosubiculum, ventral part, molecular layer",ProSv-m,9,False,6,6,0,0,,,,,,,,,,,,,,,,,,,
5551,"Prosubiculum, ventral part, pyramidal layer",ProSv-sp,9,False,6,6,0,0,,,,,,,,,,,,,,,,,,,
5552,"Prosubiculum, ventral part, stratum radiatum",Prosv-sr,9,False,6,6,0,0,,,,,,,,,,,,,,,,,,,
5870,Midbrain raphe nuclei,RAmb,5,False,6,6,6,6,108.15699564520811,136.1272291267604,101.63501351075894,132.5107548876378,94.01695488756168,52.58671285526871,38.38226110746519,21.4684356242775,-27.970233481552285,-107.02351654788096,51.104498795498586,0.7945287385853813,-0.33182869121694397,-1.7294692099778066,0.5260864191904673,0.527047295270473,,0.0,
6296,rhinocele,RC,3,False,6,6,0,0,,,,,,,,,,,,,,,,,,,
5801,Retrochiasmatic area,RCH,6,True,6,6,6,6,4.371589553517661,14.467049665664923,0.0,17.525992573122373,7.350096546031288,11.816519009013254,3.000664349661618,4.824073684663402,-10.095460112147261,-20.103762109864512,0.21975247262115064,0.3021756097162564,-1.72654087767206,-3.7099958711659053,0.1816263794694317,0.13858614138586142,0.8185935504810175,0.0,0.0
5696,Nucleus of reuniens,RE,7,True,6,6,6,6,56.071222269986684,44.31705091819461,60.81155757006596,42.88337939840528,27.647767832469018,19.981134455468272,11.28715395274726,8.157263982973513,11.754171351792074,-13.627533270249836,36.03037115533132,1.2652290959858599,0.33939863845122425,-0.44151899293664204,1.0425997826792435,0.41005899410058994,0.8972443987828705,0.0,0.0
5675,Retroethmoid nucleus,REth,7,False,6,6,0,0,,,,,,,,,,,,,,,,,,,
5699,Rhomboid nucleus,RH,7,True,6,6,6,6,108.84289259845667,75.81956919530519,64.2624189860741,71.82842961737433,106.78935702689,44.481631611322406,43.59657244596296,18.159550062365703,33.02332340315148,-36.469609079946046,129.06397707856902,1.4355514513421466,0.5216050388459927,-0.6899694814540394,1.6686526241647874,0.6555344465553444,0.9502370517665215,0.0,0.0
5492,Retrohippocampal region,RHP,6,False,6,6,6,6,657.5473252888156,808.3260141001492,539.5403744804022,701.0212376443258,369.9082912407769,298.250778697189,151.01442752745595,121.76037053264335,-150.7786888113336,-494.9344919325343,189.78731009823798,0.8134679743306485,-0.29784254577362557,-1.0523879291190514,0.34728339684578474,0.45165483451654836,,0.0,
5881,Rostral linear nucleus raphe,RL,6,True,6,6,6,6,46.668313832644344,73.69974849545433,48.19892035597969,53.476555492187714,31.288503578196377,70.26354310443331,12.773478096971132,28.68497135431885,-27.031434662809986,-87.58689350778272,22.041041118712965,0.6332221586281637,-0.6592163536516551,-1.9140240491240466,0.6973046187062746,0.45435456454354567,0.9007712962609318,0.0,0.0
6013,Nucleus raphe magnus,RM,6,True,6,6,6,6,39.84494717475909,94.56740503555073,27.786135262685193,27.82771751509612,36.381125335277154,137.94541605500643,14.852532223278434,56.31598028178271,-54.72245786079164,-172.56969794409164,33.595856350488276,0.421339119538917,-1.246946224691627,-3.055979068022963,1.891396567876062,0.44685531446855314,0.9007712962609318,0.0,0.0
5855,Red nucleus,RN,5,True,6,6,6,6,44.249569634097476,56.522522534082164,34.70597529032768,50.501048738653154,45.702014338465716,48.52026561028907,18.657769224433586,19.80831548825308,-12.272952899984688,-59.41102905911464,36.618064470016755,0.7828661505228417,-0.3531624291128424,-1.9212280600062583,1.1795420523302165,0.684931506849315,0.9577027191540665,0.0,0.0
6015,Nucleus raphe obscurus,RO,6,True,6,6,6,6,38.438438438438425,111.41727810150688,0.0,76.7671546841982,94.15456068355758,104.733363320007,38.43843843843843,42.75721652992352,-72.97883966306846,-172.07663674756714,32.883544460185206,0.3449953103630752,-1.535351343900669,-2.2337035155075835,0.8030367265161367,0.2675732426757324,0.8481592630210664,0.0,0.0
6014,Nucleus raphe pallidus,RPA,6,True,6,6,6,6,57.007223124705284,240.07488191324614,31.38793526238351,207.25419772471582,69.54790693866045,157.69187669375097,28.392814113047965,64.37743908026212,-183.06765878854085,-308.40870222699556,-57.80756139351245,0.23745600818541904,-2.07426783471281,-4.214214975050872,-0.7175986164773799,0.026697330266973303,0.8185935504810175,1.0,0.0
5852,Retroparafascicular nucleus,RPF,6,True,6,6,6,6,16.75792534667194,25.759815383501486,24.193815587279275,12.02103681442524,13.024445576817591,33.45898180383704,5.317207640975404,13.659572122077973,-9.001890036829547,-35.93461867272218,13.641777674400998,0.6505452425487867,-0.6202787013861715,-2.1811369506076757,1.6649940927470497,0.642935706429357,0.9457680430040064,0.0,0.0
5934,Nucleus raphe pontis,RPO,6,True,6,6,6,6,51.22023774495361,157.66809105194764,31.75929522648425,137.85191931191775,51.24625648154104,112.13672082854391,20.92119660126179,45.779624576476515,-106.44785330699403,-199.6641647662885,-19.377563073295484,0.3248611523309294,-1.6221048618090772,-3.248135544564475,-0.3335475904572136,0.06919308069193081,0.8185935504810175,0.0,0.0
5827,"Midbrain reticular nucleus, retrorubral area",RR,5,True,6,6,6,6,109.60278454676768,118.88941587922984,72.19164890861086,95.44858853115147,99.78150768231694,94.47985150352035,40.735629931212706,38.571237859591825,-9.286631332462164,-110.12612999439344,91.16061215330559,0.9218884939102089,-0.1173358333989844,-1.5578709930588068,1.1811686137987178,0.8740125987401259,1.0,0.0,0.0
5297,Retrosplenial area,RSP,6,False,6,6,6,6,526.2858198882174,698.1477776843675,421.4155471343358,606.9285813756294,326.1017096960058,269.0937587731966,133.13046550073733,109.85706699365267,-171.86195779615014,-476.89548325359584,135.45044351952208,0.753831547861993,-0.40768592181179075,-1.2442346678321694,0.28579785049273343,0.3464653534646535,,0.0,
5298,"Retrosplenial area, lateral agranular part",RSPagl,7,True,6,6,6,6,673.6882845350223,839.274316811326,521.1398028240678,765.4906099489591,496.9310269210885,366.48521376553884,202.87124221898628,149.61696200006463,-165.58603227630374,-596.3271073288676,301.4590194662796,0.8027033248134906,-0.31706122159821876,-1.2997709817618877,0.5037882220942055,0.5003499650034996,0.919927607239276,0.0,0.0
5299,"Retrosplenial area, lateral agranular part, layer 1",RSPagl1,8,False,6,6,6,6,170.30529069901115,221.43189924188832,86.57981198427689,190.42465250624642,228.275443360182,101.21632402312193,93.1930595066747,41.32139124947596,-51.126608542877165,-204.12576075748242,152.30508793347832,0.7691091088595715,-0.3787398157579552,-1.9470435222713465,0.8259189994050578,0.6651334866513349,,0.0,
5300,"Retrosplenial area, lateral agranular part, layer 2/3",RSPagl2/3,8,False,6,6,6,6,784.500360862149,1057.6401279647764,523.8584772037746,939.0023123488975,647.5093859542322,495.1009038908591,264.344599875121,202.1240976205566,-273.1397671026274,-840.770969509293,351.86380538620364,0.7417460250603086,-0.43100280441356414,-1.4700594287299376,0.47011042433254024,0.41545845415458454,,0.0,
5301,"Retrosplenial area, lateral agranular part, layer 5",RSPagl5,8,False,6,6,6,6,820.2301704338743,1013.7550508903537,672.7764507082692,957.5912700072063,587.7813972301724,395.4065067536965,239.96075058567868,161.4240304204845,-193.52488045647942,-690.4364898481274,338.8340970346782,0.8091009457496545,-0.3056083862405218,-1.3002892388088862,0.47038610556076776,0.5234476552344766,,0.0,
5302,"Retrosplenial area, lateral agranular part, layer 6a",RSPagl6a,8,False,6,6,6,6,960.7880470391256,1076.0985660822948,854.1684107514301,924.031830997433,580.553134005438,548.6405007388641,237.00982448115806,223.9815465058791,-115.31051904316928,-689.683512696837,454.7987824468706,0.8928439060531645,-0.16352012071345545,-1.0672007717838006,0.6396347843248709,0.7283271672832716,,0.0,
5303,"Retrosplenial area, lateral agranular part, layer 6b",RSPagl6b,8,False,6,6,6,6,966.2744062334431,1013.5972189314343,979.6978227730435,908.02535273084,653.7572209319561,610.1579034088945,266.89526782387713,249.09592097969607,-47.32281269799125,-711.5987215275549,595.9878415886426,0.9533120140681913,-0.06897961687344646,-1.1370455571193523,0.8615516545182166,0.9062093790620938,,0.0,
5325,"Retrosplenial area, dorsal part",RSPd,7,True,6,6,6,6,485.5325945847285,575.164883653525,358.002729046078,467.4094140909343,319.4512648737433,324.4897568419938,130.4154327712244,132.47238850377857,-89.63228906879647,-428.06915662276737,223.78269138738233,0.8441624452114669,-0.24440744625076644,-1.2067800927512797,0.5788895813200807,0.6255374462553744,0.9457680430040064,0.0,0.0
5326,"Retrosplenial area, dorsal part, layer 1",RSPd1,8,False,6,6,6,6,236.19936733181115,377.34757401145833,176.59399993019682,265.4595641149921,193.24727046168118,279.7500200371385,78.89286780278913,114.20746743739322,-141.1482066796472,-398.89810361478675,87.92467150709871,0.6259464313520109,-0.6758888986394771,-1.8562664379163623,0.4102180560974072,0.400959904009599,,0.0,
5327,"Retrosplenial area, dorsal part, layer 2/3",RSPd2/3,8,False,6,6,6,6,628.8878130461015,765.7472104782864,546.1632724623232,567.1941013067726,406.70129245769795,486.270591739845,166.0351073752988,198.5191377806428,-136.8593974321849,-629.6288049002361,286.61162529426963,0.8212733973308209,-0.2840655277996545,-1.2903039818279067,0.5822935050632957,0.6316368363163684,,0.0,
5328,"Retrosplenial area, dorsal part, layer 4",RSPd4,8,False,6,6,0,0,,,,,,,,,,,,,,,,,,,
5329,"Retrosplenial area, dorsal part, layer 5",RSPd5,8,False,6,6,6,6,515.4856513189645,561.3416166680275,384.7002477246714,484.2804821958217,349.95871887650617,249.01319694272803,142.87004871425728,101.65921195480996,-45.85596534906301,-355.5236464925613,262.8831537544412,0.9183100557887518,-0.12294675124278744,-1.0944579233611165,0.633219343583426,0.7965203479652034,,0.0,
5330,"Retrosplenial area, dorsal part, layer 6a",RSPd6a,8,False,6,6,6,6,611.0796513214948,646.2590150147779,518.2907838088713,554.870417166863,423.8227719591083,342.8833060266298,173.02492211196164,139.9815235139692,-35.17936369328311,-423.6104100024499,354.6492840849829,0.9455646066423095,-0.08075205977087446,-1.1260107614049266,0.7812348527074875,0.8678132186781322,,0.0,
5331,"Retrosplenial area, dorsal part, layer 6b",RSPd6b,8,False,6,6,6,6,821.8147453704678,567.5992561743639,705.9238134984116,523.7256638029169,570.7510987024883,361.9321709642565,233.00816032566243,147.75819006003232,254.21548919610393,-231.61189960299237,746.5775817467328,1.447878474875961,0.5339405174409173,-0.5798801004094384,1.5263889555269248,0.39286071392860716,,0.0,
5332,"Retrosplenial area, ventral part",RSPv,7,True,6,6,6,6,480.37917593887795,734.5302996970692,432.7689482601438,708.9022222615181,250.3907924825105,197.35213913268407,102.2216129788768,80.56867342030472,-254.1511237581912,-475.54608329342165,-22.072856521038883,0.6539950443664383,-0.6126483911136242,-1.302760600096497,-0.0478699592652579,0.08409159084091591,0.8185935504810175,0.0,0.0
5333,"Retrosplenial area, ventral part, layer 1",RSPv1,8,False,6,6,6,6,829.8993834850835,1512.644004040313,786.3031501258354,1595.3021261995264,432.85784163468276,348.7027498349546,176.7134738612368,142.35730150016832,-682.7446205552294,-1072.2079766485572,-268.35740193565476,0.5486415714923009,-0.8660641531358699,-1.5456475870486068,-0.3110558515324743,0.017998200179982,,1.0,
5334,"Retrosplenial area, ventral part, layer 2",RSPv2,8,False,6,6,0,0,,,,,,,,,,,,,,,,,,,
5335,"Retrosplenial area, ventral part, layer 2/3",RSPv2/3,8,False,6,6,6,6,502.4606127695097,758.8024178263086,372.41829776647756,675.6813547918431,306.76051461656243,324.71718049040356,125.23445567402649,132.5652338194529,-256.3418050567989,-583.1770777842781,57.36764616946096,0.6621758193771649,-0.5947137659730382,-1.4433971264058076,0.13148574662161072,0.1917808219178082,,0.0,
5336,"Retrosplenial area, ventral part, layer 5",RSPv5,8,False,6,6,6,6,297.79900035009223,359.39903682227464,269.3744987963012,321.9519607085026,167.5196829457331,125.59587796850666,68.3896241816439,51.274302469950804,-61.60003647218241,-210.35739463171615,93.74266145373967,0.8286026667827603,-0.27124763137923075,-1.049266647933678,0.3770314951383325,0.47535246475352466,,0.0,
5337,"Retrosplenial area, ventral part, layer 6a",RSPv6a,8,False,6,6,6,6,294.1819672137654,277.82627373205906,214.33540704244834,265.2556597221396,244.97835081223192,110.26197160025666,100.0119929197502,45.0142614089798,16.35569348170634,-176.25550675581113,219.44117884909488,1.0588702186513868,0.08252577499419647,-1.2264169109395342,0.9534496501330607,0.8711128887111289,,0.0,
5338,"Retrosplenial area, ventral part, layer 6b",RSPv6b,8,False,6,6,6,6,375.0439287010279,289.6390451769827,276.8827639751552,273.46895662384924,311.8212418920211,247.28621343939255,127.30048893273633,100.95417389191397,85.4048835240452,-196.53814194518804,390.25435865134466,1.2948666105146802,0.37280348767193,-1.050075352786373,1.9353355188911923,0.6008399160083991,,0.0,
5705,Reticular nucleus of the thalamus,RT,6,True,6,6,6,6,34.272181777322636,41.685383899754875,32.34413563613779,38.15658613973212,20.639274880894313,24.544313509810635,8.425948686538854,10.02017403098929,-7.413202122432239,-31.255066339220058,15.913992275737964,0.8221630358434618,-0.28250358458136976,-1.2741934619870006,0.6381350407909054,0.5331466853314668,0.930472732194461,0.0,0.0
5819,Nucleus sagulum,SAG,5,True,6,6,6,6,55.12380070278783,64.06756096819272,25.25440965756264,61.84446457289682,94.73160897348286,34.283900816511085,38.67401741631553,13.99634389877329,-8.94376026540489,-67.13791969999764,72.97493191495099,0.8604011120410039,-0.21691870548784267,-2.9915459653039287,1.2467215653411907,0.9069093090690931,1.0,0.0,0.0
5753,Subparaventricular zone,SBPV,6,True,6,6,6,6,44.602979838254505,72.4130443897124,19.589837771655947,68.85383842633534,56.022767667755055,55.78065106124041,22.87119912741518,22.772355436712665,-27.81006455145789,-83.87176898875768,30.186466251839825,0.615952280616877,-0.6991095088764333,-3.064094595828226,0.813957909172384,0.3758624137586241,0.8901935893367185,0.0,0.0
5754,Suprachiasmatic nucleus,SCH,6,True,6,6,6,6,2.991213310899233,5.419939463688969,0.0,0.0,7.326946323524181,8.397200663485439,2.9912133108992336,3.428142815549947,-2.428726152789736,-10.785510869567087,6.235789145565597,0.5518905388037906,-0.8575459416241985,-1.8649483775465745,1.7126494751785033,1.0,1.0,0.0,0.0
5822,Subcommissural organ,SCO,5,True,6,6,6,6,0.0,16.334864726901476,0.0,0.0,0.0,40.01208359829591,0.0,16.33486472690148,-16.334864726901476,-49.00459418070443,0.0,0.0,,,,1.0,1.0,0.0,0.0
5833,"Superior colliculus, motor related, deep gray layer",SCdg,6,False,6,6,6,6,290.0401536549985,335.9642767938126,169.83405453390057,283.3888046015278,306.29575705865057,194.45988218729994,125.04471919552881,79.38791446676942,-45.92412313881408,-292.77355374053803,238.9871559054003,0.8633065289646894,-0.2120551956240468,-1.7078671495024953,0.9571894563735828,0.7335266473352665,,0.0,
5834,"Superior colliculus, motor related, deep white layer",SCdw,6,False,6,6,6,6,205.68849455495842,270.36198232256265,110.78271252350521,258.0103294027818,230.01657190459426,162.5091188327842,93.90387225840884,66.34406994827292,-64.67348776760423,-252.50672867947677,159.06323450173383,0.7607892677364535,-0.394431200282742,-1.7844395995157345,0.8180850383111278,0.5541445855414459,,0.0,
5836,"Superior colliculus, motor related, intermediate gray layer",SCig,6,False,6,6,6,6,231.23459833929584,280.3427029490264,121.7583915570531,242.4758289718317,239.8597540352269,173.91977370863017,97.92233453596405,71.00245029441018,-49.10810460973053,-253.3240376252762,174.41788049627849,0.8248283115874085,-0.27783424195127326,-1.8557606012157224,0.8628434968896685,0.6703329667033296,,0.0,
5837,"Superior colliculus, motor related, intermediate gray layer, sublayer a",SCig-a,7,False,6,6,0,0,,,,,,,,,,,,,,,,,,,
5838,"Superior colliculus, motor related, intermediate gray layer, sublayer b",SCig-b,7,False,6,6,0,0,,,,,,,,,,,,,,,,,,,
5839,"Superior colliculus, motor related, intermediate gray layer, sublayer c",SCig-c,7,False,6,6,0,0,,,,,,,,,,,,,,,,,,,
5835,"Superior colliculus, motor related, intermediate white layer",SCiw,6,False,6,6,6,6,194.2444453939986,215.9688807268543,140.5871911596691,188.2816408676427,206.37046022045024,114.3027936634907,84.25038758723946,46.663920108363754,-21.724435332855705,-175.38443421942566,168.76679010308166,0.8994094183396191,-0.15295010334127643,-1.6098072763508187,0.9797929832998018,0.8258174182581742,,0.0,
5832,"Superior colliculus, motor related",SCm,5,True,6,6,6,6,228.64234709491612,267.70644217863077,161.7939276148583,229.84043414596147,235.38406613360726,154.1131895025302,96.09514260147805,62.916446152341315,-39.06409508371465,-228.25650594882615,183.84106700404467,0.8540786140004483,-0.2275592254997704,-1.6372869478062135,0.9106330590750243,0.6906309369063094,0.9577027191540665,0.0,0.0
5811,"Superior colliculus, optic layer",SCop,6,False,6,6,6,6,370.456922781515,502.4608842745397,175.55092316905322,317.5283842152727,497.69257858687104,481.78477661792795,203.18214438464193,196.68781142578322,-132.0039614930247,-634.7145551504394,370.73796345831823,0.7372850989513066,-0.43970549550110966,-2.5452470307861885,1.1455521848969574,0.525047495250475,,0.0,
5810,"Superior colliculus, sensory related",SCs,5,True,6,6,6,6,529.3849096007791,590.5220976904778,213.02703124817634,448.7438165601764,719.853513516231,416.83058961473586,293.8789662774067,170.17037562325999,-61.137188089698725,-608.958829745121,602.6415814819293,0.8964692628289351,-0.15767397651705126,-2.041022130559058,1.2015705308786206,0.811018898110189,1.0,0.0,0.0
5812,"Superior colliculus, superficial gray layer",SCsg,6,False,6,6,6,6,545.3348106442601,478.17502294409,195.8944803832138,346.80227710696863,879.905412653145,413.04231727889055,359.2198804855464,168.6238199183396,67.15978770017006,-542.0313040439692,861.3543925910152,1.1404502211066398,0.18960347661068822,-2.22035292036588,1.796650508082635,0.954904509549045,,0.0,
5813,"Superior colliculus, zonal layer",SCzo,6,False,6,6,6,6,687.8116758134098,947.4245899313465,357.3206523648928,913.8008261388024,666.0667347316642,373.96581187399437,271.92060578904926,152.6709033894888,-259.6129141179367,-757.7600916190527,341.70911732710954,0.7259803926592732,-0.46199751057160166,-1.757309703220483,0.49749812639435,0.41515848415158485,,0.0,
6297,subependymal zone,SEZ,3,True,6,6,6,6,0.0,0.0,0.0,0.0,0.0,0.0,0.0,0.0,0.0,0.0,0.0,,,,,1.0,1.0,0.0,0.0
5592,Septofimbrial nucleus,SF,6,True,6,6,6,6,22.25506708540297,44.42767278999464,15.914953882439729,45.821131409766245,19.880727452493375,21.70058018156154,8.116272995658411,8.859224761196486,-22.172605704591668,-42.83829409464582,-0.5439714742838722,0.5009280407416464,-0.997324722447807,-2.3670451618504167,-0.025505463128581485,0.10268973102689731,0.8185935504810175,0.0,0.0
5755,Subfornical organ,SFO,6,True,6,6,6,6,0.0,0.0,0.0,0.0,0.0,0.0,0.0,0.0,0.0,0.0,0.0,,,,,1.0,1.0,0.0,0.0
5917,Supragenual nucleus,SG,6,True,6,6,6,6,0.0,17.630853994490355,0.0,0.0,0.0,43.186596016011954,0.0,17.63085399449036,-17.630853994490355,-52.89256198347107,0.0,0.0,,,,1.0,1.0,0.0,0.0
5673,Suprageniculate nucleus,SGN,7,True,6,6,6,6,89.1506017882899,71.01604138087423,60.72048415089712,39.47728565456131,77.7130481452251,64.95668297144167,31.72621905202403,26.518454777294185,18.134560407415677,-52.711050544466275,93.60012042455959,1.2553586493248214,0.32809959340552225,-1.0048477777921858,1.722528493664814,0.6421357864213578,0.9457680430040064,0.0,0.0
5593,Septohippocampal nucleus,SH,6,True,6,6,6,6,153.69994629125918,585.6248062589726,126.38027905413402,614.9147443866352,123.49427082556154,278.2572002361422,50.41632494661682,113.59802630566588,-431.9248599677135,-639.7312503369153,-206.87537250835817,0.26245463759144555,-1.9298600045931285,-3.1862297236600012,-1.0130775950095368,0.009499050094990502,0.49975002499750026,1.0,0.0
5615,Substantia innominata,SI,6,True,6,6,6,6,143.92889562811382,171.61193983471597,127.8958056276858,187.90659104553774,71.1264169804053,62.9366587745385,29.037238139070343,25.69378335221283,-27.683044206602148,-93.77535854648889,45.080686821821814,0.8386881225556658,-0.2537936700277538,-0.9033722065273179,0.4015495387720807,0.49745025497450257,0.919927607239276,0.0,0.0
6069,Simple lobule,SIM,5,True,6,6,6,6,414.9121918768278,606.6598035120006,390.0507442768753,463.6029332581045,252.29501707514567,283.0658676475672,102.99900941347936,115.56115655578942,-191.7476116351728,-474.1118550548393,77.40217626344693,0.6839289326157246,-0.5480816731235205,-1.4085421267657627,0.21377089373737604,0.22907709229077092,0.828285675369471,0.0,0.0
6072,"Simple lobule, granular layer",SIMgr,6,False,6,6,0,0,,,,,,,,,,,,,,,,,,,
6070,"Simple lobule, molecular layer",SIMmo,6,False,6,6,0,0,,,,,,,,,,,,,,,,,,,
6071,"Simple lobule, Purkinje layer",SIMpu,6,False,6,6,0,0,,,,,,,,,,,,,,,,,,,
5935,Subceruleus nucleus,SLC,6,True,6,6,6,6,82.72235532307134,87.51497272839522,61.54534669651467,61.663957791674356,68.72947523171445,94.70723849465229,28.05869076782584,38.66406820999516,-4.792617405323881,-94.4485315875534,74.48459134766732,0.9452366005963587,-0.08125260176207899,-1.5304728162255643,1.4717211006188315,0.834016598340166,1.0,0.0,0.0
5936,Sublaterodorsal nucleus,SLD,6,True,6,6,6,6,145.85595601324252,109.3243206885134,100.81403562170914,93.1922923102938,121.25675215713721,87.37254176795687,49.502861775351604,35.66969081025086,36.53163532472912,-67.34139714826367,151.6675870216326,1.3341583564814912,0.4159299158115465,-0.7671206902277251,1.613280811210919,0.5675432456754325,0.9457680430040064,0.0,0.0
5691,Submedial nucleus of the thalamus,SMT,7,True,6,6,6,6,66.86663464631103,46.877632278608736,60.41885735712974,36.569808813759494,43.54550451305291,36.526500311160746,17.777377774840286,14.911881308659137,19.98900236770229,-20.31277534866846,63.37054847930031,1.4264081054457116,0.5123868060937088,-0.5645441616552632,1.7800422552566089,0.40145985401459855,0.8901935893367185,0.0,0.0
5868,"Substantia nigra, compact part",SNc,5,True,6,6,6,6,113.13773186589479,141.7831951620444,84.61036904171172,124.81150596433054,84.53628726272754,38.31322355407698,34.51179475717056,15.641308018111737,-28.6454632961496,-85.42077705026348,46.810231934425104,0.797962916102923,-0.32560639354947357,-1.0839395461012613,0.4254176395357941,0.517948205179482,0.9250514637252228,0.0,0.0
5866,"Substantia nigra, lateral part",SNl,5,False,6,6,0,0,,,,,,,,,,,,,,,,,,,
5824,"Substantia nigra, reticular part",SNr,5,True,6,6,6,6,104.93150411492083,95.58428416943157,106.66502087869705,97.15810736892797,62.03578882254786,18.299697661136534,25.326004734382387,7.470820286164543,9.347219945489257,-34.67303204683855,58.2714975365315,1.0977903431166622,0.13460255358982065,-0.6165137529108277,0.7118279241110335,0.7818218178182181,1.0,0.0,0.0
5719,Supraoptic nucleus,SO,6,True,6,6,6,6,4.929143561306222,43.513806545094546,0.0,0.0,12.073886594125335,91.98309084136817,4.929143561306222,37.55193958757077,-38.58466298378833,-115.0824965412364,9.522540917548149,0.11327769167236647,-3.1420643227185767,-4.540972486303831,0.9049336749743231,0.45245475452454753,0.9007712962609318,0.0,0.0
5904,Superior olivary complex,SOC,6,False,6,6,6,6,95.18726238335675,105.31766108568259,60.640078264711875,84.29193788974516,98.20619385903764,78.2034704075088,40.092510755914844,31.926433102206772,-10.130398702325834,-96.4514899584826,84.6869871182981,0.9038110170896777,-0.1459069519039271,-1.724028333513178,1.1589672941722133,0.8469153084691531,,0.0,
5907,"Superior olivary complex, lateral part",SOCl,7,True,6,6,6,6,121.32012887856926,124.5657579576361,93.07043749956637,101.32643039217527,90.71041570720034,101.11799799582651,37.03237213973089,41.28124981692451,-3.2456290790668305,-101.5595482464042,94.21376177488256,0.9739444520526207,-0.03808860290160206,-1.1982721331175386,1.2332643304899131,0.942005799420058,1.0,0.0,0.0
5906,"Superior olivary complex, medial part",SOCm,7,True,6,6,6,6,141.29072626631762,174.96268726199312,84.14459933602689,140.05241783150734,158.67712801101692,138.62838985737403,64.77966624621321,56.59480316903088,-33.671960995675505,-181.67606378508742,122.5425385087721,0.8075477604819001,-0.30838050780801707,-2.236893952386424,1.1141025581205999,0.69003099690031,0.9577027191540665,0.0,0.0
5657,Subparafascicular area,SPA,6,True,6,6,6,6,83.8874631983967,126.00268459027988,45.56283678516155,113.05288732706964,71.37164644186758,95.37224117247196,29.137352647483695,38.93555441636893,-42.11522139188318,-127.5813694261483,45.466449104504385,0.6657593325981244,-0.5869273476457462,-1.9388368055585625,0.7215601809335969,0.39136086391360864,0.8901935893367185,0.0,0.0
5654,Subparafascicular nucleus,SPF,6,False,6,6,6,6,150.28445479532158,201.14626557805263,121.22591941531664,133.39566241084864,107.29564153604055,154.24727626655,43.80326223131201,62.97118684452623,-50.861810782731055,-197.37441411465912,79.01572746473238,0.7471401686898598,-0.4205491668613906,-1.5757344705226402,0.6771217366109048,0.5488451154884512,,0.0,
5655,"Subparafascicular nucleus, magnocellular part",SPFm,7,True,6,6,6,6,264.602578025034,380.00188019727057,202.35031340088256,207.7047352492775,210.02812939949257,374.1198085474288,85.74362477666585,152.73377226815555,-115.39930217223656,-452.56808847985894,169.8440708788855,0.6963191284413401,-0.5221794389570136,-1.8359215340212234,0.8697909466772247,0.6032396760323968,0.9457680430040064,0.0,0.0
5656,"Subparafascicular nucleus, parvicellular part",SPFp,7,True,6,6,6,6,97.49031021502496,118.6962172320515,100.48780487804876,106.78037630855403,79.77307120775772,58.209290031804564,32.56721994561911,23.7638431445994,-21.205907017026533,-92.97471261665989,50.28469390231182,0.8213430258222222,-0.28394321966016023,-1.5854012038145118,0.6235713369882162,0.6033396660333966,0.9457680430040064,0.0,0.0
6006,Spinal vestibular nucleus,SPIV,7,True,6,6,6,6,61.523430952226725,78.94490579464039,49.19944313869284,78.85717785056836,61.55084652457587,51.47213486419077,25.128027870261704,21.013411064831285,-17.421474842413666,-75.8567775904514,41.17296007719923,0.7793211016334328,-0.359710214245007,-2.090916171874079,0.8456503918028693,0.5762423757624238,0.9457680430040064,0.0,0.0
5956,"Spinal nucleus of the trigeminal, caudal part",SPVC,6,True,6,6,6,6,74.99557368918123,85.14541169338911,35.96378585330996,72.37731562928319,108.42584623159173,33.897005834322364,44.264666366145015,13.838394683705697,-10.14983800420788,-76.73741271869176,83.42933878032929,0.8807940697878388,-0.1831233393325799,-2.2296017995789996,1.0470073442465135,0.905009499050095,1.0,0.0,0.0
5957,"Spinal nucleus of the trigeminal, interpolar part",SPVI,6,True,6,6,6,6,25.073538885493363,46.16191415836213,23.516785752480388,53.88859848067037,19.358741503750135,15.829441846881558,7.903173124437826,6.462342572986531,-21.088375272868767,-38.798869108119604,-1.9754019446659181,0.5431650602589093,-0.8805374154012281,-2.0427493541169253,-0.07633449286897262,0.06719328067193281,0.8185935504810175,0.0,0.0
5958,"Spinal nucleus of the trigeminal, oral part",SPVO,6,True,6,6,6,6,42.66683549187962,95.35746301160805,39.806120694792746,79.65147079869797,30.081706108237977,62.064688690098855,12.280805092924501,25.337803055904715,-52.69062751972843,-107.55758378875974,-8.37808518343627,0.4474409673282279,-1.1602307404673922,-2.3056084486031754,-0.19992446041810813,0.05699430056994301,0.8185935504810175,0.0,0.0
5959,"Spinal nucleus of the trigeminal, oral part, caudal dorsomedial part",SPVOcdm,7,False,6,6,0,0,,,,,,,,,,,,,,,,,,,
5960,"Spinal nucleus of the trigeminal, oral part, middle dorsomedial part, dorsal zone",SPVOmdmd,7,False,6,6,0,0,,,,,,,,,,,,,,,,,,,
5961,"Spinal nucleus of the trigeminal, oral part, middle dorsomedial part, ventral zone",SPVOmdmv,7,False,6,6,0,0,,,,,,,,,,,,,,,,,,,
5962,"Spinal nucleus of the trigeminal, oral part, rostral dorsomedial part",SPVOrdm,7,False,6,6,0,0,,,,,,,,,,,,,,,,,,,
5963,"Spinal nucleus of the trigeminal, oral part, ventrolateral part",SPVOvl,7,False,6,6,0,0,,,,,,,,,,,,,,,,,,,
5030,Somatosensory areas,SS,6,False,6,6,6,6,563.7124638397555,703.20778762712,474.18178787606246,676.3515482360291,324.86923373793024,213.10752595823334,132.62730929781517,87.00078315743208,-139.49532378736444,-405.66914502780645,152.68074722568304,0.8016300071731677,-0.3189915813771242,-1.0660963494932132,0.3135944248038672,0.38746125387461255,,0.0,
5031,"Somatosensory areas, layer 1",SS1,7,False,6,6,0,0,,,,,,,,,,,,,,,,,,,
5032,"Somatosensory areas, layer 2/3",SS2/3,7,False,6,6,0,0,,,,,,,,,,,,,,,,,,,
5033,"Somatosensory areas, layer 4",SS4,7,False,6,6,0,0,,,,,,,,,,,,,,,,,,,
5034,"Somatosensory areas, layer 5",SS5,7,False,6,6,0,0,,,,,,,,,,,,,,,,,,,
5035,"Somatosensory areas, layer 6a",SS6a,7,False,6,6,0,0,,,,,,,,,,,,,,,,,,,
5036,"Somatosensory areas, layer 6b",SS6b,7,False,6,6,0,0,,,,,,,,,,,,,,,,,,,
5918,Superior salivatory nucleus,SSN,6,False,6,6,0,0,,,,,,,,,,,,,,,,,,,
5037,Primary somatosensory area,SSp,7,False,6,6,6,6,556.1855798292773,692.8714689938215,463.9464055328684,640.593954906461,317.45795958780724,221.65584641866897,129.60166929586842,90.4906203717422,-136.68588916454416,-404.87077590600785,151.04051974054252,0.8027254761073688,-0.3170214097276319,-1.0573997607864132,0.3225680165064108,0.393960603939606,,0.0,
5051,"Primary somatosensory area, barrel field",SSp-bfd,8,True,6,6,6,6,635.0001407342069,826.9124061845436,503.9404540357489,714.3283325470597,409.23466601768735,368.85658557310273,167.06935280027082,150.58507048655682,-191.9122654503367,-581.2382800325704,209.4292860608527,0.7679170562504449,-0.38097760294923627,-1.2523389145397479,0.3866731422469688,0.417958204179582,0.8987851214878513,0.0,0.0
5052,"Primary somatosensory area, barrel field, layer 1",SSp-bfd1,9,False,6,6,6,6,327.05903715781136,378.51115458926,266.13663106543214,288.33937127747623,207.46523138331756,218.9804382253599,84.69732604292918,89.39838955053075,-51.45211743144864,-278.5655153262331,154.31223388954552,0.8640671039476189,-0.2107847376222577,-1.199198603439675,0.615616255558803,0.7163283671632836,,0.0,
5053,"Primary somatosensory area, barrel field, layer 2/3",SSp-bfd2/3,9,False,6,6,6,6,709.1680652706054,954.1077915747856,585.2982746052812,867.9788159618547,457.69133872198836,382.3720054470723,186.85170659336865,156.1027175450062,-244.9397263041801,-674.5883948897642,187.73324403891576,0.7432787694775039,-0.42802469446819663,-1.309573980426374,0.29645028409617186,0.33256674332566744,,0.0,
5054,"Primary somatosensory area, barrel field, layer 4",SSp-bfd4,9,False,6,6,6,6,508.745508970436,660.4404534828853,369.3144271207145,580.4201774434439,369.4689826327522,338.98830967561724,150.8350805392438,138.39139791230534,-151.69494451244935,-500.6812266674638,217.45444000689432,0.7703124578264793,-0.37648433749496757,-1.371828454844025,0.5136702587011769,0.4597540245975402,,0.0,
5055,"Primary somatosensory area, barrel field, layer 5",SSp-bfd5,9,False,6,6,6,6,524.5863383200361,714.8907743270006,456.76643824710646,587.1236402767862,319.50795974593683,333.7952655694087,130.43857835587548,136.27134653364226,-190.30443600696447,-526.6369860944919,140.00220863782727,0.7337992839729715,-0.4465425980539009,-1.301963155511812,0.3241236452982048,0.3468653134686531,,0.0,
5056,"Primary somatosensory area, barrel field, layer 6a",SSp-bfd6a,9,False,6,6,6,6,896.2373541016303,1151.9611618005554,799.8880330984749,964.1647744686707,608.841503202513,513.3794374185416,248.55850284587453,209.58627768541936,-255.72380769892504,-820.692879787524,333.2478007636721,0.7780100439330612,-0.3621393146901824,-1.2814523448582036,0.43424210753446896,0.44075592440755923,,0.0,
5057,"Primary somatosensory area, barrel field, layer 6b",SSp-bfd6b,9,False,6,6,6,6,1957.6558196684252,2530.745204547045,1786.4813590069534,2174.510249519994,1491.9606151520545,1238.345930963065,609.0903705752397,505.5526093185523,-573.0893848786197,-1953.9543957026135,865.6670047407149,0.7735491570431754,-0.37043512077088087,-1.4192916819159682,0.5117873621361667,0.47295270472952705,,0.0,
5065,"Primary somatosensory area, lower limb",SSp-ll,8,True,6,6,6,6,515.7066834517872,648.5079954506617,472.9202508235546,529.4357982568104,293.7394204875723,297.7214769494607,119.91861625589723,121.54428399899373,-132.80131199887455,-438.1110485596614,176.86648411618168,0.7952202394874281,-0.3305736188768057,-1.139744205414778,0.4261412406010654,0.44925507449255075,0.9007712962609318,0.0,0.0
5066,"Primary somatosensory area, lower limb, layer 1",SSp-ll1,9,False,6,6,6,6,65.7158617418569,87.74318169699058,47.26927165069181,62.17840571393167,52.96009829485526,75.12618649045436,21.620869591672808,30.670137203797356,-22.027319955133677,-93.14728807097354,38.73255267727263,0.7489569043529547,-0.4170453877721103,-1.7318122313476956,0.7801182574295633,0.6273372662733727,,0.0,
5067,"Primary somatosensory area, lower limb, layer 2/3",SSp-ll2/3,9,False,6,6,6,6,454.20208500701943,631.0712982174236,407.24275602919005,609.9259928158212,242.46384419753397,196.9171820471353,98.98544989293968,80.39110293370429,-176.8692132104042,-390.29268888758935,51.747888869176904,0.7197318057246405,-0.47446868087650007,-1.1908619658030342,0.1318886973484538,0.1934806519348065,,0.0,
5068,"Primary somatosensory area, lower limb, layer 4",SSp-ll4,9,False,6,6,6,6,527.8735099153462,672.8169225892592,551.8466298176868,548.171185349998,328.56396664780664,324.11107341519295,134.13567769199278,132.31779164216013,-144.94341267391303,-484.2119005954868,186.91607372610082,0.7845722843650917,-0.3500217229126846,-1.31551755621145,0.4465707280411461,0.45745425457454253,,0.0,
5069,"Primary somatosensory area, lower limb, layer 5",SSp-ll5,9,False,6,6,6,6,474.89132395954704,595.437330865793,461.2971357301344,422.0405893622311,237.09935989627317,348.83932620960815,96.79540834772973,142.41305857163837,-120.54600690624596,-444.1861753632928,165.98217117825007,0.7975504714644502,-0.3263522749096134,-1.1561291548307628,0.4947029070322677,0.5081491850814919,,0.0,
5070,"Primary somatosensory area, lower limb, layer 6a",SSp-ll6a,9,False,6,6,6,6,799.8501531402444,956.1219069194216,675.3449425673124,774.1153041916291,501.8335346403903,500.83942848792447,204.87268261437714,204.46684047709334,-156.27175377917717,-670.456455108754,367.1947124970736,0.83655666432466,-0.25746483009119847,-1.1623054144441067,0.6084569406144987,0.6001399860013998,,0.0,
5071,"Primary somatosensory area, lower limb, layer 6b",SSp-ll6b,9,False,6,6,6,6,1967.7367068479546,2059.4680112753736,1620.311643614429,2039.1399941331092,1715.5793756894566,868.0036667695217,700.3823472802821,354.3610130750219,-91.73130442741899,-1340.502304638264,1432.657670329738,0.9554587379239688,-0.06573452401622436,-1.2031190337284694,0.8872814224817857,0.9155084491550844,,0.0,
5072,"Primary somatosensory area, mouth",SSp-m,8,True,6,6,6,6,527.0223844678889,568.3501413577709,454.11261980168166,561.1181593074841,270.2387524232017,118.60868566062791,110.32450869385922,48.42179315511705,-41.32775688988204,-251.16662447749397,180.29291610071996,0.927284689696476,-0.10891575996501722,-0.7775068946487897,0.4216348655479851,0.7434256574342566,0.9862884028600022,0.0,0.0
5073,"Primary somatosensory area, mouth, layer 1",SSp-m1,9,False,6,6,6,6,388.2475776326656,404.1505445098878,386.0509442265069,414.3605373391689,188.64576180059535,60.52535319963854,77.01430975834617,24.709371973473935,-15.90296687722224,-154.01647685254179,131.28159621939432,0.9606508834560455,-0.057915868067704414,-0.6726419414659216,0.4182255378936045,0.8441155884411559,,0.0,
5074,"Primary somatosensory area, mouth, layer 2/3",SSp-m2/3,9,False,6,6,6,6,637.0144736899671,695.3112694775006,527.0466058932587,668.3408105403792,366.74657686986416,155.15088828367803,149.7236630405958,63.34008490576135,-58.29679578753348,-334.3753353880165,238.53854796351445,0.9161572689144801,-0.1263328201375642,-0.8711135317133814,0.45332210290824737,0.7431256874312568,,0.0,
5075,"Primary somatosensory area, mouth, layer 4",SSp-m4,9,False,6,6,6,6,432.64090192491125,432.7328334930098,341.38322181980334,462.97461529429756,234.4423836217177,98.37023413808872,95.71070232583942,40.15947991940466,-0.09193156809857328,-171.38790558511187,194.96559795770736,0.9997875558289476,-0.00030652471289026876,-0.6845953530666115,0.5697174132473062,0.9975002499750025,,0.0,
5076,"Primary somatosensory area, mouth, layer 5",SSp-m5,9,False,6,6,6,6,488.32222714730557,517.6300769220155,456.1650074552772,500.67979356679996,265.8108198456882,113.61176843665191,108.51681278880008,46.38181024083942,-29.30784977470995,-237.15449213609094,189.62791840172486,0.943380705485695,-0.08408800046967385,-0.8164648694502187,0.47654839805901716,0.8129187081291871,,0.0,
5077,"Primary somatosensory area, mouth, layer 6a",SSp-m6a,9,False,6,6,6,6,565.6261731262017,631.5060296542628,513.9255219578783,621.4757498942887,318.5676270929965,207.14286033772473,130.05468915784525,84.56571861467086,-65.87985652806105,-343.5394247300274,214.2711322831064,0.8956781828922061,-0.15894762972958792,-0.9508543430800852,0.4821744749537897,0.6731326867313269,,0.0,
5078,"Primary somatosensory area, mouth, layer 6b",SSp-m6b,9,False,6,6,6,6,875.3106347933075,1142.7362493274657,914.1668324160695,1199.8256493151262,633.9529544191789,406.31215299908024,258.8102098761451,165.87624185656608,-267.42561453415817,-804.8876823898194,287.6863799133505,0.7659778319874371,-0.38462545488409366,-1.4598910335943942,0.38453092191840377,0.3965603439656034,,0.0,
5044,"Primary somatosensory area, nose",SSp-n,8,True,6,6,6,6,492.81165264308447,654.1559431426094,415.49601105567695,648.229709133187,270.4399183695592,185.36471257677164,110.40663434755923,75.67482702179235,-161.34429049952496,-383.8992087047981,95.8848820843149,0.7533550032054802,-0.4085982290973574,-1.0976302295147273,0.2140642093763722,0.25207479252074794,0.8481592630210664,0.0,0.0
5045,"Primary somatosensory area, nose, layer 1",SSp-n1,9,False,6,6,6,6,420.7477665350345,522.476812434436,460.6204189278325,520.930596479624,206.3729400784618,197.6403079957709,84.25139998503327,80.68631786602484,-101.72904589940157,-310.5521760120264,104.73175339345335,0.8052946207786643,-0.312411398400534,-1.021898621465485,0.3164976987749964,0.3965603439656034,,0.0,
5046,"Primary somatosensory area, nose, layer 2/3",SSp-n2/3,9,False,6,6,6,6,536.486149789156,792.9328040920974,534.8081170407345,726.6926826420347,304.3816750945034,315.61145386524043,124.26329850585802,128.84783649129878,-256.4466543029414,-574.7256120464668,58.03976727427716,0.6765846324184165,-0.563657685987099,-1.3598113129790312,0.1314977921711292,0.18068193180681932,,0.0,
5047,"Primary somatosensory area, nose, layer 4",SSp-n4,9,False,6,6,6,6,397.7428378825307,526.8696410039606,322.98792653003363,477.71149159025765,248.63590267585798,218.69676934982618,101.50518221535845,89.2825822170363,-129.12680312142993,-357.84480457379044,124.4913533020782,0.7549169793207743,-0.40561009959919675,-1.253114066155468,0.36784449685077436,0.394960503949605,,0.0,
5048,"Primary somatosensory area, nose, layer 5",SSp-n5,9,False,6,6,6,6,470.07922243820394,585.9834319790805,398.52022173190073,578.5991320092689,322.99451014237445,123.07077058246095,131.86195659483724,50.24343169635997,-115.90420954087654,-345.9506889894358,162.65265883912235,0.8022056542632517,-0.31795596001291987,-1.181249080702679,0.36945871260678054,0.43125687431256876,,0.0,
5049,"Primary somatosensory area, nose, layer 6a",SSp-n6a,9,False,6,6,6,6,553.8880835463646,679.3326421429277,526.4600869739156,636.5041895069386,327.77979624222456,203.63908666094216,133.81554146448153,83.13530900095209,-125.44455859656318,-407.3061651512817,165.65024206232118,0.8153414824866161,-0.2945236773739163,-1.1165694226348568,0.3530870802790647,0.44395560443955606,,0.0,
5050,"Primary somatosensory area, nose, layer 6b",SSp-n6b,9,False,6,6,6,6,1213.8365218393847,1786.4436185050693,1060.5544486715044,1932.7940492794046,968.9268033549415,670.6473226912942,395.5627110542705,273.79062299288756,-572.6070966656846,-1398.0765124502946,329.8366700693567,0.6794709383860358,-0.5575162480050171,-1.7160855440715108,0.29134481709903365,0.2585741425857414,,0.0,
5086,"Primary somatosensory area, trunk",SSp-tr,8,True,6,6,6,6,651.6111497046387,759.4750991861811,548.5387597917722,575.7586997645042,409.5467018492814,392.09679852728374,167.19674089508257,160.07284769511733,-107.86394948154236,-515.7092278208447,300.9672800109181,0.8579756602986398,-0.22099137404427274,-1.136328809275456,0.6183144717553086,0.6091390860913909,0.9457680430040064,0.0,0.0
5087,"Primary somatosensory area, trunk, layer 1",SSp-tr1,9,False,6,6,6,6,93.70094221216311,117.58071006307095,56.15516233200184,91.40978804325164,96.71271506096586,82.39303144896513,39.482800589758014,33.63681423517532,-23.87976785090784,-114.75639361709139,70.13934361928847,0.7969074362784627,-0.32751593526054773,-2.0008013793293844,0.8975365211301657,0.6345365463453655,,0.0,
5088,"Primary somatosensory area, trunk, layer 2/3",SSp-tr2/3,9,False,6,6,6,6,652.5830087243079,709.398787165414,500.7445524880219,647.1087883948458,475.46319219031363,311.80961821361103,194.1070353901867,127.29574358589652,-56.81577844110609,-447.39352050498536,361.1203134123855,0.9199099583069091,-0.12043543921922308,-1.185669089310005,0.7064476147886042,0.7888211178882112,,0.0,
5089,"Primary somatosensory area, trunk, layer 4",SSp-tr4,9,False,6,6,6,6,882.6122524148315,905.4505830981249,758.920998925646,778.1556222613615,621.862658404788,425.77923770676307,253.87436719706795,173.8236459087928,-22.838330683293407,-556.4346057796777,538.4455024039639,0.9747768336454664,-0.03685613022531686,-1.0530392195181764,0.8036625504567655,0.914008599140086,,0.0,
5090,"Primary somatosensory area, trunk, layer 5",SSp-tr5,9,False,6,6,6,6,697.603792453237,854.1659891769192,619.2251914267669,628.2584564981951,390.57357087531,502.9004054631681,159.45099261021176,205.30823080392196,-156.56219672368218,-625.667726456497,296.1787049392612,0.816707526748347,-0.2921085712942347,-1.176718146734456,0.5784037250432758,0.5507449255074492,,0.0,
5091,"Primary somatosensory area, trunk, layer 6a",SSp-tr6a,9,False,6,6,6,6,887.7539544814786,1155.5721239628476,785.5332765227984,807.9437269999864,535.5371565661101,659.176936319504,218.6321286479926,269.10785736564424,-267.81816948136907,-897.0337691748597,339.2052029714081,0.7682375994300296,-0.38037552026103905,-1.3205949472117848,0.48812387223850373,0.46035396460353967,,0.0,
5092,"Primary somatosensory area, trunk, layer 6b",SSp-tr6b,9,False,6,6,6,6,1297.4603815614196,1565.4476528703174,1299.5368659896922,1245.7531704299408,731.5270683514905,1075.4402184804298,298.6446750825375,439.04663069071887,-267.9872713088978,-1212.8602023977483,673.0829918318105,0.828811093863451,-0.2708847808654673,-1.1990031496021232,0.783493696029771,0.6272372762723728,,0.0,
5079,"Primary somatosensory area, upper limb",SSp-ul,8,True,6,6,6,6,514.9719577055598,680.06742593297,481.04001530766374,639.5679959320869,282.6648457321456,228.2386738745926,115.39744004438,93.17804842704159,-165.09546822741015,-419.43617830756216,104.56775736144488,0.7572366181178003,-0.40118391694188643,-1.138923004528481,0.23925714256751038,0.29357064293570645,0.8523845728634685,0.0,0.0
5080,"Primary somatosensory area, upper limb, layer 1",SSp-ul1,9,False,6,6,6,6,193.28893089671385,304.9563087407292,183.80471425856777,298.1674212214611,108.63838449928862,82.52425221724378,44.35143475059042,33.69038488949843,-111.66737784401533,-208.38403585060283,-11.29056261089581,0.6338249951111724,-0.6578435408600214,-1.421842433109103,-0.06002463913620841,0.08049195080491951,,0.0,
5081,"Primary somatosensory area, upper limb, layer 2/3",SSp-ul2/3,9,False,6,6,6,6,506.66915177172694,699.0878950298589,454.3941180421333,681.1968810323798,240.9652786023447,187.06842997795493,98.3736630505557,76.37036673825898,-192.418743258132,-413.86093442207783,31.44433994710647,0.7247574380473094,-0.46442986042076223,-1.1094737236382557,0.07181589452653901,0.1613838616138386,,0.0,
5082,"Primary somatosensory area, upper limb, layer 4",SSp-ul4,9,False,6,6,6,6,497.0564067613771,650.6156952361522,427.4082243016163,622.5625378954512,317.5133201891125,280.3774648164009,129.62427016671035,114.46362069588758,-153.5592884747751,-449.3989564794819,162.0720320073938,0.7639785058996492,-0.3883960454590566,-1.253365463043995,0.39312889028427483,0.38466153384661533,,0.0,
5083,"Primary somatosensory area, upper limb, layer 5",SSp-ul5,9,False,6,6,6,6,474.1510579043043,609.8872097695358,405.6601411543734,581.2510834364979,262.3716469470266,334.27977937226893,107.11277633231184,136.46914846536612,-135.73615186523153,-438.4407192266011,170.32603370710075,0.7774405665655401,-0.36319570594450407,-1.1956793241597279,0.4705131485199249,0.43485651434856515,,0.0,
5084,"Primary somatosensory area, upper limb, layer 6a",SSp-ul6a,9,False,6,6,6,6,670.3116424826902,859.2943330742302,617.3108460330116,848.3637208382299,438.3770460439872,299.55583443989997,178.96667962605596,122.29315730856516,-188.98269059153995,-550.506383899,218.6596442544298,0.7800722251764057,-0.358320388758752,-1.2242784187857112,0.36474556496444854,0.39746025397460255,,0.0,
5085,"Primary somatosensory area, upper limb, layer 6b",SSp-ul6b,9,False,6,6,6,6,1964.934012985131,2269.132095805518,1964.0674004481732,2382.9472283064465,1102.0737769855318,655.3489175489399,449.91973541939603,267.5450752466978,-304.19808282038707,-1227.7805751440155,663.4557310529689,0.8659407782461426,-0.2076597325821562,-0.9906207623194644,0.41597980840106336,0.5614438556144385,,0.0,
5093,"Primary somatosensory area, unassigned",SSp-un,8,True,6,6,6,6,548.2388366227849,799.8865371421638,433.50433969350246,759.0541598887191,352.37973659851167,285.50157941936055,143.85842506044875,116.55553172268677,-251.64770051937887,-566.4002001762193,89.61742834128435,0.6853957544797963,-0.54499083943225,-1.3767036827248826,0.17370964820950874,0.2171782821717828,0.8185935504810175,0.0,0.0
5094,"Primary somatosensory area, unassigned, layer 1",SSp-un1,9,False,6,6,6,6,204.86402067572726,423.9138102968416,185.09630350745124,387.43580614443255,148.57184365401991,231.42679007766517,60.65420118281797,94.47959141674612,-219.04978962111431,-423.451662407982,-25.937369814160146,0.4832680976641766,-1.0491043346774958,-2.189721303977568,-0.12607235977192827,0.0822917708229177,,0.0,
5095,"Primary somatosensory area, unassigned, layer 2/3",SSp-un2/3,9,False,6,6,6,6,501.08195293011926,817.4688308480557,473.3228254843184,813.6330400481341,311.45027706119276,203.87743693747356,127.14904317472845,83.23261509387763,-316.3868779179365,-573.3670494653526,-41.6077632599194,0.6129676557946417,-0.7061171450427068,-1.5337477501241537,-0.07966904825198878,0.0678932106789321,,0.0,
5096,"Primary somatosensory area, unassigned, layer 4",SSp-un4,9,False,6,6,6,6,561.4264275628207,733.2037122935211,320.4175843960891,667.8403927152794,463.48248126449937,303.7211435613429,189.2159306361813,123.99363763664776,-171.77728473070044,-547.8581992160313,242.67737001751982,0.7657168371483458,-0.38511711418315125,-1.505002826188744,0.4707372186680751,0.45695430456954306,,0.0,
5097,"Primary somatosensory area, unassigned, layer 5",SSp-un5,9,False,6,6,6,6,556.3847070421868,769.8764334088443,424.73706995339825,678.3471446017797,395.5612013553293,370.3768740587137,161.4871842271451,151.20572566181937,-213.49172636665742,-611.7900738215998,173.42787253881738,0.7226935166447909,-0.4685441430920559,-1.499018665253326,0.3653615117345814,0.35066493350664935,,0.0,
5098,"Primary somatosensory area, unassigned, layer 6a",SSp-un6a,9,False,6,6,6,6,769.6866822787769,1028.3888241303239,658.3989762857686,909.396807606044,477.0532360483086,468.52608494263364,194.7561680769757,191.27497321555688,-258.702141851547,-731.5804392227103,236.39095536615815,0.7484393686694103,-0.41804264709125627,-1.242729225963762,0.36501331577698487,0.36626337366263373,,0.0,
5099,"Primary somatosensory area, unassigned, layer 6b",SSp-un6b,9,False,6,6,6,6,1808.4921517733517,2227.478974451495,1640.6504065040647,2398.9319092122823,1346.642167079694,774.884248394038,549.7643625768369,316.3451697142414,-418.9868226781434,-1474.6273824204832,738.9123761644644,0.8119008854926154,-0.30062447675764203,-1.3424925831372256,0.49099598065609257,0.5047495250474953,,0.0,
5038,"Primary somatosensory area, layer 1",SSp1,8,False,6,6,0,0,,,,,,,,,,,,,,,,,,,
5039,"Primary somatosensory area, layer 2/3",SSp2/3,8,False,6,6,0,0,,,,,,,,,,,,,,,,,,,
5040,"Primary somatosensory area, layer 4",SSp4,8,False,6,6,0,0,,,,,,,,,,,,,,,,,,,
5041,"Primary somatosensory area, layer 5",SSp5,8,False,6,6,0,0,,,,,,,,,,,,,,,,,,,
5042,"Primary somatosensory area, layer 6a",SSp6a,8,False,6,6,0,0,,,,,,,,,,,,,,,,,,,
5043,"Primary somatosensory area, layer 6b",SSp6b,8,False,6,6,0,0,,,,,,,,,,,,,,,,,,,
5100,Supplemental somatosensory area,SSs,7,True,6,6,6,6,584.2686308791227,731.6743828736284,502.1442527857222,776.0203929902498,347.77076937176406,201.5114059738028,141.97682206932507,82.26668699777447,-147.40575199450564,-422.58634761448667,163.9613037531312,0.7985364043830889,-0.32456991489549175,-1.0996935932044012,0.31515658415806275,0.37446255374462556,0.8901935893367185,0.0,0.0
5101,"Supplemental somatosensory area, layer 1",SSs1,8,False,6,6,6,6,625.4683313287279,626.3053918599537,552.649117216722,631.0501374303207,380.0629582465817,190.07661449255016,155.16005297280552,77.59845292374234,-0.8370605312258022,-291.11835006913617,319.32717415384644,0.9986634946112471,-0.0019294593502842473,-0.7944406026249513,0.6534340798944154,0.9971002899710029,,0.0,
5102,"Supplemental somatosensory area, layer 2/3",SSs2/3,8,False,6,6,6,6,814.106839692528,929.4054609194973,642.0469646585846,886.8408003115991,496.4162384089993,271.02502772787756,202.66108068897543,110.6455042428271,-115.29862122696932,-502.97781343202837,309.38414765403644,0.8759436800458437,-0.1910899820593467,-0.9987743947788938,0.44845507341406066,0.6101389861013898,,0.0,
5103,"Supplemental somatosensory area, layer 4",SSs4,8,False,6,6,6,6,455.2874042629091,631.046007806748,377.2461558998119,692.3827921646655,286.705856395311,170.62368080687594,117.04717573936354,69.65682600205895,-175.7586035438389,-402.22447274198703,86.16212578738335,0.7214805238136245,-0.47096764483720616,-1.2791817239277092,0.19540900731889593,0.21587841215878412,,0.0,
5104,"Supplemental somatosensory area, layer 5",SSs5,8,False,6,6,6,6,473.2519510873192,647.3756620303365,434.8259820386421,643.1651889971835,277.32872048858775,219.8903508471462,113.21897603599646,89.7698598228465,-174.12371094301727,-430.1637148958555,86.71569018494336,0.7310314224712734,-0.45199467493513185,-1.2588353350024448,0.2100289665382697,0.25237476252374763,,0.0,
5105,"Supplemental somatosensory area, layer 6a",SSs6a,8,False,6,6,6,6,442.26306086477916,649.711990462088,412.9228286149046,614.6214088863088,282.8300598371005,261.60932532233784,115.46488842028837,106.80155983224903,-207.44892959730885,-496.11529483593546,72.48761208161098,0.6807063242749036,-0.5548955813691832,-1.4842593208089074,0.1825085477562293,0.22027797220277973,,0.0,
5106,"Supplemental somatosensory area, layer 6b",SSs6b,8,False,6,6,6,6,1017.0757377963076,1743.784721445497,907.9430403913882,1506.5490945483616,736.4674987866648,887.4031660527985,300.66159736185307,362.28082549327456,-726.7089836491895,-1619.9275609500692,85.14036972336476,0.58325762652239,-0.7777948282559479,-1.8893342022998607,0.08919192150648775,0.1611838816118388,,0.0,
5802,Subthalamic nucleus,STN,6,True,6,6,6,6,39.13046438445448,43.969338203481634,29.02850772415989,40.14481951641608,37.60478478225582,22.24732665579468,15.35208910061743,9.08243307461931,-4.838873819027157,-34.18726190430398,28.801912511298827,0.8899489049247505,-0.1682055865923072,-1.6045282621330383,0.8694665639941009,0.7956204379562044,1.0,0.0,0.0
15571,Striatum,STR,4,False,6,6,6,6,489.22059029636586,590.5469898475545,435.7552973776052,606.1205706444778,204.54042610446623,115.63571389593007,83.50327928789845,47.208082514581825,-101.32639955118867,-266.7506713756349,74.88690980017397,0.8284194123530367,-0.271566734258293,-0.8090565618046417,0.18564724824387271,0.31956804319568044,,0.0,
5571,"Striatum, subregion",STR_sub,5,True,6,6,6,6,295.4350671868601,343.26017322696725,241.86517014905496,337.624048556032,133.48369818869926,103.85183196464087,54.494491590330725,42.397332861105,-47.82510604010713,-167.963844059344,79.58761021898047,0.860673885960884,-0.2164613987635607,-0.7982582442210441,0.3424770038555515,0.49895010498950104,0.919927607239276,0.0,0.0
5572,Striatum dorsal region,STRd,5,False,6,6,6,6,582.9097645409837,739.7448203169776,548.4347634811149,765.8775220255459,235.38093082617388,126.84846392586526,96.0938626175783,51.7856685457015,-156.83505577599385,-348.8309358936853,42.081841792664086,0.787987625639892,-0.3437551207490309,-0.8611402292679632,0.08321939239379729,0.1860813918608139,,0.0,
5574,Striatum ventral region,STRv,5,False,6,6,6,6,415.7376727587389,500.55508068778494,366.5941152225973,469.139908872151,211.40695659601008,139.39309697753984,86.30652862248921,56.90699354354412,-84.81740792904606,-265.1025429559516,108.07969333480878,0.8305532973264338,-0.26785534473537675,-0.9310037309081112,0.3108208455342987,0.43665633436656337,,0.0,
5535,Subiculum,SUB,7,True,6,6,6,6,515.2728781726388,613.2454303826686,540.1210930669849,529.7597631209601,237.73740902937274,155.5436727156421,97.05589081554959,63.5004384786315,-97.97255221002979,-303.155865430843,110.07650865774009,0.8402392462200747,-0.2511279215305197,-0.8521414011858988,0.2582478529079963,0.4276572342765723,0.9007712962609318,0.0,0.0
5536,"Subiculum, dorsal part",SUBd,8,False,6,6,0,0,,,,,,,,,,,,,,,,,,,
5537,"Subiculum, dorsal part, molecular layer",SUBd-m,9,False,6,6,0,0,,,,,,,,,,,,,,,,,,,
5538,"Subiculum, dorsal part, pyramidal layer",SUBd-sp,9,False,6,6,0,0,,,,,,,,,,,,,,,,,,,
5539,"Subiculum, dorsal part, stratum radiatum",SUBd-sr,9,False,6,6,0,0,,,,,,,,,,,,,,,,,,,
5540,"Subiculum, ventral part",SUBv,8,False,6,6,0,0,,,,,,,,,,,,,,,,,,,
5541,"Subiculum, ventral part, molecular layer",SUBv-m,9,False,6,6,0,0,,,,,,,,,,,,,,,,,,,
5542,"Subiculum, ventral part, pyramidal layer",SUBv-sp,9,False,6,6,0,0,,,,,,,,,,,,,,,,,,,
5543,"Subiculum, ventral part, stratum radiatum",SUBv-sr,9,False,6,6,0,0,,,,,,,,,,,,,,,,,,,
5772,Supramammillary nucleus,SUM,7,True,6,6,6,6,35.93241262188234,56.75134631358572,24.01231961814525,33.47820048673618,28.31429568267939,52.37935107260752,11.559262808142199,21.383780530998532,-20.81893369170338,-68.18107226919527,16.777607594960887,0.6331552457510682,-0.6593688119562857,-2.0340365004740124,0.5728788182373432,0.5471452854714528,0.94413415801277,0.0,0.0
5773,"Supramammillary nucleus, lateral part",SUMl,8,False,6,6,0,0,,,,,,,,,,,,,,,,,,,
5774,"Supramammillary nucleus, medial part",SUMm,8,False,6,6,0,0,,,,,,,,,,,,,,,,,,,
5919,Supratrigeminal nucleus,SUT,6,True,6,6,6,6,188.49827103184361,228.95026545073247,152.67162719913915,190.87943327722718,157.08917214493096,119.81404912538898,64.13138597855156,48.913880728993355,-40.45199441888886,-180.5284987369235,106.57719045351251,0.8233153635386649,-0.2804829470284978,-1.552458285171266,0.6977173342949866,0.6167383261673832,0.9457680430040064,0.0,0.0
6007,Superior vestibular nucleus,SUV,7,True,6,6,6,6,100.40201903577203,103.65993036800751,94.48135457672447,103.86766219239601,86.80190838122707,69.12306808527183,35.43673070563682,28.219374377429435,-3.25791133223548,-82.76992765147473,77.74255248750248,0.9685711603252151,-0.04607004825096262,-1.473399919227044,1.14352185737405,0.942005799420058,1.0,0.0,0.0
5844,Supraoculomotor periaqueductal gray,Su3,6,True,6,6,6,6,29.14111447892235,27.752551000221278,16.797900262467188,17.515051997810616,41.69871710526696,32.40407333823443,17.02342997276148,13.228907544399851,1.388563478701073,-33.13848949838275,42.40840267302817,1.0500337240598172,0.07043566384620066,-2.535516629550041,2.107069163135862,0.9402059794020597,1.0,0.0,0.0
5712,Subgeniculate nucleus,SubG,7,True,6,6,6,6,65.51066093576263,51.32396126210558,26.936026936026927,0.0,107.58870648424585,81.18973517684272,43.922905495411705,33.1455705891598,14.186699673657053,-76.75248593169715,118.97347752340426,1.2764147451754007,0.35209717987570655,-2.539638510211666,2.3887929583932683,0.8425157484251575,1.0,0.0,0.0
5360,Temporal association areas,TEa,6,True,6,6,6,6,1250.617259716137,1435.2075425200758,1047.940684637934,1344.0279912154017,889.4064126179647,352.7629242309853,363.09864747888133,144.01486075633298,-184.59028280393886,-776.0267914641579,583.4421597857472,0.8713842581402426,-0.1986190441866612,-1.00469413418968,0.5227080756506953,0.6862313768623137,0.9577027191540665,0.0,0.0
5361,"Temporal association areas, layer 1",TEa1,7,False,6,6,6,6,476.1762544326536,489.2796654997828,398.6462804017357,491.75555878359944,373.8474546531502,72.78480201707819,152.62258425641514,29.714270995222904,-13.10341106712923,-242.989560582327,297.9499739975712,0.9732189747682555,-0.03916364623329689,-0.9631090843131112,0.6896029963193794,0.9578042195780422,,0.0,
5362,"Temporal association areas, layer 2/3",TEa2/3,7,False,6,6,6,6,1596.057868705482,1707.9185708887373,1344.5108111012926,1608.6289991237077,1162.61809837848,346.6306442836785,474.63685112536183,141.5113679511992,-111.8607021832554,-854.3748088486342,878.290033117418,0.934504663108706,-0.09772623195810562,-0.9238848657149221,0.6152168396455109,0.8868113188681132,,0.0,
5363,"Temporal association areas, layer 4",TEa4,7,False,6,6,6,6,1618.5243074968712,1793.1366467508244,1299.6080565168377,1710.7929743731092,1306.1140794075488,461.0479181756483,533.2188400689141,188.22202441713142,-174.61233925395322,-1004.9740727338203,955.0756457799083,0.902621844481093,-0.1478064010442611,-1.0526305741537614,0.6505424720264106,0.8127187281271873,,0.0,
5364,"Temporal association areas, layer 5",TEa5,7,False,6,6,6,6,1389.7628322089113,1693.9169741133055,1136.1764583267632,1639.2979949784235,904.4726203574397,465.7509537127904,369.2494010322954,190.1420306351605,-304.15414190439424,-960.0436717581955,499.77683067385806,0.8204433000244264,-0.2855244608437993,-1.0398901148650666,0.41849139767093096,0.48765123487651235,,0.0,
5365,"Temporal association areas, layer 6a",TEa6a,7,False,6,6,6,6,1100.714288824843,1359.0171540310103,784.8073943151207,1247.9980081904641,806.396794584808,499.08528595905494,329.21011282478685,203.75071478845243,-258.3028652061673,-887.4773889585664,491.64570212717763,0.8099340656297018,-0.3041236277059012,-1.2154768457652947,0.4975490804009812,0.5188481151884812,,0.0,
5366,"Temporal association areas, layer 6b",TEa6b,7,False,6,6,6,6,1391.394443211828,1675.567695774935,845.8160716225229,1492.4955061004755,1130.2468765230199,909.2181839906243,461.4213551426438,371.1867692728305,-284.17325256310687,-1297.9702858066453,794.3032342344662,0.8304018075308623,-0.26811851088211136,-1.4189214591727133,0.6915334431812101,0.626937306269373,,0.0,
15643,Thalamus,TH,4,False,6,6,6,6,80.32009993532948,67.31424082138587,61.32087299913971,64.26925115941161,37.03542424646773,15.583670265000897,15.119648635224353,6.362006744839152,13.005859113943615,-14.44648895994314,44.07182145229541,1.1932111089012183,0.2548493144670335,-0.32239496700434456,0.7696163908555395,0.41605839416058393,,0.0,
5643,"Thalamus, subregion",TH_sub,5,True,6,6,6,6,106.11053520176553,88.36512443410976,111.8589559098551,87.35655702085822,50.04059622802717,33.677925035576315,20.428987863884526,13.748955322144164,17.74541076765577,-25.76666070250396,60.7819452408334,1.200819167983946,0.264018911164071,-0.4532435482044458,0.8748377818769291,0.49265073492650735,0.919927607239276,0.0,0.0
5775,Tuberomammillary nucleus,TM,7,False,6,6,6,6,15.458281038748263,32.524975601246275,12.93563923573937,20.077196587457646,16.313830385998074,44.52409687815633,6.660093366001137,18.176886434954742,-17.066694562498014,-56.102395747910336,10.548055241807932,0.47527417785844367,-1.073168074243453,-3.084403734058695,0.9958474024058583,0.569043095690431,,0.0,
5776,"Tuberomammillary nucleus, dorsal part",TMd,8,True,6,6,6,6,0.0,26.813126467301554,0.0,0.0,0.0,49.2825243677049,0.0,20.1195063228592,-26.813126467301554,-67.60343876813009,0.0,0.0,,,,0.45245475452454753,0.9007712962609318,0.0,0.0
5777,"Tuberomammillary nucleus, ventral part",TMv,8,True,6,6,6,6,19.787368158940897,34.05907658697828,16.627562005669162,20.262567941609163,20.768124237270584,43.903378392942436,8.478551216006835,17.923479174506852,-14.271708428037382,-53.03740901229008,15.437393808206227,0.5809719505579947,-0.7834595831813749,-2.7778593966163942,1.1447016233041478,0.6436356364363564,0.9457680430040064,0.0,0.0
5449,Postpiriform transition area,TR,6,True,6,6,6,6,713.3722384188045,718.7540289316636,603.2469699912253,694.9952695597719,475.0839346040985,130.71217435871674,193.95220412896893,53.3630217247605,-5.381790512859084,-335.70625472553616,378.37216616999467,0.9925123334322613,-0.010843064902794073,-0.863812889328314,0.6327173530596655,0.9885011498850115,1.0,0.0,0.0
5451,"Postpiriform transition area, layers 1",TR1,7,False,6,6,0,0,,,,,,,,,,,,,,,,,,,
5450,"Postpiriform transition area, layers 1-3",TR1-3,7,False,6,6,0,0,,,,,,,,,,,,,,,,,,,
5452,"Postpiriform transition area, layers 2",TR2,7,False,6,6,0,0,,,,,,,,,,,,,,,,,,,
5453,"Postpiriform transition area, layers 3",TR3,7,False,6,6,0,0,,,,,,,,,,,,,,,,,,,
5920,Tegmental reticular nucleus,TRN,6,True,6,6,6,6,63.02706017863897,102.75111285491238,51.415851885928745,88.68941190756482,57.7354333129555,54.94157638269087,23.570391949204453,22.4298046336233,-39.72405267627341,-97.60201296035727,18.16658323428907,0.6133954020297089,-0.7051107425859824,-2.002344527741617,0.2990688819242171,0.2628737126287371,0.8481592630210664,0.0,0.0
5621,Triangular nucleus of septum,TRS,6,True,6,6,6,6,40.05150436159055,47.30240425952329,34.244502568462934,49.20502525555089,23.597821011477524,28.455129246185905,9.633770086607926,11.616757869683667,-7.25089989793274,-33.27855272402312,20.44085660588816,0.8467118107115468,-0.24005708165276668,-1.1479387612833036,0.7618492902468432,0.6198380161983802,0.9457680430040064,0.0,0.0
5398,Taenia tecta,TT,6,False,6,6,6,6,306.32518526968767,467.80065209934986,271.4236546774549,422.1926959330764,219.2862375032153,233.96884470680337,89.5232315829403,95.51738087335752,-161.4754668296622,-400.64627030502396,68.45637335455358,0.6548199193288671,-0.6108298862703498,-1.65822685666405,0.25432107532223386,0.24547545245475452,,0.0,
5399,"Taenia tecta, dorsal part",TTd,7,True,6,6,6,6,526.7632077420872,827.2846790710428,483.14839444909944,762.9644657159776,372.0953593702081,414.1768684388375,151.90729435242423,169.08699848983173,-300.5214713289556,-720.3935760538816,96.71893685938738,0.6367375355404733,-0.651229281597084,-1.690739714089678,0.1969743343463623,0.21757824217578242,0.8185935504810175,0.0,0.0
5401,"Taenia tecta, dorsal part, layer 1",TTd1,8,False,6,6,0,0,,,,,,,,,,,,,,,,,,,
5400,"Taenia tecta, dorsal part, layers 1-4",TTd1-4,8,False,6,6,0,0,,,,,,,,,,,,,,,,,,,
5402,"Taenia tecta, dorsal part, layer 2",TTd2,8,False,6,6,0,0,,,,,,,,,,,,,,,,,,,
5403,"Taenia tecta, dorsal part, layer 3",TTd3,8,False,6,6,0,0,,,,,,,,,,,,,,,,,,,
5404,"Taenia tecta, dorsal part, layer 4",TTd4,8,False,6,6,0,0,,,,,,,,,,,,,,,,,,,
5405,"Taenia tecta, ventral part",TTv,7,True,6,6,6,6,106.62929094862358,128.3767494334477,85.08026689376427,106.52593744381623,89.06757118046552,73.87368613059746,36.361683670193486,30.158806073080406,-21.747458484824136,-106.79461003083297,64.5146880182251,0.8305965949379461,-0.26778013749524004,-1.6163019167029575,0.774484902710624,0.642035796420358,0.9457680430040064,0.0,0.0
5407,"Taenia tecta, ventral part, layer 1",TTv1,8,False,6,6,0,0,,,,,,,,,,,,,,,,,,,
5406,"Taenia tecta, ventral part, layers 1-3",TTv1-3,8,False,6,6,0,0,,,,,,,,,,,,,,,,,,,
5408,"Taenia tecta, ventral part, layer 2",TTv2,8,False,6,6,0,0,,,,,,,,,,,,,,,,,,,
5409,"Taenia tecta, ventral part, layer 3",TTv3,8,False,6,6,0,0,,,,,,,,,,,,,,,,,,,
5803,Tuberal nucleus,TU,6,True,6,6,6,6,21.80730303943564,45.12448415764377,20.282710348335144,47.73389111391262,18.69706102484608,23.8507801113394,7.633043200091935,9.737040206683815,-23.31718111820813,-44.233374250845465,-0.05062359179767219,0.4832698577395624,-1.0490990803529936,-2.310890614260652,-0.002797265533119069,0.08689131086891311,0.8185935504810175,0.0,0.0
6060,Uvula (IX),UVU,5,True,6,6,6,6,236.50910772824338,358.95949649296904,254.62887857620507,323.33423625952133,132.77972081745907,213.25973076523994,54.207094031996675,87.0629205096929,-122.45038876472566,-317.5902069938478,51.507311231616136,0.6588740792176699,-0.601925324110175,-1.5348750611834951,0.2751528984523593,0.2622737726227377,0.8481592630210664,0.0,0.0
6063,"Uvula (IX), granular layer",UVUgr,6,False,6,6,0,0,,,,,,,,,,,,,,,,,,,
6061,"Uvula (IX), molecular layer",UVUmo,6,False,6,6,0,0,,,,,,,,,,,,,,,,,,,
6062,"Uvula (IX), Purkinje layer",UVUpu,6,False,6,6,0,0,,,,,,,,,,,,,,,,,,,
5921,Motor nucleus of trigeminal,V,6,True,6,6,6,6,801.5634383378747,847.8880588187545,678.9955015385519,704.9870137073484,685.9399224202946,587.8598204230897,280.0338006890001,239.99276672011987,-46.324620480879844,-710.2997948625712,591.4265719792428,0.9453646976165491,-0.08105710318050208,-1.4997231912334468,0.9946142370996773,0.8926107389261074,1.0,0.0,0.0
6301,third ventricle,V3,2,True,6,6,6,6,0.0,0.0,0.0,0.0,0.0,0.0,0.0,0.0,0.0,0.0,0.0,,,,,1.0,1.0,0.0,0.0
16303,fourth ventricle,V4,2,False,6,6,6,6,0.0,0.0,0.0,0.0,0.0,0.0,0.0,0.0,0.0,0.0,0.0,,,,,1.0,,0.0,
6303,"fourth ventricle, subregion",V4_sub,3,True,6,6,6,6,0.0,0.0,0.0,0.0,0.0,0.0,0.0,0.0,0.0,0.0,0.0,,,,,1.0,1.0,0.0,0.0
6304,lateral recess,V4r,3,True,6,6,6,6,0.0,0.0,0.0,0.0,0.0,0.0,0.0,0.0,0.0,0.0,0.0,,,,,1.0,1.0,0.0,0.0
5646,Ventral anterior-lateral complex of the thalamus,VAL,7,True,6,6,6,6,16.12223967853509,11.782535478154456,13.796958080366364,9.874395211727325,8.768621619541083,8.56594213873381,3.579774785902117,3.4970312343504446,4.339704200380636,-4.724241455871235,13.562583789076061,1.368316667361343,0.4524021494951509,-0.5083537097735751,1.603245465789978,0.38866113388661133,0.8901935893367185,0.0,0.0
5944,Ventral cochlear nucleus,VCO,7,True,6,6,6,6,190.96075673694477,286.6900631336363,244.21768325175424,293.96295560901376,126.59446798434129,91.98026286399484,51.681975136789575,37.55078507064264,-95.7293063966915,-211.8920225777107,15.47477430767588,0.6660878115190595,-0.5862157120470641,-1.5937455875704274,0.09202406929177806,0.1703829617038296,0.8185935504810175,0.0,0.0
5645,Ventral group of the dorsal thalamus,VENT,6,False,6,6,6,6,43.93839984945416,30.48138822595766,35.437341369854146,30.468306183406575,24.487641376071462,11.984916186966757,9.997037729273334,4.892821544681858,13.457011623496498,-5.358570204963816,34.002826722629514,1.441482898473654,0.5275537210273361,-0.2429737862631199,1.2222848299884377,0.260973902609739,,0.0,
6021,Vermal regions,VERM,4,False,6,6,6,6,371.0577656799164,585.1206063599581,352.26399531251604,449.64424742073027,141.0893588894423,275.60497680240303,57.599489569257265,112.51526062291367,-214.0628406800417,-452.24051125432374,-6.521405406432409,0.6341560383392938,-0.6570902260677925,-1.2950178579955727,-0.020781274089222736,0.12248775122487751,,0.0,
5967,Abducens nucleus,VI,6,True,6,6,6,6,353.0709499679122,772.576014284179,390.7273694611233,692.9415339517757,286.46503069668006,385.92771075293564,116.94885905959768,157.5543281575182,-419.5050643162668,-770.9321478782374,-69.29486757060057,0.4570048039804159,-1.129718764084772,-2.4517715943090246,-0.19508643888641886,0.06509349065093491,0.8185935504810175,0.0,0.0
5969,Facial motor nucleus,VII,6,True,6,6,6,6,50.60911249371455,53.936107011258905,37.03396993690323,47.504795675373614,45.52102128645295,37.09550232745794,18.583879120363537,15.144175409082958,-3.3269945175443567,-45.548883415336505,38.19777523328817,0.9383160056981891,-0.09185422003992678,-1.609958124043718,1.0185450395776194,0.9057094290570943,1.0,0.0,0.0
6135,vestibulocochlear nerve,VIIIn,3,False,6,6,6,6,280.5306453091105,373.07579375928816,255.07933897687522,339.5803147135422,213.13092772287857,113.53602476989634,87.01033688784233,46.35088801837299,-92.54514845017763,-266.46206409896416,80.36122021952943,0.7519400883191886,-0.41131037677179205,-1.5297648995256883,0.3102277233662283,0.36126387361263873,,0.0,
16132,facial nerve,VIIn,3,False,6,6,6,6,1230.643327623248,2255.870023984698,1523.5555889853667,1814.6535819671035,880.1599251233195,1196.3953387286344,359.3237847663969,488.4263517548994,-1025.22669636145,-2134.082451854534,25.97185504908244,0.5455293587568837,-0.8742712547212241,-2.0529326560757926,0.023454876918559568,0.1302869713028697,,0.0,
6132,"facial nerve, subregion",VIIn_sub,4,True,6,6,6,6,1467.00789476671,2557.6716205232606,1562.0155641619872,2099.107315777865,1083.255077976319,1288.1829953352596,442.23703372013085,525.8985056502382,-1090.6637257565505,-2314.71773165817,100.87269593439137,0.573571635621692,-0.8019544135248922,-1.9608204723636393,0.07429983779697712,0.14558544145585442,0.8185935504810175,0.0,0.0
5157,Visual areas,VIS,6,False,6,6,6,6,963.7939130399959,1105.7532355318592,680.5521734669683,928.5975532393443,656.3995422828801,488.93613995248955,267.973990998248,199.60734328160396,-141.9593224918633,-735.0144515387788,449.68590152360525,0.8716175382262554,-0.19823286899632003,-1.1298336687274608,0.5609905496464981,0.7102289771022897,,0.0,
5158,"Visual areas, layer 1",VIS1,7,False,6,6,0,0,,,,,,,,,,,,,,,,,,,
5159,"Visual areas, layer 2/3",VIS2/3,7,False,6,6,0,0,,,,,,,,,,,,,,,,,,,
5160,"Visual areas, layer 4",VIS4,7,False,6,6,0,0,,,,,,,,,,,,,,,,,,,
5161,"Visual areas, layer 5",VIS5,7,False,6,6,0,0,,,,,,,,,,,,,,,,,,,
5162,"Visual areas, layer 6a",VIS6a,7,False,6,6,0,0,,,,,,,,,,,,,,,,,,,
5163,"Visual areas, layer 6b",VIS6b,7,False,6,6,0,0,,,,,,,,,,,,,,,,,,,
5114,Visceral area,VISC,6,True,6,6,6,6,972.0147112757726,1015.991211305396,799.4441836448561,1070.719867309435,602.7286811226253,226.21192427826205,246.06295368185062,92.35063136914131,-43.97650002962337,-455.4057836128022,464.0721155194588,0.9567156688559144,-0.06383786827498665,-0.8023687747882445,0.5740333269030883,0.8851114888511149,1.0,0.0,0.0
5115,"Visceral area, layer 1",VISC1,7,False,6,6,6,6,778.5241276338803,557.4976522610615,614.7269827051066,558.4565960085204,701.8111180190804,197.14103097246598,286.513189159822,80.48248887479272,221.02647537281882,-258.02994603228666,795.1758993362474,1.3964617150877578,0.48177602173089096,-0.8068562817629626,1.3465099870168804,0.5597440255974403,,0.0,
5116,"Visceral area, layer 2/3",VISC2/3,7,False,6,6,6,6,1345.6001554558773,1232.099601830745,1103.5256334658648,1146.6611750528184,1006.6019327992547,260.3973246193205,410.94351824291607,106.30676261720119,113.50055362513217,-556.2110786316947,940.645482120895,1.0921196252774408,0.12713089045397333,-0.8246120552587547,0.8461803950188138,0.8487151284871512,,0.0,
5117,"Visceral area, layer 4",VISC4,7,False,6,6,6,6,934.043187470529,930.9855849948848,763.6485818863279,1033.5979380003002,538.2045874316924,252.33859667943233,219.72110273879713,103.01680071242848,3.0576024756442166,-381.961903149429,467.4175408039372,1.0032842640368713,0.00473042769723375,-0.6828737378582801,0.6279083945171321,0.9927007299270073,,0.0,
5118,"Visceral area, layer 5",VISC5,7,False,6,6,6,6,945.3096665809868,1157.5360086518035,834.1995902499405,1175.891314585914,470.38789123566096,373.6342516811291,192.03505245186014,152.5355445075657,-212.2263420708167,-625.6217892496485,247.5194395388494,0.8166568119828952,-0.29219816054129455,-0.916869632864323,0.3190855604453079,0.39176082391760825,,0.0,
5119,"Visceral area, layer 6a",VISC6a,7,False,6,6,6,6,789.228514374311,985.167578909021,710.686321498828,933.4278944096652,363.43432626032336,406.3987249416461,148.37144239166287,165.9115847041207,-195.93906453471004,-579.8015156283362,202.00520184675204,0.8011109290140325,-0.3199260699089801,-0.9625567328634934,0.33039314950169063,0.39336066393360664,,0.0,
5120,"Visceral area, layer 6b",VISC6b,7,False,6,6,6,6,665.4441187361185,791.34950911214,629.3772132322449,737.6880665358376,406.22101833866134,213.80595468546187,165.83903628724806,87.28591549133398,-125.9053903760215,-449.20737775300313,203.31118255750783,0.8408978726513877,-0.24999749959860038,-1.0950329513236927,0.3622138548573634,0.5168483151684832,,0.0,
5346,Anterior area,VISa,7,True,6,6,6,6,789.8877265768957,886.5646170879048,608.1612395369475,692.7800282725607,541.5586643005987,479.5675396607142,221.09039888661252,195.7826282284474,-96.6768905110091,-614.4205972998393,431.1932792733539,0.890953362397246,-0.16657818008650874,-1.160924017661011,0.708239065961423,0.7277272272772722,0.9768784749432035,0.0,0.0
5347,"Anterior area, layer 1",VISa1,8,False,6,6,6,6,204.3467298233869,273.80614421915703,142.28174627477722,190.268191376465,196.04178887907312,244.0960974396164,80.03372516935916,99.65181448862393,-69.45941439577012,-310.8943281481492,140.7063265692341,0.7463190075816043,-0.4221356651023325,-2.020319881084757,0.8412826830828872,0.6226377362263774,,0.0,
5348,"Anterior area, layer 2/3",VISa2/3,8,False,6,6,6,6,918.9332650321599,1030.938888645657,612.0321236952404,851.4409317962647,748.9723083255845,546.6973057605053,305.76666447869326,223.18824047792612,-112.00562361349716,-769.6989345318086,566.3179393783166,0.8913557099774956,-0.16592681733736817,-1.3676461195559708,0.7495142849617915,0.7936206379362064,,0.0,
5349,"Anterior area, layer 4",VISa4,8,False,6,6,6,6,937.5863714251035,1086.222860284185,811.783056101189,926.593317570761,623.2542954566326,475.47018736360786,254.44250064442966,194.10989115772557,-148.6364888590814,-694.8982576223409,433.4591779739116,0.863162068951307,-0.21229662688512102,-1.1462719298864905,0.5934207866793204,0.6382361763823617,,0.0,
5350,"Anterior area, layer 5",VISa5,8,False,6,6,6,6,870.3157070976366,981.5725426886539,669.9124200795509,799.0092428255593,632.7536288113125,628.370364084116,258.3205872470241,256.5311269154956,-111.2568355910173,-747.0189658488207,549.1535918162257,0.8866544949533017,-0.17355605972142782,-1.231931280298846,0.8700002605391057,0.7372262773722628,,0.0,
5351,"Anterior area, layer 6a",VISa6a,8,False,6,6,6,6,943.1200285336722,1039.2659103323458,851.7071181052462,812.8000206254524,556.9701982413145,552.1591833674277,227.38213127133554,225.41804267367502,-96.1458817986736,-657.9227203316576,486.0313419673202,0.9074867357403004,-0.14005153874486004,-1.012571059312491,0.6967465367341497,0.7658234176582341,,0.0,
5352,"Anterior area, layer 6b",VISa6b,8,False,6,6,6,6,1311.2241306379387,999.0394317099029,1161.7218843104624,955.6713526138383,725.0568001391846,608.471185226904,296.0031991460209,248.40732116540414,312.1846989280358,-377.4178605138905,1025.886666230706,1.3124848619775868,0.3923007830257614,-0.5055441252615486,1.3731387846822052,0.4433556644335566,,0.0,
5164,Anterolateral visual area,VISal,7,True,6,6,6,6,842.9666139306692,1043.3003695991222,682.9449936581154,1024.2626357772965,496.1685685976872,394.48746675616684,202.55996991190779,161.04883391262513,-200.33375566845302,-645.9658283398186,251.9372238685742,0.8079807488753893,-0.30760717546582883,-1.107427326415852,0.3635085557898766,0.46135386461353867,0.9011124419472947,0.0,0.0
5165,"Anterolateral visual area, layer 1",VISal1,8,False,6,6,6,6,270.93707807618654,370.6250689174439,247.28001430258206,303.7017053416122,215.25309312813422,250.54199478487013,87.8767072866195,102.28334106032932,-99.68799084125737,-339.27944720092455,133.38143901858527,0.7310273934452537,-0.4520026262648526,-1.7412999474595061,0.6487864944111971,0.45415458454154584,,0.0,
5166,"Anterolateral visual area, layer 2/3",VISal2/3,8,False,6,6,6,6,1081.154163535862,1334.1443798776427,941.950086122346,1069.630448798473,805.379837231244,654.3560127051783,328.79494172371966,267.1397235416389,-252.99021634178075,-989.5004402411671,494.54117799211804,0.8103726851774595,-0.30334254812139816,-1.3555886610183385,0.5459657462916279,0.5553444655534446,,0.0,
5167,"Anterolateral visual area, layer 4",VISal4,8,False,6,6,6,6,967.3569333623644,1100.424014215109,725.5941652932437,941.8788762907461,619.8133730164408,429.797616565795,253.03774994060262,175.4641422084287,-133.06708085274465,-666.4662568809773,413.64224451904164,0.8790765385580427,-0.18593931291920854,-1.0526117096114196,0.5184872938351786,0.6622337766223377,,0.0,
5168,"Anterolateral visual area, layer 5",VISal5,8,False,6,6,6,6,825.9115227589946,922.098299537685,616.3872644962212,944.6145094446896,534.3573265376044,293.9057074208692,218.15046505581725,119.98650261214216,-96.18677677869039,-508.8875940127943,367.2984946203175,0.8956870684753286,-0.1589333175320095,-1.007111627861755,0.5410215652621335,0.7279272072792721,,0.0,
5169,"Anterolateral visual area, layer 6a",VISal6a,8,False,6,6,6,6,998.6138190792252,1358.8417461585987,864.7185506930496,1383.4616587496303,527.4944772058619,516.6713190250572,215.3487185484223,210.9301827236888,-360.22792707937344,-893.5377415998108,191.1066706522774,0.7349007505121725,-0.4443786699890546,-1.196980995194203,0.23085834581166564,0.2532746725327467,,0.0,
5170,"Anterolateral visual area, layer 6b",VISal6b,8,False,6,6,6,6,993.4794078234623,1969.3081313321063,748.3016432826222,2190.21384559623,788.195518662553,908.7607547405973,321.77947304526515,371.0000245634988,-975.828723508644,-1800.7809376867624,-71.95164844492163,0.5044814430088396,-0.9871268930909347,-2.1413059359659115,-0.06599406678604255,0.0761923807619238,,0.0,
5171,Anteromedial visual area,VISam,7,True,6,6,6,6,815.8665117548732,977.8002358008521,804.7873479884049,810.7810677187196,505.5782789940222,527.8974019436419,206.40146809497156,215.51321188380658,-161.93372404597892,-709.1134982073395,347.4410344907104,0.834389767851355,-0.26120662873704237,-1.1862064764031057,0.5301138499494692,0.5912408759124088,0.9457680430040064,0.0,0.0
5172,"Anteromedial visual area, layer 1",VISam1,8,False,6,6,6,6,278.556913787103,445.9001717985904,139.4811544626626,262.95064663339394,286.69825698759826,376.45342316432533,117.04407329415626,153.68646644610504,-167.34325801148742,-522.5871095695802,166.87294369741912,0.6247068994468227,-0.6787486313473912,-2.478120025478774,0.7216329436372507,0.40995900409959,,0.0,
5173,"Anteromedial visual area, layer 2/3",VISam2/3,8,False,6,6,6,6,1086.46116667812,1508.9018437725924,907.9268512844728,1195.1120248231489,807.8622339498962,992.0308529631366,329.8083759403625,404.9948998096084,-422.44067709447245,-1423.7384526682742,436.25042727166556,0.7200343555560406,-0.4738623502659525,-1.6042677662642901,0.47390251452127585,0.4864513548645136,,0.0,
5174,"Anteromedial visual area, layer 4",VISam4,8,False,6,6,6,6,882.2893577901444,977.4004438942469,813.606721892439,879.6027921942164,623.4015396826221,497.91447219340483,254.50261284797057,203.2727320701742,-95.11108610410247,-656.259535750373,492.70084619385904,0.9026897453359523,-0.14769787659100175,-1.1602662856115942,0.7158094462819918,0.7488251174882512,,0.0,
5175,"Anteromedial visual area, layer 5",VISam5,8,False,6,6,6,6,858.8298711373292,910.4431777563736,798.3537012760461,848.9507189722349,618.7729927202828,391.96325187486093,252.61301646326382,160.01832750256855,-51.613306619044465,-560.6381455975586,504.1425622060103,0.9433096893029214,-0.08419660832079955,-1.090996106151124,0.746716859389608,0.8588141185881412,,0.0,
5176,"Anteromedial visual area, layer 6a",VISam6a,8,False,6,6,6,6,896.7995314665562,879.2052280589827,801.5065913370996,702.0585931824382,466.8546237582313,481.9656431709794,190.59260204444791,196.76164988686855,17.594303407573534,-475.97608119579473,506.35433705125365,1.0200116000747816,0.028585559329319533,-0.8079404611182425,0.8527811289620463,0.9689031096890312,,0.0,
5177,"Anteromedial visual area, layer 6b",VISam6b,8,False,6,6,6,6,1140.9791622247342,696.5116858437191,1407.3929817728206,689.7529934129736,824.7772972932369,592.8389805861004,336.7139216333693,242.0255003446148,444.4674763810151,-313.53640355529905,1160.8487343927386,1.6381335524078244,0.7120529806310052,-0.6256390032789034,2.172021827648433,0.3017698230176982,,0.0,
5178,Lateral visual area,VISl,7,True,6,6,6,6,1144.9875794217573,1294.6652056642456,899.8348233560412,1013.7830795141385,778.2825660898773,697.7473349598644,317.7325271040209,284.85415667308104,-149.67762624248826,-921.8444753230041,585.1605449326603,0.8843889326849608,-0.17724712362334938,-1.172616766837669,0.6399089180268553,0.7577242275772422,0.994269803788852,0.0,0.0
5179,"Lateral visual area, layer 1",VISl1,8,False,6,6,6,6,169.95060754886427,337.5588146573525,152.60755617959447,279.73904028732426,107.60891223131976,223.20452185928792,43.93115445711218,91.12286447285824,-167.60820710848824,-364.26918792934424,-10.122083792519932,0.5034696182393485,-0.9900233731357456,-2.0219671306854923,-0.06384592634205881,0.10358964103589641,,0.0,
5180,"Lateral visual area, layer 2/3",VISl2/3,8,False,6,6,6,6,1486.9708015014285,1543.5406650311577,1147.3474963422977,1157.2146724768074,1089.9428376825974,790.9574243489291,444.9673001872522,322.9070163201506,-56.56986352972922,-1005.3998003409722,905.804627969299,0.9633505842694547,-0.05386717309850069,-1.0746883036006434,0.79195546325375,0.927007299270073,,0.0,
5181,"Lateral visual area, layer 4",VISl4,8,False,6,6,6,6,1469.246086460742,1515.6652494154332,1064.6158591878138,1176.6664206883206,1180.0029730013869,827.3999758860722,481.7341964700921,337.78462568533047,-46.419162954691274,-1066.3544629101405,1007.5755118873856,0.9693737367320426,-0.04487509882797488,-1.1865895280512062,0.8601881535540483,0.9491050894910509,,0.0,
5182,"Lateral visual area, layer 5",VISl5,8,False,6,6,6,6,1074.8799662383014,1256.809960679075,926.1857865403721,1024.6676525022308,718.7828478579552,688.6205320276616,293.4418688527572,281.12815497860873,-181.9299944407735,-924.2818514299516,496.55089655287316,0.8552446271650539,-0.2255909591934332,-1.2286776627732294,0.5830065888802335,0.7102289771022897,,0.0,
5183,"Lateral visual area, layer 6a",VISl6a,8,False,6,6,6,6,1223.9995763427912,1532.8424564291918,934.2511301200367,1230.4124619544789,801.6612526155834,858.564036624109,327.27683591143096,350.507300205546,-308.84288008640056,-1193.1460247731254,496.1346691051741,0.7985162279456557,-0.3246063676029856,-1.2525442246695049,0.49573388178861866,0.5249475052494751,,0.0,
5184,"Lateral visual area, layer 6b",VISl6b,8,False,6,6,6,6,2075.769333386765,2311.559827517331,1435.4893871739596,2315.3179190751434,2074.919670016714,1391.4227661846423,847.0824081341664,568.0459656073797,-235.790494130566,-1939.5231607828541,1706.1065275410429,0.8979950718455726,-0.15522056734127676,-1.5934926667717602,0.9741945609802736,0.8146185381461853,,0.0,
5206,Laterointermediate area,VISli,7,True,6,6,6,6,1157.8627831477177,1336.031344388832,877.7953916578413,1166.4680722656187,783.9954682976347,485.3606979812516,320.06480966392513,198.1476752091933,-178.16856124111428,-819.2523561581343,509.38744334966276,0.8666434271999677,-0.20648956352075312,-1.092161605802617,0.5092870894762365,0.6308369163083691,0.9457680430040064,0.0,0.0
5207,"Laterointermediate area, layer 1",VISli1,8,False,6,6,6,6,225.2791023083738,302.6855360362861,159.2988420281794,236.96133300888744,124.102971811272,228.2162940457748,50.66482608343678,93.16891190018585,-77.40643372791232,-274.0577810396347,103.35698082323104,0.7442678142419307,-0.42610624673320263,-1.3477487161584356,0.7008578936647378,0.5067493250674933,,0.0,
5208,"Laterointermediate area, layer 2/3",VISli2/3,8,False,6,6,6,6,1451.1174241330507,1671.0549967788413,1266.7559981571176,1483.8738787975958,877.0377374285916,568.3430307859054,358.04915697751693,232.02507071539657,-219.93757264579062,-973.1732041381832,534.204137202507,0.8683840010832997,-0.2035949485870072,-1.0268586542112996,0.4439951195193073,0.619038096190381,,0.0,
5209,"Laterointermediate area, layer 4",VISli4,8,False,6,6,6,6,1456.360478143071,1810.2732912166168,1006.0206620792854,1604.6768664545916,1170.5681326203712,699.8817493774106,477.88243901374307,285.72552771018576,-353.91281307354575,-1310.063109306177,643.3933838787746,0.8044975779122863,-0.31384001743049084,-1.470799224235509,0.4905474346539015,0.5355464453554645,,0.0,
5210,"Laterointermediate area, layer 5",VISli5,8,False,6,6,6,6,1187.3453112324678,1347.169190309228,720.028469576932,1256.028139627205,932.5179774145226,405.2706730044425,380.6988701062981,165.4510594292029,-159.82387907676025,-818.0839743215269,628.7417585232818,0.8813631723272454,-0.18219147988180914,-1.1563538064571224,0.5975961895780313,0.7183281671832816,,0.0,
5211,"Laterointermediate area, layer 6a",VISli6a,8,False,6,6,6,6,1282.386693482216,1394.4768829395387,1276.70747092595,1285.2913523757065,865.830344466904,595.9779016453124,353.47375796035124,243.3069595009391,-112.0901894573226,-857.2386722027156,656.2648682086256,0.919618467090657,-0.1208926574169561,-1.0537191371128618,0.6446938488488785,0.77002299770023,,0.0,
5212,"Laterointermediate area, layer 6b",VISli6b,8,False,6,6,6,6,1589.0690673484648,1863.1131088210334,876.7461192142384,1617.1132055490834,1492.804492343217,1551.6741330801917,609.4348819958932,633.468312186985,-274.04404147256855,-1820.4604318629565,1269.3994747008978,0.8529106793489409,-0.22953343096117695,-1.5805966093813018,1.06666418278287,0.7055294470552945,,0.0,
5129,Laterolateral anterior visual area,VISlla,8,False,6,6,0,0,,,,,,,,,,,,,,,,,,,
5130,"Laterolateral anterior visual area, layer 1",VISlla1,9,False,6,6,0,0,,,,,,,,,,,,,,,,,,,
5131,"Laterolateral anterior visual area, layer 2/3",VISlla2/3,9,False,6,6,0,0,,,,,,,,,,,,,,,,,,,
5132,"Laterolateral anterior visual area, layer 4",VISlla4,9,False,6,6,0,0,,,,,,,,,,,,,,,,,,,
5133,"Laterolateral anterior visual area,layer 5",VISlla5,9,False,6,6,0,0,,,,,,,,,,,,,,,,,,,
5134,"Laterolateral anterior visual area, layer 6a",VISlla6a,9,False,6,6,0,0,,,,,,,,,,,,,,,,,,,
5135,"Laterolateral anterior visual area, layer 6b",VISlla6b,9,False,6,6,0,0,,,,,,,,,,,,,,,,,,,
5318,Medial visual area,VISm,8,False,6,6,0,0,,,,,,,,,,,,,,,,,,,
5319,"Medial visual area, layer 1",VISm1,9,False,6,6,0,0,,,,,,,,,,,,,,,,,,,
5320,"Medial visual area, layer 2/3",VISm2/3,9,False,6,6,0,0,,,,,,,,,,,,,,,,,,,
5321,"Medial visual area, layer 4",VISm4,9,False,6,6,0,0,,,,,,,,,,,,,,,,,,,
5322,"Medial visual area,layer 5",VISm5,9,False,6,6,0,0,,,,,,,,,,,,,,,,,,,
5323,"Medial visual area, layer 6a",VISm6a,9,False,6,6,0,0,,,,,,,,,,,,,,,,,,,
5324,"Medial visual area, layer 6b",VISm6b,9,False,6,6,0,0,,,,,,,,,,,,,,,,,,,
5304,Mediomedial anterior visual area,VISmma,8,False,6,6,0,0,,,,,,,,,,,,,,,,,,,
5305,"Mediomedial anterior visual area, layer 1",VISmma1,9,False,6,6,0,0,,,,,,,,,,,,,,,,,,,
5306,"Mediomedial anterior visual area, layer 2/3",VISmma2/3,9,False,6,6,0,0,,,,,,,,,,,,,,,,,,,
5307,"Mediomedial anterior visual area, layer 4",VISmma4,9,False,6,6,0,0,,,,,,,,,,,,,,,,,,,
5308,"Mediomedial anterior visual area,layer 5",VISmma5,9,False,6,6,0,0,,,,,,,,,,,,,,,,,,,
5309,"Mediomedial anterior visual area, layer 6a",VISmma6a,9,False,6,6,0,0,,,,,,,,,,,,,,,,,,,
5310,"Mediomedial anterior visual area, layer 6b",VISmma6b,9,False,6,6,0,0,,,,,,,,,,,,,,,,,,,
5311,Mediomedial posterior visual area,VISmmp,8,False,6,6,0,0,,,,,,,,,,,,,,,,,,,
5312,"Mediomedial posterior visual area, layer 1",VISmmp1,9,False,6,6,0,0,,,,,,,,,,,,,,,,,,,
5313,"Mediomedial posterior visual area, layer 2/3",VISmmp2/3,9,False,6,6,0,0,,,,,,,,,,,,,,,,,,,
5314,"Mediomedial posterior visual area, layer 4",VISmmp4,9,False,6,6,0,0,,,,,,,,,,,,,,,,,,,
5315,"Mediomedial posterior visual area,layer 5",VISmmp5,9,False,6,6,0,0,,,,,,,,,,,,,,,,,,,
5316,"Mediomedial posterior visual area, layer 6a",VISmmp6a,9,False,6,6,0,0,,,,,,,,,,,,,,,,,,,
5317,"Mediomedial posterior visual area, layer 6b",VISmmp6b,9,False,6,6,0,0,,,,,,,,,,,,,,,,,,,
5185,Primary visual area,VISp,7,True,6,6,6,6,925.7284176600398,1009.8938683226687,614.2445300792832,865.0351675973114,661.184182186517,420.5619909072959,269.92731205939293,171.69371382198227,-84.16545066262893,-632.2145678945914,489.9954056030922,0.9166591130982712,-0.12554277030992927,-1.098685326592772,0.6422586761232162,0.825917408259174,1.0,0.0,0.0
5186,"Primary visual area, layer 1",VISp1,8,False,6,6,6,6,228.35990730181493,262.90043955790435,169.196361372005,223.31948248299327,174.42363173936292,99.75077703862688,71.20814947409332,40.723084198461386,-34.54053225608942,-167.63701030212852,118.20571321127419,0.8686174419709108,-0.20320717226791246,-1.2087248318731214,0.5922778746719174,0.6906309369063094,,0.0,
5187,"Primary visual area, layer 2/3",VISp2/3,8,False,6,6,6,6,1252.341752546385,1349.0093672251921,861.8374980689234,1194.3886315978075,866.8343261177636,478.53587552481434,353.8836317529717,195.3614531086334,-96.66761467880724,-780.4345567195307,652.8744585662484,0.9283417765455216,-0.10727205187222925,-1.048515478263019,0.6274729210083856,0.8493150684931506,,0.0,
5188,"Primary visual area, layer 4",VISp4,8,False,6,6,6,6,935.1542099855075,1056.6973879301752,607.5806406188243,880.4493467063041,706.7687060091903,504.7658310727478,288.53711598160857,206.06978762002038,-121.54317794466772,-742.0029042903942,518.7210260906653,0.8849782545760404,-0.17628608873210844,-1.2618271773545975,0.6624884444850088,0.7843215678432157,,0.0,
5189,"Primary visual area, layer 5",VISp5,8,False,6,6,6,6,836.2699903432602,965.5161588710821,495.3185540488426,820.7427614105743,657.9976166155355,469.04962129512677,268.6264021125888,191.48870603645787,-129.24616852782185,-700.4807274271099,463.86784959199287,0.8661377467996586,-0.20733161171178624,-1.3377613075767487,0.6614118183040992,0.7275272472752725,,0.0,
5190,"Primary visual area, layer 6a",VISp6a,8,False,6,6,6,6,1153.9152635182318,1178.0955926766699,862.3726277211281,1047.8218340845015,750.5690666456386,579.6592668359297,306.4185383331392,236.6449047373045,-24.1803291584381,-681.7557447866125,676.4210363013306,0.9794750703518892,-0.02991932147300889,-0.9262378973926609,0.7773411202067073,0.9642035796420358,,0.0,
5191,"Primary visual area, layer 6b",VISp6b,8,False,6,6,6,6,2084.49095468153,2124.4797098751146,1347.4926653685225,1791.3123629599868,1747.9683032975126,1301.3869958004602,713.6050716062288,531.2890162674404,-39.98875519358444,-1568.382801378777,1570.3425744479532,0.9811771536307423,-0.027414453253733335,-1.2600016779873942,0.991059972486912,0.977002299770023,,0.0,
5192,Posterolateral visual area,VISpl,7,True,6,6,6,6,818.260358152931,1169.5147253292496,610.6123849473531,1046.516491369993,522.3152601161563,599.637577535296,213.23431202560877,244.80101592667674,-351.2543671763186,-953.2186992922146,204.13987870964505,0.6996580209133911,-0.5152781615266887,-1.4233832939607551,0.2912658159013689,0.31896810318968105,0.8819660202654435,0.0,0.0
5193,"Posterolateral visual area, layer 1",VISpl1,8,False,6,6,6,6,129.5144799630633,171.65954562384232,127.38030984637167,165.02681314459443,58.12496377981762,43.634799680729074,23.729417096384502,17.813832374390763,-42.14506566077901,-93.34639716430499,10.670645995071471,0.7544845787187884,-0.40643668178722303,-1.0062062941780456,0.10079474837009875,0.18868113188681132,,0.0,
5194,"Posterolateral visual area, layer 2/3",VISpl2/3,8,False,6,6,6,6,690.2353015957374,1117.5348398596109,561.7942928920246,990.6549819384109,326.56366514498126,511.15430611082235,133.319058023052,208.67787163298536,-427.2995382638735,-905.1435582409267,-26.227966893018202,0.6176409691911238,-0.6951596426561795,-1.382623311045391,-0.04306363852770522,0.09769023097690231,,0.0,
5195,"Posterolateral visual area, layer 4",VISpl4,8,False,6,6,6,6,1425.5434051244274,2376.5032967458405,1233.0959059163833,2189.7223106838455,957.9906344698309,1283.4211709278627,391.0980388027,523.9544989764294,-950.9598916214131,-2168.2706111101647,160.5430331244251,0.5998491174308204,-0.7373284356806885,-1.6798291035542483,0.12634773077566716,0.1815818418158184,,0.0,
5196,"Posterolateral visual area, layer 5",VISpl5,8,False,6,6,6,6,1125.3897277774981,1650.8830124422045,767.1229307729965,1444.9924673666883,818.7201241310134,983.3050396179705,334.241091044848,401.43260142853757,-525.4932846647064,-1487.9512148975596,354.26298742917487,0.6816895681255286,-0.5528131891930549,-1.604952092422607,0.37492064271343684,0.34826517348265174,,0.0,
5197,"Posterolateral visual area, layer 6a",VISpl6a,8,False,6,6,6,6,1364.105673425947,1534.1358185200368,1120.15299915692,1420.2790352945196,1004.57290518627,769.9612383373474,410.1151711886111,314.3353592746611,-170.03014509408968,-1079.1817282647582,746.0702774658048,0.8891687795555704,-0.16947080146070997,-1.2523904812481346,0.6900365510770764,0.7477252274772522,,0.0,
5198,"Posterolateral visual area, layer 6b",VISpl6b,8,False,6,6,6,6,1237.7092402824617,1231.8892058178035,857.6668077302861,1372.7911432829462,1325.3612242122947,653.3497403056873,541.0764540317621,266.7289145548057,5.8200344646581925,-988.0295850664721,1154.5329697010693,1.0047244788225858,0.006799931719907135,-1.7130625185498245,1.1453466636924292,0.9913008699130087,,0.0,
5199,posteromedial visual area,VISpm,7,True,6,6,6,6,784.5769578011219,910.4318043793045,673.1254945784292,748.7034142678858,538.242180788153,458.4258623215171,219.73645016230495,187.15157459718162,-125.85484657818256,-644.6555048147209,378.46414430007565,0.8617635654062137,-0.21463599100733818,-1.192726817353808,0.5957570223130016,0.6542345765423457,0.9502370517665215,0.0,0.0
5200,"posteromedial visual area, layer 1",VISpm1,8,False,6,6,6,6,204.6871156926228,336.10257045638406,157.5291791272201,308.7282329122498,186.0871105035859,155.7692833281721,75.96974474044892,63.59254362550738,-131.41545476376126,-298.4728702346662,44.05744378346969,0.6090019347804572,-0.7154812833506039,-2.101786455933212,0.21909375871174483,0.205979402059794,,0.0,
5201,"posteromedial visual area, layer 2/3",VISpm2/3,8,False,6,6,6,6,1102.054194668631,1366.8702544093621,831.9124718225088,1056.8295576104726,848.2560859428814,735.2346778225127,346.29909696174906,300.1583003107899,-264.81605974073113,-1083.257115821534,517.3758533931195,0.8062610120554853,-0.3106811347455419,-1.4069607201833951,0.5546522094752231,0.5631436856314369,,0.0,
5202,"posteromedial visual area, layer 4",VISpm4,8,False,6,6,6,6,925.5976619307133,989.3380741112156,914.2576064427051,806.7405061119368,660.316375720286,515.6719063933516,269.57303155310063,210.522174225327,-63.74041218050229,-672.6850034527282,531.5717520169491,0.9355726683846022,-0.09607837915892362,-1.1678918744763969,0.7570464833336357,0.8531146885311469,,0.0,
5203,"posteromedial visual area, layer 5",VISpm5,8,False,6,6,6,6,782.2490117385256,890.6656113337511,633.9224840580968,850.659525234812,548.5363837030866,450.00551651691933,223.93904090401472,183.71398281734,-108.41659959522553,-618.329192871671,413.73217887367053,0.8782746316736376,-0.18725596173167328,-1.1810616998843242,0.6566776489553857,0.7050294970502949,,0.0,
5204,"posteromedial visual area, layer 6a",VISpm6a,8,False,6,6,6,6,890.1029077988728,844.7968010621047,848.1281663416722,817.4539771630566,459.26878681002563,473.6261032690277,187.49569707860533,193.35704697864162,45.30610673676813,-445.4986677961461,519.6098955783118,1.0536295907842075,0.07536776881465197,-0.7323995106000707,0.8788815415892095,0.8753124687531247,,0.0,
5205,"posteromedial visual area, layer 6b",VISpm6b,8,False,6,6,6,6,1141.1856495295217,1015.5367159012281,1300.6370486377023,872.7036816781098,637.1797779168837,757.8687423208683,260.12755505271167,309.3986184484924,125.64893362829355,-630.8924338579395,800.8656861934554,1.1237266281571983,0.16829111014030032,-0.8349171347782844,1.2027523199226984,0.7626237376262374,,0.0,
5213,Postrhinal area,VISpor,7,True,6,6,6,6,1338.5653313857329,1617.039304441532,789.1287792930361,1376.5221729407672,941.8747761607492,828.5459934617948,384.51876719865953,338.2524854014608,-278.4739730557992,-1210.5747413296006,619.6250593670006,0.8277877524121319,-0.2726671916501504,-1.2259220920035954,0.5664664685416052,0.6081391860813918,0.9457680430040064,0.0,0.0
5214,"Postrhinal area, layer 1",VISpor1,8,False,6,6,6,6,145.79260795150898,239.80691290144287,133.46532151609813,244.8499305746456,125.35189615829114,103.84032934639909,51.17469731302604,42.39263693687194,-94.01430494993389,-209.5833871491828,26.055020484592102,0.6079583202483725,-0.7179556745608295,-2.045125237505865,0.17927626694523244,0.18438156184381563,,0.0,
5215,"Postrhinal area, layer 2/3",VISpor2/3,8,False,6,6,6,6,1350.0985137428122,1816.618513582218,925.5009199352959,1597.07521485027,955.1789975292174,880.9144263605634,389.9501928282895,359.6318086066546,-466.5199998394057,-1420.931051921043,469.8355441100641,0.7431931930939822,-0.42819080674931465,-1.4215861605626139,0.3938204536950431,0.40975902409759024,,0.0,
5216,"Postrhinal area, layer 4",VISpor4,8,False,6,6,6,6,1808.2485740563945,1786.127136562918,1095.4845179164258,1739.6451898860937,1637.6824154749809,709.1056880755116,668.5810464403909,289.4911849150289,22.121437493476606,-1066.832830153655,1512.9194362115281,1.0123851415952647,0.017758238811598655,-1.0605402925177683,0.9676175605642727,0.9775022497750225,,0.0,
5217,"Postrhinal area, layer 5",VISpor5,8,False,6,6,6,6,1784.9849127330988,2127.76086089056,1033.84125227063,1905.6340915062303,1237.858926428522,1104.924537391611,505.3537905498769,451.08355348169994,-342.775948157461,-1570.1833358569029,862.0343047504181,0.8389029733284997,-0.2534241352263904,-1.2223723659426995,0.596073181948316,0.6387361263873612,,0.0,
5218,"Postrhinal area, layer 6a",VISpor6a,8,False,6,6,6,6,1715.8544089397483,1772.54435996507,1220.7926280588576,1532.309564704196,1206.6283649449672,1096.5427312382242,492.6039672139891,447.66169544858025,-56.68995102532176,-1243.286999035032,1113.126238952945,0.968017753289718,-0.04689458835012807,-1.0620982363569567,0.8667775096629785,0.9332066793320668,,0.0,
5219,"Postrhinal area, layer 6b",VISpor6b,8,False,6,6,6,6,2011.6437697298898,2478.021057507414,1285.1203920341723,1942.7275067306723,2037.7972278482919,1882.6243482977861,831.9272345810643,768.5781717782155,-466.3772877775241,-2442.5666870432324,1539.143701229629,0.8117944614051655,-0.30081359783101125,-1.8903590039571718,0.9300830748575636,0.6637336266373363,,0.0,
5353,Rostrolateral visual area,VISrl,7,True,6,6,6,6,840.0679513478093,988.2341197443234,696.7010691051337,821.6949047933699,495.6992474447905,476.4215411598178,202.36837035355916,194.4982797186546,-148.16616839651408,-643.3565103255982,336.02591493050005,0.8500697704762028,-0.23434683788512523,-1.0699739686772554,0.5318942346291056,0.5964403559644036,0.9457680430040064,0.0,0.0
5354,"Rostrolateral area, layer 1",VISrl1,8,False,6,6,6,6,240.03740544051334,386.3436524592718,188.10314823603855,262.79571971894535,180.4655799464254,348.2219532981934,73.67476450069778,142.16101713597462,-146.30624701875848,-451.61568989892095,112.10488595016655,0.6213054204787744,-0.6866254539930472,-1.894520146069639,0.6248727340152329,0.44355564443555645,,0.0,
5355,"Rostrolateral area, layer 2/3",VISrl2/3,8,False,6,6,6,6,1091.1816651844827,1259.6622962425547,836.3152351199319,1031.7152237826251,745.6166668646586,562.5605832929917,304.3967295888605,229.66439641171752,-168.48063105807205,-817.5792602812445,528.0445392226727,0.866249365754113,-0.2071457039419621,-1.0907492028969403,0.5901176892006613,0.6597340265973403,,0.0,
5356,"Rostrolateral area, layer 4",VISrl4,8,False,6,6,6,6,870.0268261320324,990.9077815418073,825.9868980087201,808.611437226532,480.55814287085025,497.7666131567976,196.18704029551347,203.21236887124965,-120.88095540977486,-620.4395713384895,369.80718802112716,0.8780098838040311,-0.18769091454039452,-1.0118705582048975,0.5763735190435101,0.6787321267873213,,0.0,
5357,"Rostrolateral area, layer 5",VISrl5,8,False,6,6,6,6,801.1727140093526,915.2331309954711,663.353988366015,796.1359444128748,509.08512968691775,459.46693821207293,207.8331338952582,187.57659204974416,-114.06041698611853,-603.4305667309662,386.8488423626485,0.8753755593811836,-0.1920259906131615,-1.096532137241304,0.625415118038475,0.6854314568543146,,0.0,
5358,"Rostrolateral area, layer 6a",VISrl6a,8,False,6,6,6,6,1103.7711177284725,1226.075460505357,926.1151123532866,1128.8886374260258,719.2970108660492,604.2053850663825,293.65177502183127,246.66581554241074,-122.30434277688437,-776.91756520656,581.0031920058243,0.9002472957688317,-0.15160673414218212,-1.0400792603307913,0.70253008895174,0.7509249075092491,,0.0,
5359,"Rostrolateral area, layer 6b",VISrl6b,8,False,6,6,6,6,1420.79594857568,1781.7242696396834,1381.2715617197275,1838.283685656886,944.3160189680709,783.4541847870272,385.5154004013558,319.8438315960633,-360.9283210640033,-1274.3433105143044,537.9284183995625,0.7974275104099056,-0.3265747172329325,-1.3277760484620535,0.46194465234373844,0.4791520847915208,,0.0,
5058,Rostrolateral lateral visual area,VISrll,9,False,6,6,0,0,,,,,,,,,,,,,,,,,,,
5059,"Rostrolateral lateral visual area, layer 1",VISrll1,10,False,6,6,0,0,,,,,,,,,,,,,,,,,,,
5060,"Rostrolateral lateral visual area, layer 2/3",VISrll2/3,10,False,6,6,0,0,,,,,,,,,,,,,,,,,,,
5061,"Rostrolateral lateral visual area, layer 4",VISrll4,10,False,6,6,0,0,,,,,,,,,,,,,,,,,,,
5062,"Rostrolateral lateral visual area,layer 5",VISrll5,10,False,6,6,0,0,,,,,,,,,,,,,,,,,,,
5063,"Rostrolateral lateral visual area, layer 6a",VISrll6a,10,False,6,6,0,0,,,,,,,,,,,,,,,,,,,
5064,"Rostrolateral lateral visual area, layer 6b",VISrll6b,10,False,6,6,0,0,,,,,,,,,,,,,,,,,,,
6126,abducens nerve,VIn,3,False,6,6,0,0,,,,,,,,,,,,,,,,,,,
16295,lateral ventricle,VL,2,False,6,6,6,6,0.0,0.0,0.0,0.0,0.0,0.0,0.0,0.0,0.0,0.0,0.0,,,,,1.0,,0.0,
5757,Ventrolateral preoptic nucleus,VLPO,6,True,6,6,6,6,3.860538062492459,4.15368639667705,0.0,0.0,9.45634838569932,10.174412223398454,3.8605380624924583,4.153686396677051,-0.2931483341845911,-8.893669461723281,11.581614187477376,0.9294245385450597,-0.10559035969018866,-1.690552860411345,1.4793721410309675,1.0,1.0,0.0,0.0
6295,"lateral ventricle, subregion",VL_sub,3,True,6,6,6,6,0.0,0.0,0.0,0.0,0.0,0.0,0.0,0.0,0.0,0.0,0.0,,,,,1.0,1.0,0.0,0.0
5647,Ventral medial nucleus of the thalamus,VM,7,True,6,6,6,6,53.36932990917361,36.200831950475084,48.60136272484021,34.98871052107356,30.948437201620802,23.602575440534334,12.634646580089914,9.6357110741425,17.168497958698524,-10.759238261032156,45.247167140946004,1.4742570000100015,0.5599880443248207,-0.3878478656097466,1.5286517531402368,0.2947705229477052,0.8523845728634685,0.0,0.0
5789,Ventromedial hypothalamic nucleus,VMH,6,True,6,6,6,6,55.46692237358098,73.23449536615527,30.16047308871356,93.0982483513501,77.80553322161936,41.809201385446684,31.763975926355407,17.068534991267985,-17.767572992574294,-72.4136147143263,54.1447539165032,0.7573879234950606,-0.4008956771673917,-2.224876825148221,0.9826564491222904,0.682031796820318,0.9577027191540665,0.0,0.0
5790,"Ventromedial hypothalamic nucleus, anterior part",VMHa,7,False,6,6,0,0,,,,,,,,,,,,,,,,,,,
5791,"Ventromedial hypothalamic nucleus, central part",VMHc,7,False,6,6,0,0,,,,,,,,,,,,,,,,,,,
5792,"Ventromedial hypothalamic nucleus, dorsomedial part",VMHdm,7,False,6,6,0,0,,,,,,,,,,,,,,,,,,,
5793,"Ventromedial hypothalamic nucleus, ventrolateral part",VMHvl,7,False,6,6,0,0,,,,,,,,,,,,,,,,,,,
5756,Ventromedial preoptic nucleus,VMPO,6,True,6,6,6,6,4.048070841239721,10.83768852730597,0.0,0.0,9.915708003676366,18.12323220895627,4.048070841239721,7.398778566986018,-6.789617686066249,-21.67537705461194,8.096141682479441,0.3735179167624583,-1.420750647577284,-2.642211035131791,1.1609544685112723,0.7304269573042695,0.9768784749432035,0.0,0.0
6003,Vestibular nuclei,VNC,6,False,6,6,6,6,136.51113519293747,175.3580622567517,102.07420540607566,180.1629929984636,109.75940103833703,69.00030281862152,44.809087836238646,28.169255667191106,-38.846927063814235,-129.3480252142868,57.8624932748748,0.7784708238453488,-0.36128512505305904,-1.562117623979015,0.48762987211400804,0.4567543245675432,,0.0,
5648,Ventral posterior complex of the thalamus,VP,7,False,6,6,6,6,51.424299211589975,35.56715299914064,40.526861673578665,39.28880036337871,29.57259365335525,15.846198437085318,12.072960803564767,6.46918342229122,15.857146212449337,-6.98196279872895,41.11627060885722,1.4458368150195342,0.5319047310944927,-0.2758011770868218,1.3087347714727633,0.27997200279972,,0.0,
5649,Ventral posterolateral nucleus of the thalamus,VPL,8,True,6,6,6,6,31.008624595813718,21.253611760059623,23.606202831678328,18.17690374017154,26.62110008676671,13.083686830195884,10.868018600689906,5.341392781392029,9.755012835754094,-11.198550519795539,32.15227214682146,1.4589814167061235,0.5449615075212869,-0.8441388476791691,1.6220297849179437,0.43645635436456354,0.9007712962609318,0.0,0.0
5650,"Ventral posterolateral nucleus of the thalamus, parvicellular part",VPLpc,8,True,6,6,6,6,48.37121133005297,27.74555379712504,31.4447941739184,29.27841955466264,60.57203637344207,17.76979801267996,24.728430299372654,7.254489660564745,20.62565753292793,-15.763264402879132,74.02297870142633,1.74338604605777,0.8018920674927996,-0.9779794725883406,2.188278273264761,0.6027397260273972,0.9457680430040064,0.0,0.0
5651,Ventral posteromedial nucleus of the thalamus,VPM,8,True,6,6,6,6,48.64996405735183,38.71480393660804,36.270234748012925,48.29012840989023,30.562646573619652,22.1760131355497,12.477148215731464,9.053319451892335,9.935160120743788,-16.087062745450275,38.324685377488066,1.2566243170703306,0.32955340321140447,-0.5958758732869746,1.3201964870215837,0.5134486551344866,0.9207766723327667,0.0,0.0
5652,"Ventral posteromedial nucleus of the thalamus, parvicellular part",VPMpc,8,True,6,6,6,6,156.9733275578232,75.45696915184314,152.21737925177086,62.543812587068444,78.51032485333549,39.40066069940844,32.05170590513676,16.08525237368021,81.51635840598007,17.709511680877075,144.41291417667014,2.080302579367368,1.0567933831763092,0.2715734363554838,1.7736378380277966,0.0458954104589541,0.8185935504810175,1.0,0.0
6294,ventricular systems,VS,1,False,6,6,6,6,0.0,0.0,0.0,0.0,0.0,0.0,0.0,0.0,0.0,0.0,0.0,,,,,1.0,,0.0,
5825,Ventral tegmental area,VTA,5,True,6,6,6,6,188.9080779213606,318.6489280214603,192.02542321038482,268.9386533843125,111.71545052594286,136.18310882160327,45.607641695616444,55.59652136647376,-129.7408501000997,-262.41029033663335,-9.119233690497143,0.5928407765069841,-0.7542834130310285,-1.6358919324384873,-0.048234267412580904,0.11188881111888811,0.8185935504810175,0.0,0.0
5861,Ventral tegmental nucleus,VTN,5,True,6,6,6,6,0.0,6.592501030078285,0.0,0.0,0.0,16.148263652464294,0.0,6.592501030078285,-6.592501030078285,-19.777503090234855,0.0,0.0,,,,1.0,1.0,0.0,0.0
6102,Vestibulocerebellar nucleus,VeCB,4,True,6,6,6,6,20.619718046008312,27.883372737745074,10.266281681103623,19.32367149758454,25.931650121481614,35.544928023164566,10.586551831001895,14.511156100117994,-7.263654691736761,-40.42629948872042,24.216710959062354,0.7394987055527855,-0.4353804729101613,-2.6474982486969973,1.8391225144164212,0.7437256274372562,0.9862884028600022,0.0,0.0
6127,trigeminal nerve,Vn,3,False,6,6,6,6,30.772004981518492,68.54039281232458,20.935099682443145,66.00559016819133,29.9549432853261,34.27616848314933,12.229054387176353,13.993187186897055,-37.76838783080609,-71.9481796052291,-4.055493490565432,0.44896160816844966,-1.1553360131126806,-2.801058775656247,-0.11829639179286418,0.07379262073792621,,0.0,
6009,Hypoglossal nucleus,XII,6,True,6,6,6,6,68.45898185733951,132.0769557593557,63.10415961962657,134.0917515650741,34.52879956122396,66.88861699777458,14.096323392639068,27.307163540833564,-63.6179739020162,-118.07168507324741,-8.525666282703767,0.5183264670490423,-0.9480670316577052,-1.7193672819822785,-0.1395429158354063,0.0674932506749325,0.8185935504810175,0.0,0.0
6149,hypoglossal nerve,XIIn,3,False,6,6,0,0,,,,,,,,,,,,,,,,,,,
6148,accessory spinal nerve,XIn,3,False,6,6,0,0,,,,,,,,,,,,,,,,,,,
5697,Xiphoid thalamic nucleus,Xi,7,True,6,6,6,6,193.5303699582853,87.22448089134541,142.77978156010622,81.69880062102962,145.7047526018373,75.44285339445136,59.48371616216018,30.799415926000616,106.30588906693988,2.0731345201057523,235.93378818105762,2.2187620720765766,1.1497549690945998,0.02486637423217304,2.6331402437622033,0.12478752124787522,0.8185935504810175,0.0,0.0
6146,vagus nerve,Xn,3,False,6,6,6,6,455.8693785972964,123.43087429135687,461.2834315987353,129.5014357414201,361.60999675004246,108.57857336558631,147.6266629878479,44.32701695750574,332.43850430593955,55.885594631071505,609.223780171692,3.6933172612973886,1.8849171974584504,0.43316915078478296,3.469256699416786,0.0532946705329467,,0.0,
15804,Zona incerta,ZI,6,False,6,6,6,6,57.53649999338834,45.694805902511156,58.60037099749715,39.94608745289757,38.35517080440372,25.36250118398298,15.65843291134729,10.354197750248755,11.841694090877183,-22.301983338484927,45.10053342922242,1.259147486393556,0.33244727863004403,-0.724060099951717,1.1798238453850391,0.5456454354564544,,0.0,
5804,"Zona incerta, subregion",ZI_sub,7,True,6,6,6,6,61.310579762254285,45.176954712854574,60.75933636437374,39.36727258367665,41.399263778773694,26.922545302934324,16.901178664146887,10.991083094858844,16.13362504939971,-20.19910288367562,51.77696660741828,1.3571206857997686,0.44054902220324116,-0.6545709020413296,1.3379717720162987,0.525947405259474,0.930472732194461,0.0,0.0
6259,angular path,ab,5,False,6,6,0,0,,,,,,,,,,,,,,,,,,,
6113,"anterior commissure, olfactory limb",aco,4,True,6,6,6,6,182.49017597029123,204.4946452058713,121.30347659414835,190.11845590246932,144.93117201381472,112.71521515577986,59.16790320956393,46.01579389661364,-22.004469235580075,-156.60058573675406,112.73087787172088,0.8923958658505338,-0.164244264777685,-1.413079717991301,0.7803240222614812,0.7857214278572143,1.0,0.0,0.0
6244,"anterior commissure, temporal limb",act,4,True,6,6,6,6,166.36291598314187,180.9646124598681,163.41158369073068,177.48787223772248,110.95480461162876,46.94674214698249,45.29710930144939,19.16592722435339,-14.601696476726232,-102.7380398741567,73.55919532428031,0.9193118683357808,-0.12137372893856821,-1.101585668373194,0.5260329424589862,0.7712228777122287,1.0,0.0,0.0
6247,alveus,alv,5,True,6,6,6,6,426.50989208211746,587.625865541069,425.07031844757296,494.7740982316003,187.2086508629053,204.35686315724527,76.42761167482729,83.42834002850299,-161.1159734589515,-365.87762075273025,34.6119828116386,0.7258187855454583,-0.46231869794536,-1.0819021615503026,0.09066970605871967,0.204979502049795,0.8185935504810175,0.0,0.0
6242,amygdalar capsule,amc,4,True,6,6,6,6,1317.3361429001661,1305.5912896879386,1343.901497301535,1295.8123771739995,484.7306136995589,272.2237860330019,197.8904443783441,111.13489527157346,11.744853212227554,-396.39112017696425,419.6591853179012,1.0089958115567965,0.012920185684329158,-0.47991969542510293,0.4403857803374093,0.9583041695830417,1.0,0.0,0.0
6112,accessory olfactory tract,aolt,5,False,6,6,0,0,,,,,,,,,,,,,,,,,,,
6115,accessory optic tract,aot,4,False,6,6,0,0,,,,,,,,,,,,,,,,,,,
6243,ansa peduncularis,apd,4,False,6,6,0,0,,,,,,,,,,,,,,,,,,,
6323,ansoparamedian fissure,apf,3,False,6,6,0,0,,,,,,,,,,,,,,,,,,,
6219,auditory radiation,ar,4,True,6,6,6,6,612.7086447961248,867.1960992019468,469.57812985143124,835.9235784208097,505.26667960778,321.4696192322002,206.27425817822862,131.23942248761472,-254.48745440582206,-656.712951195208,207.6526770815141,0.7065398995221279,-0.5011570605597954,-1.6174512473095288,0.3538915918568415,0.3130686931306869,0.8789666487896666,0.0,0.0
6190,arbor vitae,arb,3,True,6,6,6,6,484.61147268944205,915.9328890404718,343.23530681620906,745.885315648733,465.57938558322536,410.51057980865914,190.07198823956747,167.59024242421432,-431.3214163510297,-868.1158686047424,25.08554110780154,0.529090590029057,-0.9184133355037374,-2.3256715809679633,0.048922046606437175,0.12658734126587343,0.8185935504810175,0.0,0.0
6186,bulbocerebellar tract,bct,5,False,6,6,0,0,,,,,,,,,,,,,,,,,,,
6144,brachium of the inferior colliculus,bic,5,True,6,6,6,6,86.28203456031112,105.30339348868641,61.35893018295182,111.71176951827907,95.08362563812916,43.97674728428768,38.81772761787217,17.95343189897178,-19.021358928375292,-85.21902565184196,65.53293278969129,0.8193661353333412,-0.28741982788835896,-1.7565816949404784,0.7760035556826527,0.7043295670432956,0.9679259618948284,0.0,0.0
6116,brachium of the superior colliculus,bsc,4,True,6,6,6,6,164.45638440925978,274.32263865212224,170.96287148154727,318.7868974703788,106.71219145590891,130.05109138352995,43.56506973352727,53.09313573028573,-109.86625424286245,-228.1684334243334,15.488672653169726,0.5994998634356695,-0.7381686698895729,-1.7537159070851818,0.11176429322821733,0.1382861713828617,0.8185935504810175,0.0,0.0
6305,"central canal, spinal cord/medulla",c,2,True,6,6,6,6,0.0,0.0,0.0,0.0,0.0,0.0,0.0,0.0,0.0,0.0,0.0,,,,,1.0,1.0,0.0,0.0
6138,cochlear nerve,cVIIIn,4,False,6,6,6,6,117.64404133603658,192.05777531582274,86.46496913981807,154.90638090949057,91.6629344228904,102.1852860826078,37.42123627704619,41.71696835378541,-74.41373397978616,-175.89246541753081,20.785394915962005,0.6125450591239064,-0.707112121492824,-1.9059789047618791,0.198973875265748,0.21837816218378162,,0.0,
6174,cerebellar commissure,cbc,3,True,6,6,6,6,406.38157562562134,598.7805104804943,481.90073884470115,570.2469828040028,290.32249484339394,547.000845202632,118.52366220301927,223.3121599362627,-192.39893485487295,-667.9792467112078,233.2517512783262,0.6786820354248312,-0.5591922691010559,-1.883381928415773,0.8832465805641624,0.5010498950104989,0.919927607239276,0.0,0.0
6173,cerebellum related fiber tracts,cbf,2,False,6,6,6,6,408.5689681661756,756.2377752652181,297.47102651488996,619.8932807391266,386.03693088104836,334.494524258287,157.59891708810446,136.55681769796885,-347.66880709904257,-708.3838222330276,31.099440699157228,0.540265220185394,-0.8882602840697,-2.2904126381467727,0.06638334610854793,0.1372862713728627,,0.0,
6175,cerebellar peduncles,cbp,3,False,6,6,6,6,168.29283462913324,252.32478058861716,152.49777029856642,274.39328762814836,142.5589199715413,91.42249085112249,58.1994353687564,37.323075599918916,-84.03194595948392,-201.0350401064396,44.40658956198241,0.6669691111453412,-0.584308146415029,-1.9005314489260543,0.28124345860673944,0.2575742425757424,,0.0,
6208,corticobulbar tract,cbt,4,False,6,6,0,0,,,,,,,,,,,,,,,,,,,
6193,corpus callosum,cc,3,False,6,6,6,6,619.0337153032375,847.4264342749565,576.5341125450534,835.7582362088199,373.3498183251186,274.15243991769773,152.41942507622352,111.92226492289703,-228.39271897171898,-552.1042831421769,128.0253648041661,0.7304866714865605,-0.4530701451380783,-1.2717109739774892,0.2295651762786403,0.24957504249575044,,0.0,
6200,"corpus callosum, body",ccb,4,True,6,6,6,6,666.1871902930644,968.3111106391585,656.5894210704822,949.6192167863529,396.2966910219062,336.85899114597805,161.78744662617896,137.52210726272713,-302.1239203460941,-678.456869570449,90.23790534604407,0.6879887909716645,-0.5395430348165682,-1.36838661737788,0.15627986009374314,0.16868313168683133,0.8185935504810175,0.0,0.0
6197,genu of corpus callosum,ccg,4,True,6,6,6,6,232.28878402012865,377.8627746156282,216.96540278637684,328.4275531724202,191.03861768562038,215.99050481136493,77.99118908273404,88.17775434566651,-145.57399059549957,-366.0229069034336,62.39614223076009,0.6147437631463402,-0.7019429017857923,-2.0244068328065317,0.29525521226693446,0.24687531246875313,0.8481592630210664,0.0,0.0
6199,"corpus callosum, rostrum",ccr,4,False,6,6,0,0,,,,,,,,,,,,,,,,,,,
6201,"corpus callosum, splenium",ccs,4,True,6,6,6,6,539.717909085422,983.1071749318513,493.6793354037061,996.2245422301319,386.1699480868775,329.4349696262247,157.6532211349865,134.49126316892088,-443.38926584642934,-797.5557378591024,-59.4263492618296,0.5489919337867054,-0.8651431426904201,-1.8584966015943218,-0.10876520690989522,0.06329367063293671,0.8185935504810175,0.0,0.0
6184,cuneocerebellar tract,cct,5,False,6,6,0,0,,,,,,,,,,,,,,,,,,,
6152,cervicothalamic tract,cett,4,False,6,6,6,6,179.80914883084415,390.5857538178023,179.1959395779221,370.37028297374485,132.67662589197053,121.21920984240928,54.16500570491048,49.48753518954387,-210.77660498695815,-343.0343339050925,-79.81457053713346,0.46035767324662913,-1.1191729013050036,-2.2147412396725215,-0.3879399970651254,0.027297270272972702,,1.0,
6299,choroid fissure,chfl,3,False,6,6,0,0,,,,,,,,,,,,,,,,,,,
6298,choroid plexus,chpl,3,True,6,6,6,6,0.0,0.0,0.0,0.0,0.0,0.0,0.0,0.0,0.0,0.0,0.0,,,,,1.0,1.0,0.0,0.0
6143,inferior colliculus commissure,cic,5,True,6,6,6,6,349.4770757544945,574.3323696554809,139.6057461752286,551.0975539757118,467.36982084529336,411.6763099600483,190.80293037449297,168.06614976566112,-224.8552939009864,-668.4007579955822,248.49757004930999,0.6084927373397601,-0.7166880511208162,-3.484385918170107,0.7333818681958606,0.3748625137486251,0.8901935893367185,0.0,0.0
6245,cingulum bundle,cing,4,True,6,6,6,6,770.2527305392229,933.5034868117991,688.8486278404423,892.5502765503836,542.6533735762727,425.78129156662084,221.53731207696134,173.82448439356858,-163.25075627257627,-653.2645200255068,348.5350188003077,0.8251203572574456,-0.2773235195848973,-1.3289952028573797,0.5653597803848763,0.5692430756924307,0.9457680430040064,0.0,0.0
6104,cranial nerves,cm,2,False,6,6,6,6,120.84753644768732,226.33769446261147,114.33584537745682,228.09535593675832,78.00633309553119,55.90201108655195,31.84595213160527,22.821900459576753,-105.49015801492415,-171.11848056203382,-33.45510144838822,0.5339258082247985,-0.905288809046492,-1.8112418589625425,-0.261292330353142,0.024397560243975602,,1.0,
6204,cerebal peduncle,cpd,4,True,6,6,6,6,109.11515021292149,108.55980174355642,115.36796939810817,83.39589269655329,62.74224640272608,68.43944848896754,25.614414833775385,27.940287845910614,0.5553484693650717,-70.06156160578243,64.84050475829702,1.0051155995170011,0.007361436985352214,-0.9690704893794311,0.9202390098799134,0.9861013898610139,1.0,0.0,0.0
6207,corticopontine tract,cpt,4,False,6,6,0,0,,,,,,,,,,,,,,,,,,,
6206,corticorubral tract,crt,4,False,6,6,0,0,,,,,,,,,,,,,,,,,,,
6117,superior colliculus commissure,csc,4,True,6,6,6,6,229.1017753045259,264.5031319197264,93.2677933060291,189.64592102647197,398.5702686526164,276.7513560062053,162.71563080715327,112.98326797308927,-35.40135661520051,-364.6868032632756,346.09461230506787,0.8661590267069337,-0.20729616695755312,-2.9124885516338406,1.8386704613272085,0.814018598140186,1.0,0.0,0.0
16202,corticospinal tract,cst,3,False,6,6,6,6,63.50433818069004,87.91397736632318,72.30802783470918,94.3380655530616,34.0909041731205,31.887048717444237,13.91755334904382,13.017833126834526,-24.40963918563314,-58.32569590043884,9.181523631304186,0.7223463217467438,-0.46923740614815335,-1.26794289587037,0.16953022184905678,0.2238776122387761,,0.0,
6202,"corticospinal tract, subregion",cst_sub,4,True,6,6,6,6,29.445533749864637,36.263114387994044,19.239441288417922,29.471672760285713,27.60413907477548,38.67504991013749,11.26934258700381,15.78902300941821,-6.817580638129407,-42.71482680771646,26.69010259507187,0.8119968250607134,-0.3004540084598158,-1.8753777769901718,1.5977493858522007,0.7275272472752725,0.9768784749432035,0.0,0.0
6211,"corticospinal tract, crossed",cstc,4,False,6,6,0,0,,,,,,,,,,,,,,,,,,,
6212,"corticospinal tract, uncrossed",cstu,4,False,6,6,0,0,,,,,,,,,,,,,,,,,,,
6235,central tegmental bundle,ctb,3,False,6,6,0,0,,,,,,,,,,,,,,,,,,,
6205,corticotectal tract,cte,4,False,6,6,0,0,,,,,,,,,,,,,,,,,,,
6158,cuneate fascicle,cuf,6,True,6,6,6,6,22.573612984676178,45.99045830943962,20.07528230865746,45.10654807094866,24.94333150556363,41.627037288789595,10.183072445619768,16.99416681022383,-23.41684532476344,-57.20614008305892,11.418969750962896,0.49083252949542594,-1.026697229369486,-2.8983208629397446,0.6418340193901585,0.2862713728627137,0.8523845728634685,0.0,0.0
6136,efferent cochleovestibular bundle,cvb,4,False,6,6,0,0,,,,,,,,,,,,,,,,,,,
6141,dorsal acoustic stria,das,5,True,6,6,6,6,1160.6249693839766,1209.2992076164653,805.6892812067804,975.241633529736,1260.0453705162024,448.36553032518935,514.4113684201445,183.0444612581819,-48.67423823248873,-930.2556212546724,1003.8278404551559,0.9597500453767551,-0.05926937160485567,-1.767045197340592,0.9491746964413772,0.9149085091490851,1.0,0.0,0.0
6251,precommissural fornix diagonal band,db,6,False,6,6,0,0,,,,,,,,,,,,,,,,,,,
6157,dorsal column,dc,5,False,6,6,6,6,22.573612984676178,45.99045830943962,20.07528230865746,45.10654807094866,24.94333150556363,41.627037288789595,10.183072445619768,16.99416681022383,-23.41684532476344,-57.20614008305892,11.418969750962896,0.49083252949542594,-1.026697229369486,-2.8983208629397446,0.6418340193901585,0.2862713728627137,,0.0,
6154,dorsal commissure of the spinal cord,dcm,5,False,6,6,0,0,,,,,,,,,,,,,,,,,,,
6248,dorsal fornix,df,5,True,6,6,6,6,92.67975754315837,229.05169980435065,41.97802197802197,234.69534050179206,118.8622135446958,212.67303743133905,48.52529548037269,86.82340395910133,-136.37194226119226,-314.1188419243863,38.47021345752021,0.4046237492335693,-1.3053470940817453,-3.2343673469062666,0.4413788236860952,0.19858014198580143,0.8185935504810175,0.0,0.0
6256,dorsal hippocampal commissure,dhc,6,True,6,6,6,6,145.53669361855532,209.73040757116507,99.30665530246426,186.0689433892029,121.5688138097982,120.21689774030554,49.63026041156978,49.078342987348776,-64.19371395260976,-185.19678062236972,61.86803388963154,0.6939227139449117,-0.5271531041549735,-1.7668682089849441,0.5032829327551033,0.3698630136986301,0.8901935893367185,0.0,0.0
6153,dorsolateral fascicle,dl,5,False,6,6,0,0,,,,,,,,,,,,,,,,,,,
6292,dorsal longitudinal fascicle,dlf,5,False,6,6,0,0,,,,,,,,,,,,,,,,,,,
6151,dorsal roots,drt,3,False,6,6,6,6,179.80914883084415,390.5857538178023,179.1959395779221,370.37028297374485,132.67662589197053,121.21920984240928,54.16500570491048,49.48753518954387,-210.77660498695815,-343.0343339050925,-79.81457053713346,0.46035767324662913,-1.1191729013050036,-2.2147412396725215,-0.3879399970651254,0.027297270272972702,,1.0,
6177,superior cerebellar peduncle decussation,dscp,5,True,6,6,6,6,97.58189726775429,17.018676583099055,16.260162601626014,16.6147455867082,207.34371403920386,18.65692894918663,84.64771679493306,7.616659348811198,80.56322068465524,-17.20724168302571,253.85942895343499,5.733812308570522,2.519494679966233,-1.6357631101799799,4.922319531066699,0.7808219178082192,1.0,0.0,0.0
6230,doral tegmental decussation,dtd,4,True,6,6,6,6,97.6375388723359,231.9226524169161,0.0,96.38554216867466,158.70599466497762,311.6977947258396,64.79145100834408,127.25009183818011,-134.2851135445802,-407.67444539718855,108.90744899211525,0.42099181712020795,-1.2481359031986057,-3.3112147246047545,1.5212100794898205,0.4216578342165783,0.8987851214878513,0.0,0.0
6293,dorsal tegmental tract,dtt,5,False,6,6,0,0,,,,,,,,,,,,,,,,,,,
6195,external capsule,ec,5,True,6,6,6,6,893.0756980967685,943.6896504619002,853.8784146862524,845.2011372874019,478.9203710547855,329.4470699952701,195.51842275143514,134.49620312389766,-50.613952365131695,-465.7307727821633,382.24832514282315,0.9463658922821098,-0.0795300160555764,-0.8174445821022694,0.5488830224560157,0.8287171282871713,1.0,0.0,0.0
6196,"corpus callosum, extreme capsule",ee,4,True,6,6,6,6,1002.1090925077347,1365.7138996945114,936.3631900596879,1488.8428217104426,515.1267648982015,427.9645653932779,210.29962114187106,174.71580220091582,-363.6048071867767,-833.0734292128282,130.0908505297834,0.7337620952176664,-0.4466157153130869,-1.1368188018639234,0.15249929839012422,0.19888011198880112,0.8185935504810175,0.0,0.0
6308,endorhinal groove,eg,3,False,6,6,0,0,,,,,,,,,,,,,,,,,,,
6214,external medullary lamina of the thalamus,em,4,True,6,6,6,6,19.589035736845826,13.370199227673309,13.789348065251918,6.383403151805306,20.981218264834716,20.937180884174154,8.565546488467952,8.54756830309677,6.218836509172517,-15.448920185968646,27.857371712921942,1.4651266898327828,0.5510254202044995,-1.5644314384205473,3.325294550387269,0.6983301669833016,0.9654624898955888,0.0,0.0
6220,extrapyramidal fiber systems,eps,2,False,6,6,6,6,283.7391827464916,469.0465394393936,228.26114855543145,469.5310068412583,230.13895092091778,154.8149773217082,93.95383328261157,63.2029498297891,-185.30735669290198,-377.99152183218746,24.2965085574487,0.6049275687773283,-0.72516568377525,-1.8660261676554681,0.08672044959496797,0.13288671132886712,,0.0,
6221,cerebral nuclei related,epsc,3,False,6,6,6,6,135.0422885578976,62.376720151977885,90.3433529692005,60.968034344559115,133.18115227141,50.02294487691592,54.370977736810566,20.42178172996898,72.66556840591971,-16.129612903015587,188.23028412647082,2.164946926174918,1.1143316576158384,-0.30462884699347587,2.501468245550056,0.23547645235476453,,0.0,
16194,"corpus callosum, anterior forceps",fa,4,False,6,6,6,6,713.0901416900524,810.4428718142367,662.5654432981576,744.1349471765748,394.0731461083454,277.4975199779234,160.87968821644813,113.2878881389489,-97.35273012418429,-439.56770788963786,274.2526204339144,0.8798771221144152,-0.18462603442623168,-0.931768797718868,0.4702101309397413,0.630936906309369,,0.0,
6194,"corpus callosum, anterior forceps, subregion",fa_sub,5,True,6,6,6,6,363.33061320788823,553.9143250587148,293.1778602789319,504.9665550605921,246.04175907522145,285.42582798236816,100.44612752518081,116.52460632803445,-190.58371185082655,-471.405589638174,81.04815397185482,0.655932870429692,-0.608379920979676,-1.621735446226678,0.2535128968010136,0.2465753424657534,0.8481592630210664,0.0,0.0
6249,fimbria,fi,5,True,6,6,6,6,25.610155586799625,47.254063985251,16.76991285345895,48.12369442260375,23.86789329376071,26.2669507424536,9.74402663415171,10.72343773630518,-21.643908398451376,-46.90474684445309,4.315962634052139,0.5419672601026041,-0.8837223929655256,-2.4469625198904574,0.17192877427751066,0.15848415158484153,0.8185935504810175,0.0,0.0
16103,fiber tracts,fiber tracts,1,False,6,6,6,6,384.2250071084798,577.2642251236824,334.33196863381966,608.1954078394117,248.50163759497605,149.83922154208014,101.45036872561941,61.171606038990255,-193.0392180152026,-394.3933060835682,24.707818152046496,0.6655964294793381,-0.5872804005704197,-1.4604727174228131,0.06545580347724746,0.1404859514048595,,0.0,
6103,"fiber tracts, subregion",fiber tracts_sub,2,True,6,6,6,6,232.3001437239085,246.0897791113629,231.35938302717838,272.8723115748935,119.15820459054319,46.42649494877529,48.6461333188325,18.953537195066687,-13.78963538745441,-105.46240423329702,80.44923101183191,0.9439650218824643,-0.08319469260070338,-0.7634421948070516,0.4289673326637518,0.8055194480551945,1.0,0.0,0.0
6198,"corpus callosum, posterior forceps",fp,4,True,6,6,6,6,618.6378064699214,771.4676822347191,514.5553806086048,777.0738893911346,442.02221523407013,384.69792092434636,180.45481371635884,157.05226856236678,-152.82987576479763,-569.8348373293325,276.5161348415561,0.8018972417326755,-0.31851071898131716,-1.3653509209929167,0.5499297885658339,0.5238476152384761,0.930472732194461,0.0,0.0
6156,fasciculus proprius,fpr,5,False,6,6,0,0,,,,,,,,,,,,,,,,,,,
6288,fasciculus retroflexus,fr,5,True,6,6,6,6,50.542672734795474,20.382549554043983,56.78456771814207,18.719663909075962,44.925500654184816,15.324883005519569,18.34075884030411,6.2563572885620715,30.16012318075149,-3.4252661122057604,64.8330086789435,2.4797031696541416,1.3101674346050174,-0.22227414922711214,2.616960870320485,0.1474852514748525,0.8185935504810175,0.0,0.0
6254,columns of the fornix,fx,6,True,6,6,6,6,51.887429247408754,81.24149836510347,32.081535782955996,74.59203436909122,59.073583122845356,50.12816770896287,24.116689321476528,20.464738771269914,-29.354069117694713,-83.81886732864898,29.877735467999642,0.6386813425599807,-0.6468317884019008,-2.5185493526451634,0.5997249723483029,0.38316168383161686,0.8901935893367185,0.0,0.0
6252,postcommissural fornix,fxpo,5,False,6,6,6,6,49.90245777660852,78.11596088817733,30.84573913654203,71.75215044263955,56.81536584443106,48.13345221085437,23.194775978067934,19.65039957920535,-28.213503111568805,-80.5789705211416,28.739350608511256,0.6388253720394438,-0.6465064819056311,-2.5177349654182515,0.5989172895243097,0.38276172382761725,,0.0,
6250,"precommissural fornix, general",fxprg,5,False,6,6,0,0,,,,,,,,,,,,,,,,,,,
6246,fornix system,fxs,4,False,6,6,6,6,193.13475325500693,272.41088936272166,177.3861938665864,218.48673988169838,98.40432390424714,97.92268347188462,40.173397008161146,39.97676812503087,-79.27613610771473,-179.06328933635078,20.494680774424822,0.708983233771699,-0.496176584263799,-1.1891289849547104,0.1270727452574668,0.20507949205079493,,0.0,
6134,genu of the facial nerve,gVIIn,4,True,6,6,6,6,630.8549506000621,1446.2421234344745,333.98551362673714,1132.2653250364092,891.6096741406191,1342.6743096940365,363.99812522894973,548.1444915823379,-815.3871728344124,-2067.8588634247376,313.7531024127057,0.43620286007292786,-1.1969288654875565,-3.7331241431453424,0.4549363590429548,0.27507249275072493,0.8481592630210664,0.0,0.0
5001,Basic cell groups and regions,grey,1,False,6,6,6,6,439.6613691519633,553.0560821018668,363.45682109816937,515.6042132484203,240.14553656172598,137.28943150890706,98.03900476385175,56.04817571226692,-113.39471294990346,-301.2158135054056,93.15763356621056,0.7949670627995781,-0.33103300722004164,-1.0110655819628784,0.2433731479845478,0.34926507349265073,,0.0,
6159,gracile fascicle,grf,6,False,6,6,0,0,,,,,,,,,,,,,,,,,,,
6306,grooves,grv,1,False,6,6,0,0,,,,,,,,,,,,,,,,,,,
6312,grooves of the cerebellar cortex,grv of CBX,2,False,6,6,0,0,,,,,,,,,,,,,,,,,,,
6307,grooves of the cerebral cortex,grv of CTX,2,False,6,6,0,0,,,,,,,,,,,,,,,,,,,
6289,habenular commissure,hbc,5,True,6,6,6,6,87.13114999451865,125.24514308284688,82.1019365744313,56.98873078649146,77.5168590043499,153.5488998577764,31.646125170654155,62.68607586954412,-38.11399308832823,-167.92029218621673,82.80516934403902,0.6956848613034305,-0.5234941681165985,-2.1567231976537387,2.0800245002653837,0.6060393960603939,0.9457680430040064,0.0,0.0
6255,hippocampal commissures,hc,5,False,6,6,6,6,129.25383463243284,186.3169693338291,87.9744228420229,164.8582109774631,108.3261313383315,105.89271044468725,44.22395793143774,43.230518011628426,-57.06313470139625,-163.9214598550541,55.34375328419334,0.6937308775178995,-0.52755199544222,-1.777681703619488,0.49839129208051725,0.3665633436656334,,0.0,
6309,hippocampal fissure,hf,3,False,6,6,0,0,,,,,,,,,,,,,,,,,,,
6172,hypothalamohypophysial tract,hht,5,False,6,6,0,0,,,,,,,,,,,,,,,,,,,
6133,intermediate nerve,iVIIn,4,False,6,6,0,0,,,,,,,,,,,,,,,,,,,
6160,internal arcuate fibers,iaf,6,False,6,6,0,0,,,,,,,,,,,,,,,,,,,
6140,intermediate acoustic stria,ias,5,False,6,6,0,0,,,,,,,,,,,,,,,,,,,
6322,intercrural fissure,icf,3,False,6,6,0,0,,,,,,,,,,,,,,,,,,,
16182,inferior cerebellar peduncle,icp,4,False,6,6,6,6,222.98341538214535,320.52369863863953,186.45621244465812,330.8215410241491,225.29333973878838,166.29266794023277,91.97562080125466,67.88869740327488,-97.54028325649418,-292.81090446870473,110.194124050072,0.6956846446275983,-0.5234946174539563,-2.2353371934302126,0.5539865139304376,0.3862613738626137,,0.0,
6182,"inferior cerebellar peduncle, subregion",icp_sub,5,True,6,6,6,6,281.24924247194286,402.8517134425943,234.99044467022878,414.2908327431235,284.34995910236654,208.75933701969683,116.08538469701051,85.22564245666067,-121.60247097065144,-367.91900463461303,140.73110128544394,0.6981458265834593,-0.518399681210107,-2.2289257748801936,0.5576757231974617,0.39886011398860116,0.8901935893367185,0.0,0.0
6215,internal medullary lamina of the thalamus,im,4,False,6,6,0,0,,,,,,,,,,,,,,,,,,,
6203,internal capsule,int,4,True,6,6,6,6,69.57213532759842,87.85484375578665,76.40993871714255,82.01119489083715,43.301467959321,31.009386357208914,17.67775026896854,12.659528968663977,-18.28270842818823,-58.70922988148724,21.55388475117217,0.7918986859846983,-0.3366122284424529,-1.267133748803311,0.3623471175913194,0.41245875412458755,0.8972443987828705,0.0,0.0
6324,intraparafloccular fissure,ipf,3,False,6,6,0,0,,,,,,,,,,,,,,,,,,,
5580,Islands of Calleja,isl,7,False,6,6,0,0,,,,,,,,,,,,,,,,,,,
5581,Major island of Calleja,islm,7,False,6,6,0,0,,,,,,,,,,,,,,,,,,,
6185,juxtarestiform body,jrb,5,False,6,6,0,0,,,,,,,,,,,,,,,,,,,
6260,longitudinal association bundle,lab,4,False,6,6,0,0,,,,,,,,,,,,,,,,,,,
6192,lateral forebrain bundle system,lfbs,2,False,6,6,6,6,593.222536748466,798.5430062973818,519.7684675286921,759.7451903317177,386.5457111247089,234.42862074374028,157.80662575280064,95.70508365443328,-205.32046954891575,-518.071726238044,134.68325445036967,0.7428811373592403,-0.4287967000863901,-1.3001954648653837,0.2533822870325856,0.27677232276772323,,0.0,
6213,thalamus related,lfbst,3,False,6,6,6,6,1182.577152317652,1549.3277466254194,905.5587738964697,1457.1263824318034,892.5678247594502,403.48952380132204,364.38928858109443,164.7239083119679,-366.7505943077674,-1020.836687740079,394.05720690309795,0.7632840468347744,-0.38970805656841284,-1.3796218652677992,0.34197774351444915,0.38336166383361664,,0.0,
6142,lateral lemniscus,ll,5,True,6,6,6,6,125.58692511931842,213.7709517098208,101.21193164222129,181.86649966152382,88.83723254273583,117.08764300175062,36.26764831511257,47.80083008990779,-88.18402659050237,-198.6919234777091,11.06888114250188,0.5874835851869806,-0.7673795528270512,-1.8516615137728165,0.09249817066891851,0.17698230176982302,0.8185935504810175,0.0,0.0
6110,"lateral olfactory tract, body",lot,5,True,6,6,6,6,165.02969588131342,167.80209867677254,122.02705534641738,197.09642673160675,135.50676558222798,71.27432383323186,55.32040539523201,29.097620858884678,-2.7724027954591293,-107.75154803293788,112.83180159322488,0.9834781399200528,-0.02403510926655309,-1.2493263023720411,0.8556247938812319,0.9641035896410359,1.0,0.0,0.0
6111,dorsal limb,lotd,5,True,6,6,6,6,568.7976864361228,964.8714205517784,381.03996989335167,760.0804923953948,516.922722839203,485.81661554991916,211.0328179010299,198.33380277719428,-396.0737341156556,-893.4225124521865,125.01019255711621,0.5895062018842324,-0.7624211037678875,-2.1812636663444476,0.22452004102049453,0.20377962203779623,0.8185935504810175,0.0,0.0
6109,"lateral olfactory tract, general",lotg,4,False,6,6,6,6,262.9882766860557,358.1699956187802,184.94200971204657,301.04891604429747,226.16917947981284,142.90484037437838,92.33318087824821,58.34065678185121,-95.1817189327245,-278.54898657847355,108.2613701795053,0.7342554650110011,-0.4456459964210923,-1.7437668689595713,0.44143781796149484,0.3905609439056094,,0.0,
6181,middle cerebellar peduncle,mcp,4,True,6,6,6,6,113.08458476121609,169.20400652757735,85.08501518956237,179.51909571344663,110.48369579988821,91.14375621541315,45.10477993443385,37.20928266139751,-56.119421766361256,-154.40062851480477,47.5624469462557,0.6683327840867955,-0.5813614496702602,-2.2092034091011445,0.4585616292351624,0.34896510348965104,0.8901935893367185,0.0,0.0
6253,medial corticohypothalamic tract,mct,6,True,6,6,6,6,0.0,0.0,0.0,0.0,0.0,0.0,0.0,0.0,0.0,0.0,0.0,,,,,1.0,1.0,0.0,0.0
6264,medial forebrain bundle,mfb,4,True,6,6,6,6,79.6371408104366,108.87404338394568,91.07783949918732,34.889322510610356,37.694497751694016,134.2769224772425,15.388714267023012,54.818324050082914,-29.23690257350907,-137.99056992576837,63.080966313788245,0.7314612219332687,-0.4511467122836672,-1.6172370135336722,1.81700931843861,0.6547345265473453,0.9502370517665215,0.0,0.0
6241,cerebrum related,mfbc,3,False,6,6,6,6,353.29536415128774,438.51873298888205,339.1045314634728,393.0329719257987,198.79443511574874,158.7714187901519,81.15748828973376,64.81816029560157,-85.22336883759431,-266.40166007522095,108.41565761571458,0.8056562640854045,-0.3117636554818996,-1.0922768818929625,0.3652336201533204,0.4340565943405659,,0.0,
6240,medial forebrain bundle system,mfbs,2,False,6,6,6,6,317.1074343974219,393.71898039729876,303.9296910779705,353.12353960700966,178.42879871939218,141.29474983804508,72.84325204671258,57.683340072901096,-76.61154599987685,-238.25493973443741,95.96177396215604,0.8054156649431309,-0.31219456261363776,-1.0917479070200362,0.3621195404196708,0.43215678432156784,,0.0,
6286,epithalamus related,mfbse,4,False,6,6,6,6,35.24466969299946,43.21170816261256,38.25198482134891,39.06160751177764,16.202937954743554,22.151679492985124,6.6148217205160975,9.04338528391459,-7.967038469613101,-28.40084931777844,11.298023815965331,0.8156277821827393,-0.294017177141208,-1.0446437785591571,0.46076147009362733,0.46715328467153283,,0.0,
6291,midbrain related,mfbsm,4,False,6,6,0,0,,,,,,,,,,,,,,,,,,,
6279,mammillary related,mfbsma,4,False,6,6,6,6,45.77382649583351,54.95639502595643,51.4433297134055,60.656487107731394,32.79698964722635,31.29261036780309,13.38931495584117,12.775154686807367,-9.182568530122921,-41.756303632728134,23.660230341173797,0.8329117380100004,-0.2637644707032115,-1.4074153570733683,0.733066218330543,0.6245375462453755,,0.0,
6284,dorsal thalamus related,mfbst,4,False,6,6,0,0,,,,,,,,,,,,,,,,,,,
6263,hypothalamus related,mfsbshy,3,False,6,6,6,6,42.7150687810532,53.75710044984075,41.070786776813186,52.130546185746354,21.078880059669824,7.249094600907379,8.605416749253017,2.959430478231257,-11.042031668787551,-26.96517876676738,5.104342537900127,0.7945939870940293,-0.33171021868064005,-0.9743420675778934,0.13422807103218312,0.25847415258474155,,0.0,
6161,medial lemniscus,ml,5,True,6,6,6,6,187.6729649322158,407.7226826547205,187.8609544628167,388.371332186249,139.5461435222796,127.95520072357795,56.96947453379553,52.23749195136115,-220.04971772250468,-358.94164890783554,-82.87269671342678,0.460295619832234,-1.119367380929476,-2.221291881595302,-0.38494961101010844,0.027297270272972702,0.8185935504810175,1.0,0.0
6122,medial longitudinal fascicle,mlf,4,True,6,6,6,6,434.22364769051086,583.2648284261448,395.2374211891745,505.21359175093914,303.3188032717856,294.56546059388313,123.82938290125126,120.2558457171532,-149.041180735634,-457.0861398723888,165.83542412917026,0.7444708244489902,-0.42571278368579024,-1.4460788127670798,0.4744786736641805,0.40135986401359863,0.8901935893367185,0.0,0.0
6128,motor root of the trigeminal nerve,moV,4,True,6,6,6,6,157.5793876056499,350.28887486347276,85.68153886518357,301.96354651228484,149.6696782788229,261.39722497695,61.10239029160582,106.71497022883763,-192.70948725782284,-407.56035895980756,20.194401777147288,0.4498555304306123,-1.1524663356568436,-2.7377763220354825,0.14727060962728558,0.15278472152784722,0.8185935504810175,0.0,0.0
6283,mammillary peduncle,mp,5,True,6,6,6,6,60.01995410883445,58.155335331570974,25.99512591389114,58.474787088932615,95.14358752766478,1.9167572347688882,38.84220695676807,0.78251286432864,1.8646187772634732,-50.017897632588806,82.1977563244111,1.0320627293546225,0.045530661244186664,-2.735504762978004,1.2681231979210184,0.9789021097890211,1.0,0.0,0.0
6130,midbrain tract of the trigeminal nerve,mtV,5,False,6,6,0,0,,,,,,,,,,,,,,,,,,,
6216,middle thalamic commissure,mtc,4,False,6,6,0,0,,,,,,,,,,,,,,,,,,,
6282,mammillotegmental tract,mtg,5,True,6,6,6,6,27.23417055080864,90.67717357393796,0.0,80.15206327794468,55.09857281226028,77.18372160497434,22.493898157603944,31.510122396869505,-63.44300302312932,-131.4442887238651,7.586165667093437,0.30034207593162304,-1.7353214938328945,-4.781081344420876,0.2593340049385086,0.13308669133086692,0.8185935504810175,0.0,0.0
6281,mammillothalamic tract,mtt,5,True,6,6,6,6,57.51939822692904,40.77439003714746,59.73949808181092,27.601381058248418,47.830023835834055,45.2165935973371,19.526525463825074,18.45959703671213,16.74500818978158,-32.62322455950318,64.12383172523472,1.4106746458874322,0.4963852870920812,-0.989081766788762,2.2518393437566053,0.5325467453254674,0.930472732194461,0.0,0.0
6320,nodular fissure,nf,3,False,6,6,0,0,,,,,,,,,,,,,,,,,,,
6223,nigrostriatal tract,nst,4,True,6,6,6,6,135.0422885578976,62.376720151977885,90.3433529692005,60.968034344559115,133.18115227141,50.02294487691592,54.370977736810566,20.42178172996898,72.66556840591971,-16.129612903015587,188.23028412647082,2.164946926174918,1.1143316576158384,-0.30462884699347587,2.501468245550056,0.23547645235476453,0.8444038408659134,0.0,0.0
6224,nigrothalamic fibers,ntt,4,False,6,6,0,0,,,,,,,,,,,,,,,,,,,
6118,optic chiasm,och,4,True,6,6,6,6,0.0,0.0,0.0,0.0,0.0,0.0,0.0,0.0,0.0,0.0,0.0,,,,,1.0,1.0,0.0,0.0
6187,olivocerebellar tract,oct,6,False,6,6,0,0,,,,,,,,,,,,,,,,,,,
6108,olfactory nerve layer of main olfactory bulb,onl,4,True,6,6,6,6,36.42573497428045,168.12941173228896,25.710598833302875,187.13093863236998,34.2626511167675,76.76749079428748,13.9876687451801,31.340196879968207,-131.7036767580085,-187.94151639475356,-68.50966230401099,0.21665296154298597,-2.2065421371874496,-3.7767670873977965,-1.2128123531546469,0.0072992700729927005,0.49975002499750026,1.0,0.0
6119,optic tract,opt,4,True,6,6,6,6,145.0821190782871,188.4582001045055,134.9282921228721,164.99498007591149,51.43714857142366,71.38344676835455,20.999127970619448,29.14217011059891,-43.3760810262184,-112.6719788618689,15.83851710332032,0.7698371256747378,-0.377374847569069,-0.9453178284166099,0.13501296349783182,0.26747325267473254,0.8481592630210664,0.0,0.0
6218,optic radiation,or,4,True,6,6,6,6,1373.9193358781822,1787.3116934240236,1053.100523783186,1691.3499697275101,1032.6600894789694,453.8344411056476,421.5817161600491,185.2771347350034,-413.3923575458414,-1168.0564576679228,458.05108828967894,0.7687071823751741,-0.37949394661526303,-1.3633956853751676,0.3472223666091334,0.39076092390760925,0.8901935893367185,0.0,0.0
6222,pallidothalamic pathway,pap,4,False,6,6,0,0,,,,,,,,,,,,,,,,,,,
6123,posterior commissure,pc,4,True,6,6,6,6,44.19619539835076,38.73227580015585,0.0,38.77860768201486,69.79102162898766,26.04616982375496,28.492065269760705,10.633304303679418,5.463919598194913,-44.047216225272635,62.29178282087055,1.141068901460547,0.19038590888708384,-1.359383352903112,1.7255278023041905,0.8407159284071593,1.0,0.0,0.0
6313,precentral fissure,pce,3,False,6,6,0,0,,,,,,,,,,,,,,,,,,,
6314,preculminate fissure,pcf,3,False,6,6,0,0,,,,,,,,,,,,,,,,,,,
6258,perforant path,per,5,False,6,6,0,0,,,,,,,,,,,,,,,,,,,
6326,parafloccular sulcus,pfs,3,False,6,6,0,0,,,,,,,,,,,,,,,,,,,
6273,propriohypothalamic pathways,php,4,False,6,6,0,0,,,,,,,,,,,,,,,,,,,
6274,"propriohypothalamic pathways, dorsal",phpd,5,False,6,6,0,0,,,,,,,,,,,,,,,,,,,
6275,"propriohypothalamic pathways, lateral",phpl,5,False,6,6,0,0,,,,,,,,,,,,,,,,,,,
6276,"propriohypothalamic pathways, medial",phpm,5,False,6,6,0,0,,,,,,,,,,,,,,,,,,,
6277,"propriohypothalamic pathways, ventral",phpv,5,False,6,6,0,0,,,,,,,,,,,,,,,,,,,
6319,posterolateral fissure,plf,3,False,6,6,0,0,,,,,,,,,,,,,,,,,,,
6280,principal mammillary tract,pm,5,True,6,6,6,6,25.3435659468142,41.80436079903097,0.0,23.477622890682312,42.69800733351692,59.689109909192396,17.43138850012177,24.367977079737425,-16.460794852216768,-68.49279529187362,34.611708743937186,0.6062421590094416,-0.7220339120509125,-3.017694665414141,2.02521056279728,0.6583341665833417,0.9502370517665215,0.0,0.0
6325,paramedian sulcus,pms,3,False,6,6,0,0,,,,,,,,,,,,,,,,,,,
6271,premammillary commissure,pmx,4,False,6,6,0,0,,,,,,,,,,,,,,,,,,,
6266,preoptic commissure,poc,4,False,6,6,0,0,,,,,,,,,,,,,,,,,,,
6317,prepyramidal fissure,ppf,3,False,6,6,0,0,,,,,,,,,,,,,,,,,,,
6315,primary fissure,pri,3,False,6,6,0,0,,,,,,,,,,,,,,,,,,,
6316,posterior superior fissure,psf,3,False,6,6,0,0,,,,,,,,,,,,,,,,,,,
6225,pallidotegmental fascicle,ptf,4,False,6,6,0,0,,,,,,,,,,,,,,,,,,,
6278,periventricular bundle of the hypothalamus,pvbh,4,False,6,6,0,0,,,,,,,,,,,,,,,,,,,
6285,periventricular bundle of the thalamus,pvbt,5,False,6,6,0,0,,,,,,,,,,,,,,,,,,,
6209,pyramid,py,4,True,6,6,6,6,3.4320060671776957,20.085133031172152,2.967118097403689,12.583012801951767,4.252083150500845,22.855241068365192,1.735905677102167,9.330613094299565,-16.653126963994456,-36.1316071746413,-3.429012218417595,0.17087295672133304,-2.5490040085300567,-4.691211678365378,-0.7236878970820821,0.0364963503649635,0.8185935504810175,1.0,0.0
6210,pyramidal decussation,pyd,4,True,6,6,6,6,70.47454658479165,690.6170725933831,62.63892591389906,482.0983202411084,69.91806538983914,760.9454544564477,28.54393066794242,310.65468091809214,-620.1425260085914,-1214.943345453851,-129.8730157445695,0.10204576368224998,-3.2927118031729616,-5.225183453636668,-1.406361521219083,0.040995900409959006,0.8185935504810175,1.0,0.0
6188,reticulocerebellar tract,rct,6,False,6,6,0,0,,,,,,,,,,,,,,,,,,,
6328,retina,retina,1,False,6,6,0,0,,,,,,,,,,,,,,,,,,,
6310,rhinal fissure,rf,3,False,6,6,0,0,,,,,,,,,,,,,,,,,,,
6311,rhinal incisure,ri,3,False,6,6,0,0,,,,,,,,,,,,,,,,,,,
5000,root,root,0,False,6,6,6,6,0.0,0.0,0.0,0.0,0.0,0.0,0.0,0.0,0.0,0.0,0.0,,,,,1.0,,0.0,
6234,rubroreticular tract,rrt,4,False,6,6,0,0,,,,,,,,,,,,,,,,,,,
6236,retriculospinal tract,rst,3,False,6,6,0,0,,,,,,,,,,,,,,,,,,,
6237,"retriculospinal tract, lateral part",rstl,4,False,6,6,0,0,,,,,,,,,,,,,,,,,,,
6238,"retriculospinal tract, medial part",rstm,4,False,6,6,0,0,,,,,,,,,,,,,,,,,,,
16232,rubrospinal tract,rust,3,False,6,6,6,6,346.51383577575865,587.3580513277831,315.28100056225196,623.5276061430723,277.56528423855985,252.29839639776233,113.31555278250829,103.00038901616054,-240.84421555202442,-503.07457141399294,44.29197366752429,0.5899533257310913,-0.7613272749889866,-1.8710625143730906,0.13565776393753895,0.1511848815118488,,0.0,
6232,"rubrospinal tract, subregion",rust_sub,4,True,6,6,6,6,348.40471014339454,572.2914015248067,317.43218401048273,596.2071833534355,271.0526012803251,248.93460901205088,110.65676109847583,101.62712856645993,-223.88669138141216,-484.79355894905626,55.52075252128068,0.6087890001756255,-0.715985802956945,-1.8015048742051623,0.15843267485328255,0.1660833916608339,0.8185935504810175,0.0,0.0
5594,Striatum-like amygdalar nuclei,sAMY,5,False,6,6,6,6,511.204138445207,357.68078756368135,422.07268079267885,334.64663038501544,214.35034020642772,128.4336674549392,87.50815994962157,52.43282517648322,153.52335088152563,-15.74192685397146,342.34091202882877,1.429218890752393,0.5152268880357387,-0.055394627125934987,1.1026229163772627,0.1862813718628137,,0.0,
16129,sensory root of the trigeminal nerve,sV,4,False,6,6,6,6,28.266111130120795,62.781302992750774,19.617065754973513,56.92099545891905,27.770299565915362,35.34050442221811,11.337177323454306,14.427700514501137,-34.515191862629976,-69.12267601869631,-1.7587151563054337,0.4502313552393875,-1.1512615617000077,-2.819163203627994,-0.05527124414997755,0.08759124087591241,,0.0,
6129,"sensory root of the trigeminal nerve, subregion",sV_sub,5,True,6,6,6,6,4.317926931863979,5.579171367096573,4.076527885410904,4.295562366952883,4.967438130160364,4.278620953215732,2.027948124622977,1.7467396896931868,-1.2612444352325944,-5.646609284654447,3.7500504233436796,0.7739369608413817,-0.3697120349586641,-2.202382258734149,1.0464211275912894,0.6612338766123388,0.9514305622729263,0.0,0.0
16176,superior cerebelar peduncles,scp,4,False,6,6,6,6,180.51316731948188,284.4081481333497,196.85514186530207,234.82841041075187,114.46264852000698,173.90090316096246,46.72918058025888,70.99474642558472,-103.89498081386782,-259.67367273801847,43.00912556028377,0.6346975939481352,-0.6558587213160991,-1.692222784294644,0.3079251384809662,0.2410758924107589,,0.0,
6176,"superior cerebelar peduncles, subregion",scp_sub,5,True,6,6,6,6,136.38220675549016,200.62036012306908,144.12825947106614,137.0474505831229,89.5737241661971,166.5326230399323,36.56831976133158,67.9866586625153,-64.23815336757892,-205.0621017881667,68.12334706657991,0.6798024222059391,-0.5568125925278264,-1.7094731425432466,0.7797524048636939,0.41555844415558446,0.8987851214878513,0.0,0.0
6165,spinocervical tract,scrt,4,False,6,6,0,0,,,,,,,,,,,,,,,,,,,
6178,spinocerebellar tract,sct,6,False,6,6,0,0,,,,,,,,,,,,,,,,,,,
6183,dorsal spinocerebellar tract,sctd,5,True,6,6,6,6,0.0,15.550575900048132,0.0,11.934297572562453,0.0,15.778595903041737,0.0,6.4415848033369025,-15.550575900048132,-27.123052609242112,-4.090763822307445,0.0,,,,0.06309369063093691,0.8185935504810175,0.0,0.0
6180,ventral spinocerebellar tract,sctv,5,True,6,6,6,6,130.56651543361735,215.9064561800677,141.37440707328616,153.87736096666788,79.50005900658499,148.64128087690437,32.455763181214564,60.68254881035511,-85.33994074645034,-218.35191240553598,20.72296123608632,0.6047365036862253,-0.725621427924371,-1.751793898474127,0.19008782503925614,0.2556744325567443,0.8481592630210664,0.0,0.0
6191,supra-callosal cerebral white matter,scwm,2,True,6,6,6,6,1804.5760275223058,2588.173864428051,1667.6628222787244,2635.6238571658887,1112.638950911173,779.3901289318983,454.2329496129924,318.18468774085727,-783.597836905745,-1726.001593119581,258.7264639972969,0.6972391044992996,-0.520274609925843,-1.3387214003794459,0.1563200325662898,0.18518148185181482,0.8185935504810175,0.0,0.0
6318,secondary fissure,sec,3,False,6,6,0,0,,,,,,,,,,,,,,,,,,,
6170,spinohypothalamic pathway,shp,4,False,6,6,0,0,,,,,,,,,,,,,,,,,,,
6321,simple fissure,sif,3,False,6,6,0,0,,,,,,,,,,,,,,,,,,,
6287,stria medullaris,sm,5,True,6,6,6,6,13.74903128325105,39.94937752446046,11.73534689602342,39.39347299693712,12.119901845872864,35.8138588865074,4.947929209167415,14.620946665330674,-26.20034624120941,-56.56728484880359,-0.9401665640742725,0.3441613395561096,-1.5388430496976322,-3.0056591654359894,-0.06856125902909861,0.09859014098590141,0.8185935504810175,0.0,0.0
6272,supramammillary decussation,smd,4,False,6,6,0,0,,,,,,,,,,,,,,,,,,,
6226,striatonigral pathway,snp,4,False,6,6,0,0,,,,,,,,,,,,,,,,,,,
6166,spino-olivary pathway,sop,4,False,6,6,0,0,,,,,,,,,,,,,,,,,,,
6131,spinal tract of the trigeminal nerve,sptV,5,True,6,6,6,6,34.6693957483594,78.01727433431431,24.341049500576858,70.06724616460502,34.69023661752007,44.73381517684209,14.162229794889472,18.262503571872195,-43.34787858595491,-86.86630443706608,-2.0214653587348366,0.44438101746283093,-1.1701309041665464,-2.8592529696968954,-0.0529389700193773,0.08919108089191082,0.8185935504810175,0.0,0.0
6167,spinoreticular pathway,srp,4,False,6,6,0,0,,,,,,,,,,,,,,,,,,,
6162,spinothalamic tract,sst,3,False,6,6,0,0,,,,,,,,,,,,,,,,,,,
16261,stria terminalis,st,4,False,6,6,6,6,208.74486640090956,214.5185057833115,244.4436478681361,209.31510145908908,94.04694886968515,52.768176712201246,38.3945060993913,21.542517933651187,-5.773639382401939,-86.59621549961075,69.76814439882021,0.9730855882977575,-0.039361391235247935,-0.6827977859671879,0.4463388375670917,0.9093090690930907,,0.0,
6261,"stria terminalis, subregion",st_sub,5,True,6,6,6,6,196.0387920358164,203.61894393642982,233.13529533938205,202.96584356138288,99.32602222046677,44.928047393143956,40.549678770081236,18.341798542130437,-7.5801519006134015,-89.24979737848295,69.14326713625037,0.9627728552458266,-0.05473262834945908,-0.7682267345118862,0.4547804926993936,0.8611138886111389,1.0,0.0,0.0
6262,commissural branch of stria terminalis,stc,5,True,6,6,6,6,309.55819888423656,301.3375768472284,342.9318354441558,259.35680908856284,159.7912968034813,202.8349739742034,65.23452375102498,82.80703137125069,8.220622037008184,-182.82011666734553,188.09066685790924,1.0272804411683971,0.03883008219404131,-0.8648059488002399,1.0262318227326699,0.9401059894010599,1.0,0.0,0.0
6171,spinotelenchephalic pathway,step,4,False,6,6,0,0,,,,,,,,,,,,,,,,,,,
6227,subthalamic fascicle,stf,4,False,6,6,0,0,,,,,,,,,,,,,,,,,,,
6169,spinotectal pathway,stp,4,False,6,6,0,0,,,,,,,,,,,,,,,,,,,
6163,lateral spinothalamic tract,sttl,4,False,6,6,0,0,,,,,,,,,,,,,,,,,,,
6164,ventral spinothalamic tract,sttv,4,False,6,6,0,0,,,,,,,,,,,,,,,,,,,
6267,supraoptic commissures,sup,4,True,6,6,6,6,92.65904186804822,148.80131936386155,91.92204593204374,124.15271645456048,92.77398130713001,110.44128075019931,37.87481926816221,45.08746406290842,-56.14227749581333,-162.3569784448816,49.87158327138184,0.6227030933877038,-0.6833836488117067,-2.3749842744316862,0.6084436421247806,0.3524647535246475,0.8901935893367185,0.0,0.0
6268,"supraoptic commissures, anterior",supa,5,False,6,6,0,0,,,,,,,,,,,,,,,,,,,
6269,"supraoptic commissures, dorsal",supd,5,False,6,6,0,0,,,,,,,,,,,,,,,,,,,
6270,"supraoptic commissures, ventral",supv,5,False,6,6,0,0,,,,,,,,,,,,,,,,,,,
6168,spinovestibular pathway,svp,4,False,6,6,0,0,,,,,,,,,,,,,,,,,,,
6139,trapezoid body,tb,5,True,6,6,6,6,67.14567181186122,140.43300475172663,47.261760343878336,100.48213134576449,81.29720644866406,110.14663847088764,33.189445552154844,44.967176856081046,-73.28733293986541,-174.68413312955306,24.636943299758357,0.4781331278253922,-1.0645157274915042,-3.068767304895193,0.38751176217411,0.20587941205879412,0.8185935504810175,0.0,0.0
6189,trigeminocerebellar tract,tct,4,False,6,6,0,0,,,,,,,,,,,,,,,,,,,
6105,terminal nerve,tn,3,False,6,6,0,0,,,,,,,,,,,,,,,,,,,
6217,thalamic peduncles,tp,4,False,6,6,0,0,,,,,,,,,,,,,,,,,,,
6147,solitary tract,ts,4,True,6,6,6,6,455.8693785972964,123.43087429135687,461.2834315987353,129.5014357414201,361.60999675004246,108.57857336558631,147.6266629878479,44.32701695750574,332.43850430593955,55.885594631071505,609.223780171692,3.6933172612973886,1.8849171974584504,0.43316915078478296,3.469256699416786,0.0532946705329467,0.8185935504810175,0.0,0.0
6228,tectospinal pathway,tsp,3,False,6,6,6,6,237.07698063749717,414.565738157901,148.14478526077522,479.6774223402954,216.11803507795787,152.09672961413455,88.22981835898548,62.09322985011484,-177.48875752040385,-361.38948018483563,20.191794698386445,0.571868243842183,-0.8062453007702352,-2.2125481288098774,0.0824469430881142,0.12098790120987901,,0.0,
6231,crossed tectospinal pathway,tspc,4,True,6,6,6,6,239.6018087037196,417.97624711171943,147.33327377313356,488.85719022147407,218.96862140803105,156.61075725228358,89.39356535505752,63.936073916495815,-178.37443840799983,-365.0635140168167,23.089902149614932,0.5732426432348852,-0.8027821599293581,-2.2276683125285843,0.09470673911017606,0.11998800119988001,0.8185935504810175,0.0,0.0
6229,direct tectospinal pathway,tspd,4,False,6,6,0,0,,,,,,,,,,,,,,,,,,,
6120,tectothalamic pathway,ttp,4,False,6,6,0,0,,,,,,,,,,,,,,,,,,,
6179,uncinate fascicle,uf,5,True,6,6,6,6,892.3896709576426,1519.4901171428817,842.8928392946382,942.6397630535841,682.3581787235322,1319.317020834792,278.57155994791714,538.6089183356806,-627.1004461852391,-1767.1111387073104,405.3535647026724,0.587295475560983,-0.7678415713222,-2.0510748888959505,0.6418588096790485,0.3384661533846615,0.8901935893367185,0.0,0.0
6137,vestibular nerve,vVIIIn,4,True,6,6,6,6,1176.5532234166021,1377.7630535884443,1110.357947719489,1478.4908961477447,913.5936080137792,366.5448830218021,372.973028650338,149.64132187192737,-201.2098301718422,-897.3579759111849,535.8199531877912,0.8539590464065774,-0.22776121118077608,-1.3906417311793333,0.5154321702274802,0.620937906209379,0.9457680430040064,0.0,0.0
6155,ventral commissure of the spinal cord,vc,5,False,6,6,0,0,,,,,,,,,,,,,,,,,,,
6257,ventral hippocampal commissure,vhc,6,True,6,6,6,6,5.575488418625672,12.903455572549069,0.0,5.690912324382001,9.434534793960593,17.880289289588298,3.8516327009562463,7.299597535473743,-7.327967153923397,-22.615611347050532,5.961352849221375,0.43209265822459353,-1.210587376880231,-3.3943439715916797,1.555400739765492,0.5042495750424958,0.9207766723327667,0.0,0.0
6265,ventrolateral hypothalamic tract,vlt,4,False,6,6,0,0,,,,,,,,,,,,,,,,,,,
6106,vomeronasal nerve,von,3,True,6,6,6,6,221.30545817591465,251.68883559710648,237.50112521379057,119.81004822705516,208.21948319986043,360.3660602961549,85.00524805761208,147.11882805710263,-30.383377421191824,-367.3136726138211,235.81055984164865,0.8792819818602191,-0.18560218936773626,-1.988400294715639,1.7735622970877174,0.8932106789321068,1.0,0.0,0.0
6150,ventral roots,vrt,3,False,6,6,0,0,,,,,,,,,,,,,,,,,,,
6239,vestibulospinal pathway,vsp,3,False,6,6,0,0,,,,,,,,,,,,,,,,,,,
6233,ventral tegmental decussation,vtd,4,True,6,6,6,6,325.4195270896831,782.3329571645177,137.74733463695026,785.7286160573539,401.14732236997196,560.4914242696377,163.76770858169724,228.81966577773537,-456.9134300748346,-966.3784813521773,38.71340404175118,0.41596039654155875,-1.265481918523268,-3.304912331171972,0.11407998397291906,0.12688731126887312,0.8185935504810175,0.0,0.0
6008,Nucleus x,x,6,True,6,6,6,6,77.34443343670257,151.06265598279708,33.80461477177756,110.73857649200113,139.68209754476226,107.38685731255681,57.024977531055754,43.84050091613811,-73.71822254609451,-193.08907902132475,62.50097696538201,0.512002340575228,-0.9657776894891261,-3.951003339411515,0.6640168362284262,0.27987201279872015,0.8481592630210664,0.0,0.0
6010,Nucleus y,y,6,True,6,6,6,6,128.22482922412777,149.25949199679437,39.07203907203906,87.88675086886494,171.12815800157327,204.51536833564683,69.86277795437213,83.49304949661509,-21.034662772666593,-218.96682016073052,158.0043285877843,0.8590731986873013,-0.21914703117904855,-2.88559002015948,2.173358002835648,0.8548145185481452,1.0,0.0,0.0
5965,Nucleus z,z,6,False,6,6,0,0,,,,,,,,,,,,,,,,,,,
